
 /----------------------------------------------------------------------------\
 |  yosys -- Yosys Open SYnthesis Suite                                       |
 |  Copyright (C) 2012 - 2026  Claire Xenia Wolf <claire@yosyshq.com>         |
 |  Distributed under an ISC-like license, type "license" to see terms        |
 \----------------------------------------------------------------------------/
 Yosys 0.68+post (git sha1 c12172fbae8af5e20f6fb52e3d4e92d56ed587b6, Release, AppleClang clang++ 21.0.0.21000101)

-- Running command `read_verilog -sv rtl/*.v; hierarchy -check -top minirisc_cpu; synth -top minirisc_cpu; flatten; opt; check; stat; ltp -noff' --

1. Executing Verilog-2005 frontend: rtl/alu.v
Parsing SystemVerilog input from `rtl/alu.v' to AST representation.
Generating RTLIL representation for module `\alu'.
Successfully finished Verilog frontend.

2. Executing Verilog-2005 frontend: rtl/and_gate.v
Parsing SystemVerilog input from `rtl/and_gate.v' to AST representation.
Generating RTLIL representation for module `\and_gate'.
Successfully finished Verilog frontend.

3. Executing Verilog-2005 frontend: rtl/control_fsm.v
Parsing SystemVerilog input from `rtl/control_fsm.v' to AST representation.
Generating RTLIL representation for module `\control_fsm'.
Successfully finished Verilog frontend.

4. Executing Verilog-2005 frontend: rtl/control_unit.v
Parsing SystemVerilog input from `rtl/control_unit.v' to AST representation.
Generating RTLIL representation for module `\control_unit'.
Successfully finished Verilog frontend.

5. Executing Verilog-2005 frontend: rtl/data_memory.v
Parsing SystemVerilog input from `rtl/data_memory.v' to AST representation.
Generating RTLIL representation for module `\data_memory'.
Successfully finished Verilog frontend.

6. Executing Verilog-2005 frontend: rtl/instruction_decoder.v
Parsing SystemVerilog input from `rtl/instruction_decoder.v' to AST representation.
Generating RTLIL representation for module `\instruction_decoder'.
Successfully finished Verilog frontend.

7. Executing Verilog-2005 frontend: rtl/instruction_memory.v
Parsing SystemVerilog input from `rtl/instruction_memory.v' to AST representation.
Generating RTLIL representation for module `\instruction_memory'.
Successfully finished Verilog frontend.

8. Executing Verilog-2005 frontend: rtl/instruction_register.v
Parsing SystemVerilog input from `rtl/instruction_register.v' to AST representation.
Generating RTLIL representation for module `\instruction_register'.
Successfully finished Verilog frontend.

9. Executing Verilog-2005 frontend: rtl/minirisc_cpu.v
Parsing SystemVerilog input from `rtl/minirisc_cpu.v' to AST representation.
Generating RTLIL representation for module `\minirisc_cpu'.
Successfully finished Verilog frontend.

10. Executing Verilog-2005 frontend: rtl/program_counter.v
Parsing SystemVerilog input from `rtl/program_counter.v' to AST representation.
Generating RTLIL representation for module `\program_counter'.
Successfully finished Verilog frontend.

11. Executing Verilog-2005 frontend: rtl/register_file.v
Parsing SystemVerilog input from `rtl/register_file.v' to AST representation.
Generating RTLIL representation for module `\register_file'.
Successfully finished Verilog frontend.

12. Executing Verilog-2005 frontend: rtl/status_register.v
Parsing SystemVerilog input from `rtl/status_register.v' to AST representation.
Generating RTLIL representation for module `\status_register'.
Successfully finished Verilog frontend.

13. Executing HIERARCHY pass (managing design hierarchy).

13.1. Analyzing design hierarchy..
Top module:  \minirisc_cpu
Used module:     \data_memory
Used module:     \status_register
Used module:     \alu
Used module:     \register_file
Used module:     \control_fsm
Used module:     \control_unit
Used module:     \instruction_decoder
Used module:     \instruction_register
Used module:     \instruction_memory
Used module:     \program_counter
Parameter \MEM_FILE = 248'01110000011100100110111101100111011100100110000101101101011100110010111101110100011001010111001101110100010111110111000001110010011011110110011101110010011000010110110101011111011100110111100101101110011101000110100000101110011011010110010101101101

13.2. Executing AST frontend in derive mode using pre-parsed AST for module `\instruction_memory'.
Parameter \MEM_FILE = 248'01110000011100100110111101100111011100100110000101101101011100110010111101110100011001010111001101110100010111110111000001110010011011110110011101110010011000010110110101011111011100110111100101101110011101000110100000101110011011010110010101101101
Generating RTLIL representation for module `$paramod$815189997191ad7514d6e5f1f0b96020469174b2\instruction_memory'.

13.3. Analyzing design hierarchy..
Top module:  \minirisc_cpu
Used module:     \data_memory
Used module:     \status_register
Used module:     \alu
Used module:     \register_file
Used module:     \control_fsm
Used module:     \control_unit
Used module:     \instruction_decoder
Used module:     \instruction_register
Used module:     $paramod$815189997191ad7514d6e5f1f0b96020469174b2\instruction_memory
Used module:     \program_counter

13.4. Analyzing design hierarchy..
Top module:  \minirisc_cpu
Used module:     \data_memory
Used module:     \status_register
Used module:     \alu
Used module:     \register_file
Used module:     \control_fsm
Used module:     \control_unit
Used module:     \instruction_decoder
Used module:     \instruction_register
Used module:     $paramod$815189997191ad7514d6e5f1f0b96020469174b2\instruction_memory
Used module:     \program_counter
Removing unused module `\instruction_memory'.
Removing unused module `\and_gate'.
Removed 2 unused modules.

14. Executing SYNTH pass.

14.1. Executing HIERARCHY pass (managing design hierarchy).

14.1.1. Analyzing design hierarchy..
Top module:  \minirisc_cpu
Used module:     \data_memory
Used module:     \status_register
Used module:     \alu
Used module:     \register_file
Used module:     \control_fsm
Used module:     \control_unit
Used module:     \instruction_decoder
Used module:     \instruction_register
Used module:     $paramod$815189997191ad7514d6e5f1f0b96020469174b2\instruction_memory
Used module:     \program_counter

14.1.2. Analyzing design hierarchy..
Top module:  \minirisc_cpu
Used module:     \data_memory
Used module:     \status_register
Used module:     \alu
Used module:     \register_file
Used module:     \control_fsm
Used module:     \control_unit
Used module:     \instruction_decoder
Used module:     \instruction_register
Used module:     $paramod$815189997191ad7514d6e5f1f0b96020469174b2\instruction_memory
Used module:     \program_counter
Removed 0 unused modules.

14.2. Executing PROC pass (convert processes to netlists).

14.2.1. Executing PROC_CLEAN pass (remove empty switches from decision trees).
Removing empty process `$paramod$815189997191ad7514d6e5f1f0b96020469174b2\instruction_memory.$proc$rtl/instruction_memory.v:10$851'.
Cleaned up 0 empty switches.

14.2.2. Executing PROC_RMDEAD pass (remove dead branches from decision trees).
Marked 2 switch rules as full_case in process $proc$rtl/register_file.v:23$822 in module register_file.
Marked 2 switch rules as full_case in process $proc$rtl/program_counter.v:10$808 in module program_counter.
Removed 1 dead cases from process $proc$rtl/minirisc_cpu.v:305$801 in module minirisc_cpu.
Marked 1 switch rules as full_case in process $proc$rtl/minirisc_cpu.v:305$801 in module minirisc_cpu.
Marked 1 switch rules as full_case in process $proc$rtl/instruction_register.v:10$800 in module instruction_register.
Marked 1 switch rules as full_case in process $proc$rtl/data_memory.v:32$277 in module data_memory.
Removed 1 dead cases from process $proc$rtl/control_unit.v:19$16 in module control_unit.
Marked 1 switch rules as full_case in process $proc$rtl/control_unit.v:19$16 in module control_unit.
Marked 2 switch rules as full_case in process $proc$rtl/control_fsm.v:40$10 in module control_fsm.
Marked 1 switch rules as full_case in process $proc$rtl/control_fsm.v:26$9 in module control_fsm.
Marked 1 switch rules as full_case in process $proc$rtl/status_register.v:13$848 in module status_register.
Marked 1 switch rules as full_case in process $proc$rtl/alu.v:10$1 in module alu.
Removed a total of 2 dead cases.

14.2.3. Executing PROC_PRUNE pass (remove redundant assignments in processes).
Removed 1 redundant assignment.
Promoted 286 assignments to connections.

14.2.4. Executing PROC_INIT pass (extract init attributes).

14.2.5. Executing PROC_ARST pass (detect async resets in processes).

14.2.6. Executing PROC_ROM pass (convert switches to ROMs).
Converted 1 switch.
<suppressed ~15 debug messages>

14.2.7. Executing PROC_MUX pass (convert decision trees to multiplexers).
Creating decoders for process `\register_file.$proc$rtl/register_file.v:23$822'.
     1/15: $2$memwr$\registers$rtl/register_file.v:34$819_EN[7:0]$847
     2/15: $2$memwr$\registers$rtl/register_file.v:34$819_DATA[7:0]$846
     3/15: $2$memwr$\registers$rtl/register_file.v:34$819_ADDR[2:0]$845
     4/15: $1\i[31:0]
     5/15: $1$memwr$\registers$rtl/register_file.v:28$818_EN[7:0]$841
     6/15: $1$memwr$\registers$rtl/register_file.v:28$817_EN[7:0]$840
     7/15: $1$memwr$\registers$rtl/register_file.v:28$816_EN[7:0]$839
     8/15: $1$memwr$\registers$rtl/register_file.v:28$815_EN[7:0]$838
     9/15: $1$memwr$\registers$rtl/register_file.v:28$814_EN[7:0]$837
    10/15: $1$memwr$\registers$rtl/register_file.v:28$813_EN[7:0]$836
    11/15: $1$memwr$\registers$rtl/register_file.v:28$812_EN[7:0]$835
    12/15: $1$memwr$\registers$rtl/register_file.v:28$811_EN[7:0]$834
    13/15: $1$memwr$\registers$rtl/register_file.v:34$819_EN[7:0]$844
    14/15: $1$memwr$\registers$rtl/register_file.v:34$819_DATA[7:0]$843
    15/15: $1$memwr$\registers$rtl/register_file.v:34$819_ADDR[2:0]$842
Creating decoders for process `\program_counter.$proc$rtl/program_counter.v:10$808'.
     1/1: $0\pc[7:0]
Creating decoders for process `\minirisc_cpu.$proc$rtl/minirisc_cpu.v:305$801'.
     1/1: $1\writeback_data[7:0]
Creating decoders for process `\instruction_register.$proc$rtl/instruction_register.v:10$800'.
     1/1: $0\instruction_out[15:0]
Creating decoders for process `\data_memory.$proc$rtl/data_memory.v:19$540'.
Creating decoders for process `\data_memory.$proc$rtl/data_memory.v:32$277'.
     1/3: $1$memwr$\memory$rtl/data_memory.v:35$274_EN[7:0]$283
     2/3: $1$memwr$\memory$rtl/data_memory.v:35$274_DATA[7:0]$282
     3/3: $1$memwr$\memory$rtl/data_memory.v:35$274_ADDR[7:0]$281
Creating decoders for process `\control_unit.$proc$rtl/control_unit.v:19$16'.
     1/1: { $1\halt[0:0] $1\jump_zero[0:0] $1\jump[0:0] $1\mem_write_req[0:0] $1\mem_read_req[0:0] $1\flag_write_req[0:0] $1\reg_write_req[0:0] $1\wb_sel[1:0] $1\alu_op[2:0] }
Creating decoders for process `\control_fsm.$proc$rtl/control_fsm.v:40$10'.
     1/2: $2\next_state[2:0]
     2/2: $1\next_state[2:0]
Creating decoders for process `\control_fsm.$proc$rtl/control_fsm.v:26$9'.
     1/1: $0\state[2:0]
Creating decoders for process `\status_register.$proc$rtl/status_register.v:13$848'.
     1/2: $0\carry_flag[0:0]
     2/2: $0\zero_flag[0:0]
Creating decoders for process `\alu.$proc$rtl/alu.v:10$1'.
     1/2: $1\carry[0:0]
     2/2: $1\result[7:0]

14.2.8. Executing PROC_DLATCH pass (convert process syncs to latches).
No latch inferred for signal `\minirisc_cpu.\writeback_data' from process `\minirisc_cpu.$proc$rtl/minirisc_cpu.v:305$801'.
No latch inferred for signal `\data_memory.\i' from process `\data_memory.$proc$rtl/data_memory.v:19$540'.
No latch inferred for signal `\data_memory.$memwr$\memory$rtl/data_memory.v:21$18_EN' from process `\data_memory.$proc$rtl/data_memory.v:19$540'.
No latch inferred for signal `\data_memory.$memwr$\memory$rtl/data_memory.v:21$19_EN' from process `\data_memory.$proc$rtl/data_memory.v:19$540'.
No latch inferred for signal `\data_memory.$memwr$\memory$rtl/data_memory.v:21$20_EN' from process `\data_memory.$proc$rtl/data_memory.v:19$540'.
No latch inferred for signal `\data_memory.$memwr$\memory$rtl/data_memory.v:21$21_EN' from process `\data_memory.$proc$rtl/data_memory.v:19$540'.
No latch inferred for signal `\data_memory.$memwr$\memory$rtl/data_memory.v:21$22_EN' from process `\data_memory.$proc$rtl/data_memory.v:19$540'.
No latch inferred for signal `\data_memory.$memwr$\memory$rtl/data_memory.v:21$23_EN' from process `\data_memory.$proc$rtl/data_memory.v:19$540'.
No latch inferred for signal `\data_memory.$memwr$\memory$rtl/data_memory.v:21$24_EN' from process `\data_memory.$proc$rtl/data_memory.v:19$540'.
No latch inferred for signal `\data_memory.$memwr$\memory$rtl/data_memory.v:21$25_EN' from process `\data_memory.$proc$rtl/data_memory.v:19$540'.
No latch inferred for signal `\data_memory.$memwr$\memory$rtl/data_memory.v:21$26_EN' from process `\data_memory.$proc$rtl/data_memory.v:19$540'.
No latch inferred for signal `\data_memory.$memwr$\memory$rtl/data_memory.v:21$27_EN' from process `\data_memory.$proc$rtl/data_memory.v:19$540'.
No latch inferred for signal `\data_memory.$memwr$\memory$rtl/data_memory.v:21$28_EN' from process `\data_memory.$proc$rtl/data_memory.v:19$540'.
No latch inferred for signal `\data_memory.$memwr$\memory$rtl/data_memory.v:21$29_EN' from process `\data_memory.$proc$rtl/data_memory.v:19$540'.
No latch inferred for signal `\data_memory.$memwr$\memory$rtl/data_memory.v:21$30_EN' from process `\data_memory.$proc$rtl/data_memory.v:19$540'.
No latch inferred for signal `\data_memory.$memwr$\memory$rtl/data_memory.v:21$31_EN' from process `\data_memory.$proc$rtl/data_memory.v:19$540'.
No latch inferred for signal `\data_memory.$memwr$\memory$rtl/data_memory.v:21$32_EN' from process `\data_memory.$proc$rtl/data_memory.v:19$540'.
No latch inferred for signal `\data_memory.$memwr$\memory$rtl/data_memory.v:21$33_EN' from process `\data_memory.$proc$rtl/data_memory.v:19$540'.
No latch inferred for signal `\data_memory.$memwr$\memory$rtl/data_memory.v:21$34_EN' from process `\data_memory.$proc$rtl/data_memory.v:19$540'.
No latch inferred for signal `\data_memory.$memwr$\memory$rtl/data_memory.v:21$35_EN' from process `\data_memory.$proc$rtl/data_memory.v:19$540'.
No latch inferred for signal `\data_memory.$memwr$\memory$rtl/data_memory.v:21$36_EN' from process `\data_memory.$proc$rtl/data_memory.v:19$540'.
No latch inferred for signal `\data_memory.$memwr$\memory$rtl/data_memory.v:21$37_EN' from process `\data_memory.$proc$rtl/data_memory.v:19$540'.
No latch inferred for signal `\data_memory.$memwr$\memory$rtl/data_memory.v:21$38_EN' from process `\data_memory.$proc$rtl/data_memory.v:19$540'.
No latch inferred for signal `\data_memory.$memwr$\memory$rtl/data_memory.v:21$39_EN' from process `\data_memory.$proc$rtl/data_memory.v:19$540'.
No latch inferred for signal `\data_memory.$memwr$\memory$rtl/data_memory.v:21$40_EN' from process `\data_memory.$proc$rtl/data_memory.v:19$540'.
No latch inferred for signal `\data_memory.$memwr$\memory$rtl/data_memory.v:21$41_EN' from process `\data_memory.$proc$rtl/data_memory.v:19$540'.
No latch inferred for signal `\data_memory.$memwr$\memory$rtl/data_memory.v:21$42_EN' from process `\data_memory.$proc$rtl/data_memory.v:19$540'.
No latch inferred for signal `\data_memory.$memwr$\memory$rtl/data_memory.v:21$43_EN' from process `\data_memory.$proc$rtl/data_memory.v:19$540'.
No latch inferred for signal `\data_memory.$memwr$\memory$rtl/data_memory.v:21$44_EN' from process `\data_memory.$proc$rtl/data_memory.v:19$540'.
No latch inferred for signal `\data_memory.$memwr$\memory$rtl/data_memory.v:21$45_EN' from process `\data_memory.$proc$rtl/data_memory.v:19$540'.
No latch inferred for signal `\data_memory.$memwr$\memory$rtl/data_memory.v:21$46_EN' from process `\data_memory.$proc$rtl/data_memory.v:19$540'.
No latch inferred for signal `\data_memory.$memwr$\memory$rtl/data_memory.v:21$47_EN' from process `\data_memory.$proc$rtl/data_memory.v:19$540'.
No latch inferred for signal `\data_memory.$memwr$\memory$rtl/data_memory.v:21$48_EN' from process `\data_memory.$proc$rtl/data_memory.v:19$540'.
No latch inferred for signal `\data_memory.$memwr$\memory$rtl/data_memory.v:21$49_EN' from process `\data_memory.$proc$rtl/data_memory.v:19$540'.
No latch inferred for signal `\data_memory.$memwr$\memory$rtl/data_memory.v:21$50_EN' from process `\data_memory.$proc$rtl/data_memory.v:19$540'.
No latch inferred for signal `\data_memory.$memwr$\memory$rtl/data_memory.v:21$51_EN' from process `\data_memory.$proc$rtl/data_memory.v:19$540'.
No latch inferred for signal `\data_memory.$memwr$\memory$rtl/data_memory.v:21$52_EN' from process `\data_memory.$proc$rtl/data_memory.v:19$540'.
No latch inferred for signal `\data_memory.$memwr$\memory$rtl/data_memory.v:21$53_EN' from process `\data_memory.$proc$rtl/data_memory.v:19$540'.
No latch inferred for signal `\data_memory.$memwr$\memory$rtl/data_memory.v:21$54_EN' from process `\data_memory.$proc$rtl/data_memory.v:19$540'.
No latch inferred for signal `\data_memory.$memwr$\memory$rtl/data_memory.v:21$55_EN' from process `\data_memory.$proc$rtl/data_memory.v:19$540'.
No latch inferred for signal `\data_memory.$memwr$\memory$rtl/data_memory.v:21$56_EN' from process `\data_memory.$proc$rtl/data_memory.v:19$540'.
No latch inferred for signal `\data_memory.$memwr$\memory$rtl/data_memory.v:21$57_EN' from process `\data_memory.$proc$rtl/data_memory.v:19$540'.
No latch inferred for signal `\data_memory.$memwr$\memory$rtl/data_memory.v:21$58_EN' from process `\data_memory.$proc$rtl/data_memory.v:19$540'.
No latch inferred for signal `\data_memory.$memwr$\memory$rtl/data_memory.v:21$59_EN' from process `\data_memory.$proc$rtl/data_memory.v:19$540'.
No latch inferred for signal `\data_memory.$memwr$\memory$rtl/data_memory.v:21$60_EN' from process `\data_memory.$proc$rtl/data_memory.v:19$540'.
No latch inferred for signal `\data_memory.$memwr$\memory$rtl/data_memory.v:21$61_EN' from process `\data_memory.$proc$rtl/data_memory.v:19$540'.
No latch inferred for signal `\data_memory.$memwr$\memory$rtl/data_memory.v:21$62_EN' from process `\data_memory.$proc$rtl/data_memory.v:19$540'.
No latch inferred for signal `\data_memory.$memwr$\memory$rtl/data_memory.v:21$63_EN' from process `\data_memory.$proc$rtl/data_memory.v:19$540'.
No latch inferred for signal `\data_memory.$memwr$\memory$rtl/data_memory.v:21$64_EN' from process `\data_memory.$proc$rtl/data_memory.v:19$540'.
No latch inferred for signal `\data_memory.$memwr$\memory$rtl/data_memory.v:21$65_EN' from process `\data_memory.$proc$rtl/data_memory.v:19$540'.
No latch inferred for signal `\data_memory.$memwr$\memory$rtl/data_memory.v:21$66_EN' from process `\data_memory.$proc$rtl/data_memory.v:19$540'.
No latch inferred for signal `\data_memory.$memwr$\memory$rtl/data_memory.v:21$67_EN' from process `\data_memory.$proc$rtl/data_memory.v:19$540'.
No latch inferred for signal `\data_memory.$memwr$\memory$rtl/data_memory.v:21$68_EN' from process `\data_memory.$proc$rtl/data_memory.v:19$540'.
No latch inferred for signal `\data_memory.$memwr$\memory$rtl/data_memory.v:21$69_EN' from process `\data_memory.$proc$rtl/data_memory.v:19$540'.
No latch inferred for signal `\data_memory.$memwr$\memory$rtl/data_memory.v:21$70_EN' from process `\data_memory.$proc$rtl/data_memory.v:19$540'.
No latch inferred for signal `\data_memory.$memwr$\memory$rtl/data_memory.v:21$71_EN' from process `\data_memory.$proc$rtl/data_memory.v:19$540'.
No latch inferred for signal `\data_memory.$memwr$\memory$rtl/data_memory.v:21$72_EN' from process `\data_memory.$proc$rtl/data_memory.v:19$540'.
No latch inferred for signal `\data_memory.$memwr$\memory$rtl/data_memory.v:21$73_EN' from process `\data_memory.$proc$rtl/data_memory.v:19$540'.
No latch inferred for signal `\data_memory.$memwr$\memory$rtl/data_memory.v:21$74_EN' from process `\data_memory.$proc$rtl/data_memory.v:19$540'.
No latch inferred for signal `\data_memory.$memwr$\memory$rtl/data_memory.v:21$75_EN' from process `\data_memory.$proc$rtl/data_memory.v:19$540'.
No latch inferred for signal `\data_memory.$memwr$\memory$rtl/data_memory.v:21$76_EN' from process `\data_memory.$proc$rtl/data_memory.v:19$540'.
No latch inferred for signal `\data_memory.$memwr$\memory$rtl/data_memory.v:21$77_EN' from process `\data_memory.$proc$rtl/data_memory.v:19$540'.
No latch inferred for signal `\data_memory.$memwr$\memory$rtl/data_memory.v:21$78_EN' from process `\data_memory.$proc$rtl/data_memory.v:19$540'.
No latch inferred for signal `\data_memory.$memwr$\memory$rtl/data_memory.v:21$79_EN' from process `\data_memory.$proc$rtl/data_memory.v:19$540'.
No latch inferred for signal `\data_memory.$memwr$\memory$rtl/data_memory.v:21$80_EN' from process `\data_memory.$proc$rtl/data_memory.v:19$540'.
No latch inferred for signal `\data_memory.$memwr$\memory$rtl/data_memory.v:21$81_EN' from process `\data_memory.$proc$rtl/data_memory.v:19$540'.
No latch inferred for signal `\data_memory.$memwr$\memory$rtl/data_memory.v:21$82_EN' from process `\data_memory.$proc$rtl/data_memory.v:19$540'.
No latch inferred for signal `\data_memory.$memwr$\memory$rtl/data_memory.v:21$83_EN' from process `\data_memory.$proc$rtl/data_memory.v:19$540'.
No latch inferred for signal `\data_memory.$memwr$\memory$rtl/data_memory.v:21$84_EN' from process `\data_memory.$proc$rtl/data_memory.v:19$540'.
No latch inferred for signal `\data_memory.$memwr$\memory$rtl/data_memory.v:21$85_EN' from process `\data_memory.$proc$rtl/data_memory.v:19$540'.
No latch inferred for signal `\data_memory.$memwr$\memory$rtl/data_memory.v:21$86_EN' from process `\data_memory.$proc$rtl/data_memory.v:19$540'.
No latch inferred for signal `\data_memory.$memwr$\memory$rtl/data_memory.v:21$87_EN' from process `\data_memory.$proc$rtl/data_memory.v:19$540'.
No latch inferred for signal `\data_memory.$memwr$\memory$rtl/data_memory.v:21$88_EN' from process `\data_memory.$proc$rtl/data_memory.v:19$540'.
No latch inferred for signal `\data_memory.$memwr$\memory$rtl/data_memory.v:21$89_EN' from process `\data_memory.$proc$rtl/data_memory.v:19$540'.
No latch inferred for signal `\data_memory.$memwr$\memory$rtl/data_memory.v:21$90_EN' from process `\data_memory.$proc$rtl/data_memory.v:19$540'.
No latch inferred for signal `\data_memory.$memwr$\memory$rtl/data_memory.v:21$91_EN' from process `\data_memory.$proc$rtl/data_memory.v:19$540'.
No latch inferred for signal `\data_memory.$memwr$\memory$rtl/data_memory.v:21$92_EN' from process `\data_memory.$proc$rtl/data_memory.v:19$540'.
No latch inferred for signal `\data_memory.$memwr$\memory$rtl/data_memory.v:21$93_EN' from process `\data_memory.$proc$rtl/data_memory.v:19$540'.
No latch inferred for signal `\data_memory.$memwr$\memory$rtl/data_memory.v:21$94_EN' from process `\data_memory.$proc$rtl/data_memory.v:19$540'.
No latch inferred for signal `\data_memory.$memwr$\memory$rtl/data_memory.v:21$95_EN' from process `\data_memory.$proc$rtl/data_memory.v:19$540'.
No latch inferred for signal `\data_memory.$memwr$\memory$rtl/data_memory.v:21$96_EN' from process `\data_memory.$proc$rtl/data_memory.v:19$540'.
No latch inferred for signal `\data_memory.$memwr$\memory$rtl/data_memory.v:21$97_EN' from process `\data_memory.$proc$rtl/data_memory.v:19$540'.
No latch inferred for signal `\data_memory.$memwr$\memory$rtl/data_memory.v:21$98_EN' from process `\data_memory.$proc$rtl/data_memory.v:19$540'.
No latch inferred for signal `\data_memory.$memwr$\memory$rtl/data_memory.v:21$99_EN' from process `\data_memory.$proc$rtl/data_memory.v:19$540'.
No latch inferred for signal `\data_memory.$memwr$\memory$rtl/data_memory.v:21$100_EN' from process `\data_memory.$proc$rtl/data_memory.v:19$540'.
No latch inferred for signal `\data_memory.$memwr$\memory$rtl/data_memory.v:21$101_EN' from process `\data_memory.$proc$rtl/data_memory.v:19$540'.
No latch inferred for signal `\data_memory.$memwr$\memory$rtl/data_memory.v:21$102_EN' from process `\data_memory.$proc$rtl/data_memory.v:19$540'.
No latch inferred for signal `\data_memory.$memwr$\memory$rtl/data_memory.v:21$103_EN' from process `\data_memory.$proc$rtl/data_memory.v:19$540'.
No latch inferred for signal `\data_memory.$memwr$\memory$rtl/data_memory.v:21$104_EN' from process `\data_memory.$proc$rtl/data_memory.v:19$540'.
No latch inferred for signal `\data_memory.$memwr$\memory$rtl/data_memory.v:21$105_EN' from process `\data_memory.$proc$rtl/data_memory.v:19$540'.
No latch inferred for signal `\data_memory.$memwr$\memory$rtl/data_memory.v:21$106_EN' from process `\data_memory.$proc$rtl/data_memory.v:19$540'.
No latch inferred for signal `\data_memory.$memwr$\memory$rtl/data_memory.v:21$107_EN' from process `\data_memory.$proc$rtl/data_memory.v:19$540'.
No latch inferred for signal `\data_memory.$memwr$\memory$rtl/data_memory.v:21$108_EN' from process `\data_memory.$proc$rtl/data_memory.v:19$540'.
No latch inferred for signal `\data_memory.$memwr$\memory$rtl/data_memory.v:21$109_EN' from process `\data_memory.$proc$rtl/data_memory.v:19$540'.
No latch inferred for signal `\data_memory.$memwr$\memory$rtl/data_memory.v:21$110_EN' from process `\data_memory.$proc$rtl/data_memory.v:19$540'.
No latch inferred for signal `\data_memory.$memwr$\memory$rtl/data_memory.v:21$111_EN' from process `\data_memory.$proc$rtl/data_memory.v:19$540'.
No latch inferred for signal `\data_memory.$memwr$\memory$rtl/data_memory.v:21$112_EN' from process `\data_memory.$proc$rtl/data_memory.v:19$540'.
No latch inferred for signal `\data_memory.$memwr$\memory$rtl/data_memory.v:21$113_EN' from process `\data_memory.$proc$rtl/data_memory.v:19$540'.
No latch inferred for signal `\data_memory.$memwr$\memory$rtl/data_memory.v:21$114_EN' from process `\data_memory.$proc$rtl/data_memory.v:19$540'.
No latch inferred for signal `\data_memory.$memwr$\memory$rtl/data_memory.v:21$115_EN' from process `\data_memory.$proc$rtl/data_memory.v:19$540'.
No latch inferred for signal `\data_memory.$memwr$\memory$rtl/data_memory.v:21$116_EN' from process `\data_memory.$proc$rtl/data_memory.v:19$540'.
No latch inferred for signal `\data_memory.$memwr$\memory$rtl/data_memory.v:21$117_EN' from process `\data_memory.$proc$rtl/data_memory.v:19$540'.
No latch inferred for signal `\data_memory.$memwr$\memory$rtl/data_memory.v:21$118_EN' from process `\data_memory.$proc$rtl/data_memory.v:19$540'.
No latch inferred for signal `\data_memory.$memwr$\memory$rtl/data_memory.v:21$119_EN' from process `\data_memory.$proc$rtl/data_memory.v:19$540'.
No latch inferred for signal `\data_memory.$memwr$\memory$rtl/data_memory.v:21$120_EN' from process `\data_memory.$proc$rtl/data_memory.v:19$540'.
No latch inferred for signal `\data_memory.$memwr$\memory$rtl/data_memory.v:21$121_EN' from process `\data_memory.$proc$rtl/data_memory.v:19$540'.
No latch inferred for signal `\data_memory.$memwr$\memory$rtl/data_memory.v:21$122_EN' from process `\data_memory.$proc$rtl/data_memory.v:19$540'.
No latch inferred for signal `\data_memory.$memwr$\memory$rtl/data_memory.v:21$123_EN' from process `\data_memory.$proc$rtl/data_memory.v:19$540'.
No latch inferred for signal `\data_memory.$memwr$\memory$rtl/data_memory.v:21$124_EN' from process `\data_memory.$proc$rtl/data_memory.v:19$540'.
No latch inferred for signal `\data_memory.$memwr$\memory$rtl/data_memory.v:21$125_EN' from process `\data_memory.$proc$rtl/data_memory.v:19$540'.
No latch inferred for signal `\data_memory.$memwr$\memory$rtl/data_memory.v:21$126_EN' from process `\data_memory.$proc$rtl/data_memory.v:19$540'.
No latch inferred for signal `\data_memory.$memwr$\memory$rtl/data_memory.v:21$127_EN' from process `\data_memory.$proc$rtl/data_memory.v:19$540'.
No latch inferred for signal `\data_memory.$memwr$\memory$rtl/data_memory.v:21$128_EN' from process `\data_memory.$proc$rtl/data_memory.v:19$540'.
No latch inferred for signal `\data_memory.$memwr$\memory$rtl/data_memory.v:21$129_EN' from process `\data_memory.$proc$rtl/data_memory.v:19$540'.
No latch inferred for signal `\data_memory.$memwr$\memory$rtl/data_memory.v:21$130_EN' from process `\data_memory.$proc$rtl/data_memory.v:19$540'.
No latch inferred for signal `\data_memory.$memwr$\memory$rtl/data_memory.v:21$131_EN' from process `\data_memory.$proc$rtl/data_memory.v:19$540'.
No latch inferred for signal `\data_memory.$memwr$\memory$rtl/data_memory.v:21$132_EN' from process `\data_memory.$proc$rtl/data_memory.v:19$540'.
No latch inferred for signal `\data_memory.$memwr$\memory$rtl/data_memory.v:21$133_EN' from process `\data_memory.$proc$rtl/data_memory.v:19$540'.
No latch inferred for signal `\data_memory.$memwr$\memory$rtl/data_memory.v:21$134_EN' from process `\data_memory.$proc$rtl/data_memory.v:19$540'.
No latch inferred for signal `\data_memory.$memwr$\memory$rtl/data_memory.v:21$135_EN' from process `\data_memory.$proc$rtl/data_memory.v:19$540'.
No latch inferred for signal `\data_memory.$memwr$\memory$rtl/data_memory.v:21$136_EN' from process `\data_memory.$proc$rtl/data_memory.v:19$540'.
No latch inferred for signal `\data_memory.$memwr$\memory$rtl/data_memory.v:21$137_EN' from process `\data_memory.$proc$rtl/data_memory.v:19$540'.
No latch inferred for signal `\data_memory.$memwr$\memory$rtl/data_memory.v:21$138_EN' from process `\data_memory.$proc$rtl/data_memory.v:19$540'.
No latch inferred for signal `\data_memory.$memwr$\memory$rtl/data_memory.v:21$139_EN' from process `\data_memory.$proc$rtl/data_memory.v:19$540'.
No latch inferred for signal `\data_memory.$memwr$\memory$rtl/data_memory.v:21$140_EN' from process `\data_memory.$proc$rtl/data_memory.v:19$540'.
No latch inferred for signal `\data_memory.$memwr$\memory$rtl/data_memory.v:21$141_EN' from process `\data_memory.$proc$rtl/data_memory.v:19$540'.
No latch inferred for signal `\data_memory.$memwr$\memory$rtl/data_memory.v:21$142_EN' from process `\data_memory.$proc$rtl/data_memory.v:19$540'.
No latch inferred for signal `\data_memory.$memwr$\memory$rtl/data_memory.v:21$143_EN' from process `\data_memory.$proc$rtl/data_memory.v:19$540'.
No latch inferred for signal `\data_memory.$memwr$\memory$rtl/data_memory.v:21$144_EN' from process `\data_memory.$proc$rtl/data_memory.v:19$540'.
No latch inferred for signal `\data_memory.$memwr$\memory$rtl/data_memory.v:21$145_EN' from process `\data_memory.$proc$rtl/data_memory.v:19$540'.
No latch inferred for signal `\data_memory.$memwr$\memory$rtl/data_memory.v:21$146_EN' from process `\data_memory.$proc$rtl/data_memory.v:19$540'.
No latch inferred for signal `\data_memory.$memwr$\memory$rtl/data_memory.v:21$147_EN' from process `\data_memory.$proc$rtl/data_memory.v:19$540'.
No latch inferred for signal `\data_memory.$memwr$\memory$rtl/data_memory.v:21$148_EN' from process `\data_memory.$proc$rtl/data_memory.v:19$540'.
No latch inferred for signal `\data_memory.$memwr$\memory$rtl/data_memory.v:21$149_EN' from process `\data_memory.$proc$rtl/data_memory.v:19$540'.
No latch inferred for signal `\data_memory.$memwr$\memory$rtl/data_memory.v:21$150_EN' from process `\data_memory.$proc$rtl/data_memory.v:19$540'.
No latch inferred for signal `\data_memory.$memwr$\memory$rtl/data_memory.v:21$151_EN' from process `\data_memory.$proc$rtl/data_memory.v:19$540'.
No latch inferred for signal `\data_memory.$memwr$\memory$rtl/data_memory.v:21$152_EN' from process `\data_memory.$proc$rtl/data_memory.v:19$540'.
No latch inferred for signal `\data_memory.$memwr$\memory$rtl/data_memory.v:21$153_EN' from process `\data_memory.$proc$rtl/data_memory.v:19$540'.
No latch inferred for signal `\data_memory.$memwr$\memory$rtl/data_memory.v:21$154_EN' from process `\data_memory.$proc$rtl/data_memory.v:19$540'.
No latch inferred for signal `\data_memory.$memwr$\memory$rtl/data_memory.v:21$155_EN' from process `\data_memory.$proc$rtl/data_memory.v:19$540'.
No latch inferred for signal `\data_memory.$memwr$\memory$rtl/data_memory.v:21$156_EN' from process `\data_memory.$proc$rtl/data_memory.v:19$540'.
No latch inferred for signal `\data_memory.$memwr$\memory$rtl/data_memory.v:21$157_EN' from process `\data_memory.$proc$rtl/data_memory.v:19$540'.
No latch inferred for signal `\data_memory.$memwr$\memory$rtl/data_memory.v:21$158_EN' from process `\data_memory.$proc$rtl/data_memory.v:19$540'.
No latch inferred for signal `\data_memory.$memwr$\memory$rtl/data_memory.v:21$159_EN' from process `\data_memory.$proc$rtl/data_memory.v:19$540'.
No latch inferred for signal `\data_memory.$memwr$\memory$rtl/data_memory.v:21$160_EN' from process `\data_memory.$proc$rtl/data_memory.v:19$540'.
No latch inferred for signal `\data_memory.$memwr$\memory$rtl/data_memory.v:21$161_EN' from process `\data_memory.$proc$rtl/data_memory.v:19$540'.
No latch inferred for signal `\data_memory.$memwr$\memory$rtl/data_memory.v:21$162_EN' from process `\data_memory.$proc$rtl/data_memory.v:19$540'.
No latch inferred for signal `\data_memory.$memwr$\memory$rtl/data_memory.v:21$163_EN' from process `\data_memory.$proc$rtl/data_memory.v:19$540'.
No latch inferred for signal `\data_memory.$memwr$\memory$rtl/data_memory.v:21$164_EN' from process `\data_memory.$proc$rtl/data_memory.v:19$540'.
No latch inferred for signal `\data_memory.$memwr$\memory$rtl/data_memory.v:21$165_EN' from process `\data_memory.$proc$rtl/data_memory.v:19$540'.
No latch inferred for signal `\data_memory.$memwr$\memory$rtl/data_memory.v:21$166_EN' from process `\data_memory.$proc$rtl/data_memory.v:19$540'.
No latch inferred for signal `\data_memory.$memwr$\memory$rtl/data_memory.v:21$167_EN' from process `\data_memory.$proc$rtl/data_memory.v:19$540'.
No latch inferred for signal `\data_memory.$memwr$\memory$rtl/data_memory.v:21$168_EN' from process `\data_memory.$proc$rtl/data_memory.v:19$540'.
No latch inferred for signal `\data_memory.$memwr$\memory$rtl/data_memory.v:21$169_EN' from process `\data_memory.$proc$rtl/data_memory.v:19$540'.
No latch inferred for signal `\data_memory.$memwr$\memory$rtl/data_memory.v:21$170_EN' from process `\data_memory.$proc$rtl/data_memory.v:19$540'.
No latch inferred for signal `\data_memory.$memwr$\memory$rtl/data_memory.v:21$171_EN' from process `\data_memory.$proc$rtl/data_memory.v:19$540'.
No latch inferred for signal `\data_memory.$memwr$\memory$rtl/data_memory.v:21$172_EN' from process `\data_memory.$proc$rtl/data_memory.v:19$540'.
No latch inferred for signal `\data_memory.$memwr$\memory$rtl/data_memory.v:21$173_EN' from process `\data_memory.$proc$rtl/data_memory.v:19$540'.
No latch inferred for signal `\data_memory.$memwr$\memory$rtl/data_memory.v:21$174_EN' from process `\data_memory.$proc$rtl/data_memory.v:19$540'.
No latch inferred for signal `\data_memory.$memwr$\memory$rtl/data_memory.v:21$175_EN' from process `\data_memory.$proc$rtl/data_memory.v:19$540'.
No latch inferred for signal `\data_memory.$memwr$\memory$rtl/data_memory.v:21$176_EN' from process `\data_memory.$proc$rtl/data_memory.v:19$540'.
No latch inferred for signal `\data_memory.$memwr$\memory$rtl/data_memory.v:21$177_EN' from process `\data_memory.$proc$rtl/data_memory.v:19$540'.
No latch inferred for signal `\data_memory.$memwr$\memory$rtl/data_memory.v:21$178_EN' from process `\data_memory.$proc$rtl/data_memory.v:19$540'.
No latch inferred for signal `\data_memory.$memwr$\memory$rtl/data_memory.v:21$179_EN' from process `\data_memory.$proc$rtl/data_memory.v:19$540'.
No latch inferred for signal `\data_memory.$memwr$\memory$rtl/data_memory.v:21$180_EN' from process `\data_memory.$proc$rtl/data_memory.v:19$540'.
No latch inferred for signal `\data_memory.$memwr$\memory$rtl/data_memory.v:21$181_EN' from process `\data_memory.$proc$rtl/data_memory.v:19$540'.
No latch inferred for signal `\data_memory.$memwr$\memory$rtl/data_memory.v:21$182_EN' from process `\data_memory.$proc$rtl/data_memory.v:19$540'.
No latch inferred for signal `\data_memory.$memwr$\memory$rtl/data_memory.v:21$183_EN' from process `\data_memory.$proc$rtl/data_memory.v:19$540'.
No latch inferred for signal `\data_memory.$memwr$\memory$rtl/data_memory.v:21$184_EN' from process `\data_memory.$proc$rtl/data_memory.v:19$540'.
No latch inferred for signal `\data_memory.$memwr$\memory$rtl/data_memory.v:21$185_EN' from process `\data_memory.$proc$rtl/data_memory.v:19$540'.
No latch inferred for signal `\data_memory.$memwr$\memory$rtl/data_memory.v:21$186_EN' from process `\data_memory.$proc$rtl/data_memory.v:19$540'.
No latch inferred for signal `\data_memory.$memwr$\memory$rtl/data_memory.v:21$187_EN' from process `\data_memory.$proc$rtl/data_memory.v:19$540'.
No latch inferred for signal `\data_memory.$memwr$\memory$rtl/data_memory.v:21$188_EN' from process `\data_memory.$proc$rtl/data_memory.v:19$540'.
No latch inferred for signal `\data_memory.$memwr$\memory$rtl/data_memory.v:21$189_EN' from process `\data_memory.$proc$rtl/data_memory.v:19$540'.
No latch inferred for signal `\data_memory.$memwr$\memory$rtl/data_memory.v:21$190_EN' from process `\data_memory.$proc$rtl/data_memory.v:19$540'.
No latch inferred for signal `\data_memory.$memwr$\memory$rtl/data_memory.v:21$191_EN' from process `\data_memory.$proc$rtl/data_memory.v:19$540'.
No latch inferred for signal `\data_memory.$memwr$\memory$rtl/data_memory.v:21$192_EN' from process `\data_memory.$proc$rtl/data_memory.v:19$540'.
No latch inferred for signal `\data_memory.$memwr$\memory$rtl/data_memory.v:21$193_EN' from process `\data_memory.$proc$rtl/data_memory.v:19$540'.
No latch inferred for signal `\data_memory.$memwr$\memory$rtl/data_memory.v:21$194_EN' from process `\data_memory.$proc$rtl/data_memory.v:19$540'.
No latch inferred for signal `\data_memory.$memwr$\memory$rtl/data_memory.v:21$195_EN' from process `\data_memory.$proc$rtl/data_memory.v:19$540'.
No latch inferred for signal `\data_memory.$memwr$\memory$rtl/data_memory.v:21$196_EN' from process `\data_memory.$proc$rtl/data_memory.v:19$540'.
No latch inferred for signal `\data_memory.$memwr$\memory$rtl/data_memory.v:21$197_EN' from process `\data_memory.$proc$rtl/data_memory.v:19$540'.
No latch inferred for signal `\data_memory.$memwr$\memory$rtl/data_memory.v:21$198_EN' from process `\data_memory.$proc$rtl/data_memory.v:19$540'.
No latch inferred for signal `\data_memory.$memwr$\memory$rtl/data_memory.v:21$199_EN' from process `\data_memory.$proc$rtl/data_memory.v:19$540'.
No latch inferred for signal `\data_memory.$memwr$\memory$rtl/data_memory.v:21$200_EN' from process `\data_memory.$proc$rtl/data_memory.v:19$540'.
No latch inferred for signal `\data_memory.$memwr$\memory$rtl/data_memory.v:21$201_EN' from process `\data_memory.$proc$rtl/data_memory.v:19$540'.
No latch inferred for signal `\data_memory.$memwr$\memory$rtl/data_memory.v:21$202_EN' from process `\data_memory.$proc$rtl/data_memory.v:19$540'.
No latch inferred for signal `\data_memory.$memwr$\memory$rtl/data_memory.v:21$203_EN' from process `\data_memory.$proc$rtl/data_memory.v:19$540'.
No latch inferred for signal `\data_memory.$memwr$\memory$rtl/data_memory.v:21$204_EN' from process `\data_memory.$proc$rtl/data_memory.v:19$540'.
No latch inferred for signal `\data_memory.$memwr$\memory$rtl/data_memory.v:21$205_EN' from process `\data_memory.$proc$rtl/data_memory.v:19$540'.
No latch inferred for signal `\data_memory.$memwr$\memory$rtl/data_memory.v:21$206_EN' from process `\data_memory.$proc$rtl/data_memory.v:19$540'.
No latch inferred for signal `\data_memory.$memwr$\memory$rtl/data_memory.v:21$207_EN' from process `\data_memory.$proc$rtl/data_memory.v:19$540'.
No latch inferred for signal `\data_memory.$memwr$\memory$rtl/data_memory.v:21$208_EN' from process `\data_memory.$proc$rtl/data_memory.v:19$540'.
No latch inferred for signal `\data_memory.$memwr$\memory$rtl/data_memory.v:21$209_EN' from process `\data_memory.$proc$rtl/data_memory.v:19$540'.
No latch inferred for signal `\data_memory.$memwr$\memory$rtl/data_memory.v:21$210_EN' from process `\data_memory.$proc$rtl/data_memory.v:19$540'.
No latch inferred for signal `\data_memory.$memwr$\memory$rtl/data_memory.v:21$211_EN' from process `\data_memory.$proc$rtl/data_memory.v:19$540'.
No latch inferred for signal `\data_memory.$memwr$\memory$rtl/data_memory.v:21$212_EN' from process `\data_memory.$proc$rtl/data_memory.v:19$540'.
No latch inferred for signal `\data_memory.$memwr$\memory$rtl/data_memory.v:21$213_EN' from process `\data_memory.$proc$rtl/data_memory.v:19$540'.
No latch inferred for signal `\data_memory.$memwr$\memory$rtl/data_memory.v:21$214_EN' from process `\data_memory.$proc$rtl/data_memory.v:19$540'.
No latch inferred for signal `\data_memory.$memwr$\memory$rtl/data_memory.v:21$215_EN' from process `\data_memory.$proc$rtl/data_memory.v:19$540'.
No latch inferred for signal `\data_memory.$memwr$\memory$rtl/data_memory.v:21$216_EN' from process `\data_memory.$proc$rtl/data_memory.v:19$540'.
No latch inferred for signal `\data_memory.$memwr$\memory$rtl/data_memory.v:21$217_EN' from process `\data_memory.$proc$rtl/data_memory.v:19$540'.
No latch inferred for signal `\data_memory.$memwr$\memory$rtl/data_memory.v:21$218_EN' from process `\data_memory.$proc$rtl/data_memory.v:19$540'.
No latch inferred for signal `\data_memory.$memwr$\memory$rtl/data_memory.v:21$219_EN' from process `\data_memory.$proc$rtl/data_memory.v:19$540'.
No latch inferred for signal `\data_memory.$memwr$\memory$rtl/data_memory.v:21$220_EN' from process `\data_memory.$proc$rtl/data_memory.v:19$540'.
No latch inferred for signal `\data_memory.$memwr$\memory$rtl/data_memory.v:21$221_EN' from process `\data_memory.$proc$rtl/data_memory.v:19$540'.
No latch inferred for signal `\data_memory.$memwr$\memory$rtl/data_memory.v:21$222_EN' from process `\data_memory.$proc$rtl/data_memory.v:19$540'.
No latch inferred for signal `\data_memory.$memwr$\memory$rtl/data_memory.v:21$223_EN' from process `\data_memory.$proc$rtl/data_memory.v:19$540'.
No latch inferred for signal `\data_memory.$memwr$\memory$rtl/data_memory.v:21$224_EN' from process `\data_memory.$proc$rtl/data_memory.v:19$540'.
No latch inferred for signal `\data_memory.$memwr$\memory$rtl/data_memory.v:21$225_EN' from process `\data_memory.$proc$rtl/data_memory.v:19$540'.
No latch inferred for signal `\data_memory.$memwr$\memory$rtl/data_memory.v:21$226_EN' from process `\data_memory.$proc$rtl/data_memory.v:19$540'.
No latch inferred for signal `\data_memory.$memwr$\memory$rtl/data_memory.v:21$227_EN' from process `\data_memory.$proc$rtl/data_memory.v:19$540'.
No latch inferred for signal `\data_memory.$memwr$\memory$rtl/data_memory.v:21$228_EN' from process `\data_memory.$proc$rtl/data_memory.v:19$540'.
No latch inferred for signal `\data_memory.$memwr$\memory$rtl/data_memory.v:21$229_EN' from process `\data_memory.$proc$rtl/data_memory.v:19$540'.
No latch inferred for signal `\data_memory.$memwr$\memory$rtl/data_memory.v:21$230_EN' from process `\data_memory.$proc$rtl/data_memory.v:19$540'.
No latch inferred for signal `\data_memory.$memwr$\memory$rtl/data_memory.v:21$231_EN' from process `\data_memory.$proc$rtl/data_memory.v:19$540'.
No latch inferred for signal `\data_memory.$memwr$\memory$rtl/data_memory.v:21$232_EN' from process `\data_memory.$proc$rtl/data_memory.v:19$540'.
No latch inferred for signal `\data_memory.$memwr$\memory$rtl/data_memory.v:21$233_EN' from process `\data_memory.$proc$rtl/data_memory.v:19$540'.
No latch inferred for signal `\data_memory.$memwr$\memory$rtl/data_memory.v:21$234_EN' from process `\data_memory.$proc$rtl/data_memory.v:19$540'.
No latch inferred for signal `\data_memory.$memwr$\memory$rtl/data_memory.v:21$235_EN' from process `\data_memory.$proc$rtl/data_memory.v:19$540'.
No latch inferred for signal `\data_memory.$memwr$\memory$rtl/data_memory.v:21$236_EN' from process `\data_memory.$proc$rtl/data_memory.v:19$540'.
No latch inferred for signal `\data_memory.$memwr$\memory$rtl/data_memory.v:21$237_EN' from process `\data_memory.$proc$rtl/data_memory.v:19$540'.
No latch inferred for signal `\data_memory.$memwr$\memory$rtl/data_memory.v:21$238_EN' from process `\data_memory.$proc$rtl/data_memory.v:19$540'.
No latch inferred for signal `\data_memory.$memwr$\memory$rtl/data_memory.v:21$239_EN' from process `\data_memory.$proc$rtl/data_memory.v:19$540'.
No latch inferred for signal `\data_memory.$memwr$\memory$rtl/data_memory.v:21$240_EN' from process `\data_memory.$proc$rtl/data_memory.v:19$540'.
No latch inferred for signal `\data_memory.$memwr$\memory$rtl/data_memory.v:21$241_EN' from process `\data_memory.$proc$rtl/data_memory.v:19$540'.
No latch inferred for signal `\data_memory.$memwr$\memory$rtl/data_memory.v:21$242_EN' from process `\data_memory.$proc$rtl/data_memory.v:19$540'.
No latch inferred for signal `\data_memory.$memwr$\memory$rtl/data_memory.v:21$243_EN' from process `\data_memory.$proc$rtl/data_memory.v:19$540'.
No latch inferred for signal `\data_memory.$memwr$\memory$rtl/data_memory.v:21$244_EN' from process `\data_memory.$proc$rtl/data_memory.v:19$540'.
No latch inferred for signal `\data_memory.$memwr$\memory$rtl/data_memory.v:21$245_EN' from process `\data_memory.$proc$rtl/data_memory.v:19$540'.
No latch inferred for signal `\data_memory.$memwr$\memory$rtl/data_memory.v:21$246_EN' from process `\data_memory.$proc$rtl/data_memory.v:19$540'.
No latch inferred for signal `\data_memory.$memwr$\memory$rtl/data_memory.v:21$247_EN' from process `\data_memory.$proc$rtl/data_memory.v:19$540'.
No latch inferred for signal `\data_memory.$memwr$\memory$rtl/data_memory.v:21$248_EN' from process `\data_memory.$proc$rtl/data_memory.v:19$540'.
No latch inferred for signal `\data_memory.$memwr$\memory$rtl/data_memory.v:21$249_EN' from process `\data_memory.$proc$rtl/data_memory.v:19$540'.
No latch inferred for signal `\data_memory.$memwr$\memory$rtl/data_memory.v:21$250_EN' from process `\data_memory.$proc$rtl/data_memory.v:19$540'.
No latch inferred for signal `\data_memory.$memwr$\memory$rtl/data_memory.v:21$251_EN' from process `\data_memory.$proc$rtl/data_memory.v:19$540'.
No latch inferred for signal `\data_memory.$memwr$\memory$rtl/data_memory.v:21$252_EN' from process `\data_memory.$proc$rtl/data_memory.v:19$540'.
No latch inferred for signal `\data_memory.$memwr$\memory$rtl/data_memory.v:21$253_EN' from process `\data_memory.$proc$rtl/data_memory.v:19$540'.
No latch inferred for signal `\data_memory.$memwr$\memory$rtl/data_memory.v:21$254_EN' from process `\data_memory.$proc$rtl/data_memory.v:19$540'.
No latch inferred for signal `\data_memory.$memwr$\memory$rtl/data_memory.v:21$255_EN' from process `\data_memory.$proc$rtl/data_memory.v:19$540'.
No latch inferred for signal `\data_memory.$memwr$\memory$rtl/data_memory.v:21$256_EN' from process `\data_memory.$proc$rtl/data_memory.v:19$540'.
No latch inferred for signal `\data_memory.$memwr$\memory$rtl/data_memory.v:21$257_EN' from process `\data_memory.$proc$rtl/data_memory.v:19$540'.
No latch inferred for signal `\data_memory.$memwr$\memory$rtl/data_memory.v:21$258_EN' from process `\data_memory.$proc$rtl/data_memory.v:19$540'.
No latch inferred for signal `\data_memory.$memwr$\memory$rtl/data_memory.v:21$259_EN' from process `\data_memory.$proc$rtl/data_memory.v:19$540'.
No latch inferred for signal `\data_memory.$memwr$\memory$rtl/data_memory.v:21$260_EN' from process `\data_memory.$proc$rtl/data_memory.v:19$540'.
No latch inferred for signal `\data_memory.$memwr$\memory$rtl/data_memory.v:21$261_EN' from process `\data_memory.$proc$rtl/data_memory.v:19$540'.
No latch inferred for signal `\data_memory.$memwr$\memory$rtl/data_memory.v:21$262_EN' from process `\data_memory.$proc$rtl/data_memory.v:19$540'.
No latch inferred for signal `\data_memory.$memwr$\memory$rtl/data_memory.v:21$263_EN' from process `\data_memory.$proc$rtl/data_memory.v:19$540'.
No latch inferred for signal `\data_memory.$memwr$\memory$rtl/data_memory.v:21$264_EN' from process `\data_memory.$proc$rtl/data_memory.v:19$540'.
No latch inferred for signal `\data_memory.$memwr$\memory$rtl/data_memory.v:21$265_EN' from process `\data_memory.$proc$rtl/data_memory.v:19$540'.
No latch inferred for signal `\data_memory.$memwr$\memory$rtl/data_memory.v:21$266_EN' from process `\data_memory.$proc$rtl/data_memory.v:19$540'.
No latch inferred for signal `\data_memory.$memwr$\memory$rtl/data_memory.v:21$267_EN' from process `\data_memory.$proc$rtl/data_memory.v:19$540'.
No latch inferred for signal `\data_memory.$memwr$\memory$rtl/data_memory.v:21$268_EN' from process `\data_memory.$proc$rtl/data_memory.v:19$540'.
No latch inferred for signal `\data_memory.$memwr$\memory$rtl/data_memory.v:21$269_EN' from process `\data_memory.$proc$rtl/data_memory.v:19$540'.
No latch inferred for signal `\data_memory.$memwr$\memory$rtl/data_memory.v:21$270_EN' from process `\data_memory.$proc$rtl/data_memory.v:19$540'.
No latch inferred for signal `\data_memory.$memwr$\memory$rtl/data_memory.v:21$271_EN' from process `\data_memory.$proc$rtl/data_memory.v:19$540'.
No latch inferred for signal `\data_memory.$memwr$\memory$rtl/data_memory.v:21$272_EN' from process `\data_memory.$proc$rtl/data_memory.v:19$540'.
No latch inferred for signal `\data_memory.$memwr$\memory$rtl/data_memory.v:21$273_EN' from process `\data_memory.$proc$rtl/data_memory.v:19$540'.
No latch inferred for signal `\control_unit.\alu_op' from process `\control_unit.$proc$rtl/control_unit.v:19$16'.
No latch inferred for signal `\control_unit.\wb_sel' from process `\control_unit.$proc$rtl/control_unit.v:19$16'.
No latch inferred for signal `\control_unit.\reg_write_req' from process `\control_unit.$proc$rtl/control_unit.v:19$16'.
No latch inferred for signal `\control_unit.\flag_write_req' from process `\control_unit.$proc$rtl/control_unit.v:19$16'.
No latch inferred for signal `\control_unit.\mem_read_req' from process `\control_unit.$proc$rtl/control_unit.v:19$16'.
No latch inferred for signal `\control_unit.\mem_write_req' from process `\control_unit.$proc$rtl/control_unit.v:19$16'.
No latch inferred for signal `\control_unit.\jump' from process `\control_unit.$proc$rtl/control_unit.v:19$16'.
No latch inferred for signal `\control_unit.\jump_zero' from process `\control_unit.$proc$rtl/control_unit.v:19$16'.
No latch inferred for signal `\control_unit.\halt' from process `\control_unit.$proc$rtl/control_unit.v:19$16'.
No latch inferred for signal `\control_fsm.\next_state' from process `\control_fsm.$proc$rtl/control_fsm.v:40$10'.
No latch inferred for signal `\alu.\result' from process `\alu.$proc$rtl/alu.v:10$1'.
No latch inferred for signal `\alu.\zero' from process `\alu.$proc$rtl/alu.v:10$1'.
No latch inferred for signal `\alu.\carry' from process `\alu.$proc$rtl/alu.v:10$1'.

14.2.9. Executing PROC_DFF pass (convert process syncs to FFs).
Creating register for signal `\register_file.\i' using process `\register_file.$proc$rtl/register_file.v:23$822'.
  created $dff cell `$procdff$980' with positive edge clock.
Creating register for signal `\register_file.$memwr$\registers$rtl/register_file.v:28$811_EN' using process `\register_file.$proc$rtl/register_file.v:23$822'.
  created $dff cell `$procdff$981' with positive edge clock.
Creating register for signal `\register_file.$memwr$\registers$rtl/register_file.v:28$812_EN' using process `\register_file.$proc$rtl/register_file.v:23$822'.
  created $dff cell `$procdff$982' with positive edge clock.
Creating register for signal `\register_file.$memwr$\registers$rtl/register_file.v:28$813_EN' using process `\register_file.$proc$rtl/register_file.v:23$822'.
  created $dff cell `$procdff$983' with positive edge clock.
Creating register for signal `\register_file.$memwr$\registers$rtl/register_file.v:28$814_EN' using process `\register_file.$proc$rtl/register_file.v:23$822'.
  created $dff cell `$procdff$984' with positive edge clock.
Creating register for signal `\register_file.$memwr$\registers$rtl/register_file.v:28$815_EN' using process `\register_file.$proc$rtl/register_file.v:23$822'.
  created $dff cell `$procdff$985' with positive edge clock.
Creating register for signal `\register_file.$memwr$\registers$rtl/register_file.v:28$816_EN' using process `\register_file.$proc$rtl/register_file.v:23$822'.
  created $dff cell `$procdff$986' with positive edge clock.
Creating register for signal `\register_file.$memwr$\registers$rtl/register_file.v:28$817_EN' using process `\register_file.$proc$rtl/register_file.v:23$822'.
  created $dff cell `$procdff$987' with positive edge clock.
Creating register for signal `\register_file.$memwr$\registers$rtl/register_file.v:28$818_EN' using process `\register_file.$proc$rtl/register_file.v:23$822'.
  created $dff cell `$procdff$988' with positive edge clock.
Creating register for signal `\register_file.$memwr$\registers$rtl/register_file.v:34$819_ADDR' using process `\register_file.$proc$rtl/register_file.v:23$822'.
  created $dff cell `$procdff$989' with positive edge clock.
Creating register for signal `\register_file.$memwr$\registers$rtl/register_file.v:34$819_DATA' using process `\register_file.$proc$rtl/register_file.v:23$822'.
  created $dff cell `$procdff$990' with positive edge clock.
Creating register for signal `\register_file.$memwr$\registers$rtl/register_file.v:34$819_EN' using process `\register_file.$proc$rtl/register_file.v:23$822'.
  created $dff cell `$procdff$991' with positive edge clock.
Creating register for signal `\program_counter.\pc' using process `\program_counter.$proc$rtl/program_counter.v:10$808'.
  created $dff cell `$procdff$992' with positive edge clock.
Creating register for signal `\instruction_register.\instruction_out' using process `\instruction_register.$proc$rtl/instruction_register.v:10$800'.
  created $dff cell `$procdff$993' with positive edge clock.
Creating register for signal `\data_memory.$memwr$\memory$rtl/data_memory.v:35$274_ADDR' using process `\data_memory.$proc$rtl/data_memory.v:32$277'.
  created $dff cell `$procdff$994' with positive edge clock.
Creating register for signal `\data_memory.$memwr$\memory$rtl/data_memory.v:35$274_DATA' using process `\data_memory.$proc$rtl/data_memory.v:32$277'.
  created $dff cell `$procdff$995' with positive edge clock.
Creating register for signal `\data_memory.$memwr$\memory$rtl/data_memory.v:35$274_EN' using process `\data_memory.$proc$rtl/data_memory.v:32$277'.
  created $dff cell `$procdff$996' with positive edge clock.
Creating register for signal `\control_fsm.\state' using process `\control_fsm.$proc$rtl/control_fsm.v:26$9'.
  created $dff cell `$procdff$997' with positive edge clock.
Creating register for signal `\status_register.\zero_flag' using process `\status_register.$proc$rtl/status_register.v:13$848'.
  created $dff cell `$procdff$998' with positive edge clock.
Creating register for signal `\status_register.\carry_flag' using process `\status_register.$proc$rtl/status_register.v:13$848'.
  created $dff cell `$procdff$999' with positive edge clock.

14.2.10. Executing PROC_MEMWR pass (convert process memory writes to cells).

14.2.11. Executing PROC_CLEAN pass (remove empty switches from decision trees).
Found and cleaned up 2 empty switches in `\register_file.$proc$rtl/register_file.v:23$822'.
Removing empty process `register_file.$proc$rtl/register_file.v:23$822'.
Found and cleaned up 3 empty switches in `\program_counter.$proc$rtl/program_counter.v:10$808'.
Removing empty process `program_counter.$proc$rtl/program_counter.v:10$808'.
Found and cleaned up 1 empty switch in `\minirisc_cpu.$proc$rtl/minirisc_cpu.v:305$801'.
Removing empty process `minirisc_cpu.$proc$rtl/minirisc_cpu.v:305$801'.
Found and cleaned up 2 empty switches in `\instruction_register.$proc$rtl/instruction_register.v:10$800'.
Removing empty process `instruction_register.$proc$rtl/instruction_register.v:10$800'.
Removing empty process `data_memory.$proc$rtl/data_memory.v:19$540'.
Found and cleaned up 1 empty switch in `\data_memory.$proc$rtl/data_memory.v:32$277'.
Removing empty process `data_memory.$proc$rtl/data_memory.v:32$277'.
Found and cleaned up 1 empty switch in `\control_unit.$proc$rtl/control_unit.v:19$16'.
Removing empty process `control_unit.$proc$rtl/control_unit.v:19$16'.
Found and cleaned up 2 empty switches in `\control_fsm.$proc$rtl/control_fsm.v:40$10'.
Removing empty process `control_fsm.$proc$rtl/control_fsm.v:40$10'.
Found and cleaned up 1 empty switch in `\control_fsm.$proc$rtl/control_fsm.v:26$9'.
Removing empty process `control_fsm.$proc$rtl/control_fsm.v:26$9'.
Found and cleaned up 2 empty switches in `\status_register.$proc$rtl/status_register.v:13$848'.
Removing empty process `status_register.$proc$rtl/status_register.v:13$848'.
Found and cleaned up 1 empty switch in `\alu.$proc$rtl/alu.v:10$1'.
Removing empty process `alu.$proc$rtl/alu.v:10$1'.
Cleaned up 16 empty switches.

14.2.12. Executing OPT_EXPR pass (perform const folding).
Optimizing module register_file.
Optimizing module program_counter.
Optimizing module minirisc_cpu.
<suppressed ~1 debug messages>
Optimizing module instruction_register.
Optimizing module $paramod$815189997191ad7514d6e5f1f0b96020469174b2\instruction_memory.
Optimizing module instruction_decoder.
Optimizing module data_memory.
Optimizing module control_unit.
Optimizing module control_fsm.
<suppressed ~2 debug messages>
Optimizing module status_register.
Optimizing module alu.
<suppressed ~3 debug messages>

14.3. Executing OPT_EXPR pass (perform const folding).
Optimizing module register_file.
Optimizing module program_counter.
Optimizing module minirisc_cpu.
Optimizing module instruction_register.
Optimizing module $paramod$815189997191ad7514d6e5f1f0b96020469174b2\instruction_memory.
Optimizing module instruction_decoder.
Optimizing module data_memory.
Optimizing module control_unit.
Optimizing module control_fsm.
Optimizing module status_register.
Optimizing module alu.

14.4. Executing OPT_CLEAN pass (remove unused cells and wires).
Finding unused cells or wires in module \register_file..
Finding unused cells or wires in module \program_counter..
Finding unused cells or wires in module \minirisc_cpu..
Finding unused cells or wires in module \instruction_register..
Finding unused cells or wires in module $paramod$815189997191ad7514d6e5f1f0b96020469174b2\instruction_memory..
Finding unused cells or wires in module \instruction_decoder..
Finding unused cells or wires in module \data_memory..
Finding unused cells or wires in module \control_unit..
Finding unused cells or wires in module \control_fsm..
Finding unused cells or wires in module \status_register..
Finding unused cells or wires in module \alu..
Removed 16 unused cells and 646 unused wires.
<suppressed ~27 debug messages>

14.5. Executing CHECK pass (checking for obvious problems).
Checking module register_file...
Checking module program_counter...
Checking module minirisc_cpu...
Checking module instruction_register...
Checking module $paramod$815189997191ad7514d6e5f1f0b96020469174b2\instruction_memory...
Checking module instruction_decoder...
Checking module data_memory...
Checking module control_unit...
Checking module control_fsm...
Checking module status_register...
Checking module alu...
Found and reported 0 problems.

14.6. Executing OPT pass (performing simple optimizations).

14.6.1. Executing OPT_EXPR pass (perform const folding).
Optimizing module register_file.
Optimizing module program_counter.
Optimizing module minirisc_cpu.
Optimizing module instruction_register.
Optimizing module $paramod$815189997191ad7514d6e5f1f0b96020469174b2\instruction_memory.
Optimizing module instruction_decoder.
Optimizing module data_memory.
Optimizing module control_unit.
Optimizing module control_fsm.
Optimizing module status_register.
Optimizing module alu.

14.6.2. Executing OPT_MERGE pass (detect identical cells).
Finding identical cells in module `\register_file'.
Computing hashes of 28 cells of `\register_file'.
Finding duplicate cells in `\register_file'.
Finding identical cells in module `\program_counter'.
Computing hashes of 5 cells of `\program_counter'.
Finding duplicate cells in `\program_counter'.
Finding identical cells in module `\minirisc_cpu'.
Computing hashes of 21 cells of `\minirisc_cpu'.
Finding duplicate cells in `\minirisc_cpu'.
Finding identical cells in module `\instruction_register'.
Computing hashes of 3 cells of `\instruction_register'.
Finding duplicate cells in `\instruction_register'.
Finding identical cells in module `$paramod$815189997191ad7514d6e5f1f0b96020469174b2\instruction_memory'.
Computing hashes of 2 cells of `$paramod$815189997191ad7514d6e5f1f0b96020469174b2\instruction_memory'.
Finding duplicate cells in `$paramod$815189997191ad7514d6e5f1f0b96020469174b2\instruction_memory'.
Finding identical cells in module `\instruction_decoder'.
Computing hashes of 0 cells of `\instruction_decoder'.
Finding duplicate cells in `\instruction_decoder'.
Finding identical cells in module `\data_memory'.
Computing hashes of 262 cells of `\data_memory'.
Finding duplicate cells in `\data_memory'.
Finding identical cells in module `\control_unit'.
Computing hashes of 2 cells of `\control_unit'.
Finding duplicate cells in `\control_unit'.
Finding identical cells in module `\control_fsm'.
Computing hashes of 15 cells of `\control_fsm'.
Finding duplicate cells in `\control_fsm'.
Computing hashes of 10 cells of `\control_fsm'.
Finding duplicate cells in `\control_fsm'.
<suppressed ~15 debug messages>
Finding identical cells in module `\status_register'.
Computing hashes of 6 cells of `\status_register'.
Finding duplicate cells in `\status_register'.
Finding identical cells in module `\alu'.
Computing hashes of 14 cells of `\alu'.
Finding duplicate cells in `\alu'.
Computing hashes of 13 cells of `\alu'.
Finding duplicate cells in `\alu'.
<suppressed ~3 debug messages>
Removed a total of 6 cells.

14.6.3. Executing OPT_MUXTREE pass (detect dead branches in mux trees).
Running muxtree optimizer on module \register_file..
  Creating internal representation of mux trees.
  Evaluating internal representation of mux trees.
  Analyzing evaluation results.
    dead port 1/2 on $mux $procmux$872.
    dead port 1/2 on $mux $procmux$866.
    dead port 1/2 on $mux $procmux$860.
Running muxtree optimizer on module \program_counter..
  Creating internal representation of mux trees.
  Evaluating internal representation of mux trees.
  Analyzing evaluation results.
Running muxtree optimizer on module \minirisc_cpu..
  Creating internal representation of mux trees.
  Evaluating internal representation of mux trees.
  Analyzing evaluation results.
Running muxtree optimizer on module \instruction_register..
  Creating internal representation of mux trees.
  Evaluating internal representation of mux trees.
  Analyzing evaluation results.
Running muxtree optimizer on module $paramod$815189997191ad7514d6e5f1f0b96020469174b2\instruction_memory..
  Creating internal representation of mux trees.
  No muxes found in this module.
Running muxtree optimizer on module \instruction_decoder..
  Creating internal representation of mux trees.
  No muxes found in this module.
Running muxtree optimizer on module \data_memory..
  Creating internal representation of mux trees.
  Evaluating internal representation of mux trees.
  Analyzing evaluation results.
Running muxtree optimizer on module \control_unit..
  Creating internal representation of mux trees.
  No muxes found in this module.
Running muxtree optimizer on module \control_fsm..
  Creating internal representation of mux trees.
  Evaluating internal representation of mux trees.
  Analyzing evaluation results.
    dead port 2/2 on $mux $procmux$945.
Running muxtree optimizer on module \status_register..
  Creating internal representation of mux trees.
  Evaluating internal representation of mux trees.
  Analyzing evaluation results.
Running muxtree optimizer on module \alu..
  Creating internal representation of mux trees.
  Evaluating internal representation of mux trees.
  Analyzing evaluation results.
Removed 4 multiplexer ports.
<suppressed ~60 debug messages>

14.6.4. Executing OPT_REDUCE pass (consolidate $*mux and $reduce_* inputs).
  Optimizing cells in module \register_file.
    Consolidated identical input bits for $mux cell $procmux$899:
      Old ports: A=8'00000000, B=8'11111111, Y=$0$memwr$\registers$rtl/register_file.v:28$811_EN[7:0]$823
      New ports: A=1'0, B=1'1, Y=$0$memwr$\registers$rtl/register_file.v:28$811_EN[7:0]$823 [0]
      New connections: $0$memwr$\registers$rtl/register_file.v:28$811_EN[7:0]$823 [7:1] = { $0$memwr$\registers$rtl/register_file.v:28$811_EN[7:0]$823 [0] $0$memwr$\registers$rtl/register_file.v:28$811_EN[7:0]$823 [0] $0$memwr$\registers$rtl/register_file.v:28$811_EN[7:0]$823 [0] $0$memwr$\registers$rtl/register_file.v:28$811_EN[7:0]$823 [0] $0$memwr$\registers$rtl/register_file.v:28$811_EN[7:0]$823 [0] $0$memwr$\registers$rtl/register_file.v:28$811_EN[7:0]$823 [0] $0$memwr$\registers$rtl/register_file.v:28$811_EN[7:0]$823 [0] }
    Consolidated identical input bits for $mux cell $procmux$896:
      Old ports: A=8'00000000, B=8'11111111, Y=$0$memwr$\registers$rtl/register_file.v:28$812_EN[7:0]$824
      New ports: A=1'0, B=1'1, Y=$0$memwr$\registers$rtl/register_file.v:28$812_EN[7:0]$824 [0]
      New connections: $0$memwr$\registers$rtl/register_file.v:28$812_EN[7:0]$824 [7:1] = { $0$memwr$\registers$rtl/register_file.v:28$812_EN[7:0]$824 [0] $0$memwr$\registers$rtl/register_file.v:28$812_EN[7:0]$824 [0] $0$memwr$\registers$rtl/register_file.v:28$812_EN[7:0]$824 [0] $0$memwr$\registers$rtl/register_file.v:28$812_EN[7:0]$824 [0] $0$memwr$\registers$rtl/register_file.v:28$812_EN[7:0]$824 [0] $0$memwr$\registers$rtl/register_file.v:28$812_EN[7:0]$824 [0] $0$memwr$\registers$rtl/register_file.v:28$812_EN[7:0]$824 [0] }
    Consolidated identical input bits for $mux cell $procmux$893:
      Old ports: A=8'00000000, B=8'11111111, Y=$0$memwr$\registers$rtl/register_file.v:28$813_EN[7:0]$825
      New ports: A=1'0, B=1'1, Y=$0$memwr$\registers$rtl/register_file.v:28$813_EN[7:0]$825 [0]
      New connections: $0$memwr$\registers$rtl/register_file.v:28$813_EN[7:0]$825 [7:1] = { $0$memwr$\registers$rtl/register_file.v:28$813_EN[7:0]$825 [0] $0$memwr$\registers$rtl/register_file.v:28$813_EN[7:0]$825 [0] $0$memwr$\registers$rtl/register_file.v:28$813_EN[7:0]$825 [0] $0$memwr$\registers$rtl/register_file.v:28$813_EN[7:0]$825 [0] $0$memwr$\registers$rtl/register_file.v:28$813_EN[7:0]$825 [0] $0$memwr$\registers$rtl/register_file.v:28$813_EN[7:0]$825 [0] $0$memwr$\registers$rtl/register_file.v:28$813_EN[7:0]$825 [0] }
    Consolidated identical input bits for $mux cell $procmux$890:
      Old ports: A=8'00000000, B=8'11111111, Y=$0$memwr$\registers$rtl/register_file.v:28$814_EN[7:0]$826
      New ports: A=1'0, B=1'1, Y=$0$memwr$\registers$rtl/register_file.v:28$814_EN[7:0]$826 [0]
      New connections: $0$memwr$\registers$rtl/register_file.v:28$814_EN[7:0]$826 [7:1] = { $0$memwr$\registers$rtl/register_file.v:28$814_EN[7:0]$826 [0] $0$memwr$\registers$rtl/register_file.v:28$814_EN[7:0]$826 [0] $0$memwr$\registers$rtl/register_file.v:28$814_EN[7:0]$826 [0] $0$memwr$\registers$rtl/register_file.v:28$814_EN[7:0]$826 [0] $0$memwr$\registers$rtl/register_file.v:28$814_EN[7:0]$826 [0] $0$memwr$\registers$rtl/register_file.v:28$814_EN[7:0]$826 [0] $0$memwr$\registers$rtl/register_file.v:28$814_EN[7:0]$826 [0] }
    Consolidated identical input bits for $mux cell $procmux$887:
      Old ports: A=8'00000000, B=8'11111111, Y=$0$memwr$\registers$rtl/register_file.v:28$815_EN[7:0]$827
      New ports: A=1'0, B=1'1, Y=$0$memwr$\registers$rtl/register_file.v:28$815_EN[7:0]$827 [0]
      New connections: $0$memwr$\registers$rtl/register_file.v:28$815_EN[7:0]$827 [7:1] = { $0$memwr$\registers$rtl/register_file.v:28$815_EN[7:0]$827 [0] $0$memwr$\registers$rtl/register_file.v:28$815_EN[7:0]$827 [0] $0$memwr$\registers$rtl/register_file.v:28$815_EN[7:0]$827 [0] $0$memwr$\registers$rtl/register_file.v:28$815_EN[7:0]$827 [0] $0$memwr$\registers$rtl/register_file.v:28$815_EN[7:0]$827 [0] $0$memwr$\registers$rtl/register_file.v:28$815_EN[7:0]$827 [0] $0$memwr$\registers$rtl/register_file.v:28$815_EN[7:0]$827 [0] }
    Consolidated identical input bits for $mux cell $procmux$884:
      Old ports: A=8'00000000, B=8'11111111, Y=$0$memwr$\registers$rtl/register_file.v:28$816_EN[7:0]$828
      New ports: A=1'0, B=1'1, Y=$0$memwr$\registers$rtl/register_file.v:28$816_EN[7:0]$828 [0]
      New connections: $0$memwr$\registers$rtl/register_file.v:28$816_EN[7:0]$828 [7:1] = { $0$memwr$\registers$rtl/register_file.v:28$816_EN[7:0]$828 [0] $0$memwr$\registers$rtl/register_file.v:28$816_EN[7:0]$828 [0] $0$memwr$\registers$rtl/register_file.v:28$816_EN[7:0]$828 [0] $0$memwr$\registers$rtl/register_file.v:28$816_EN[7:0]$828 [0] $0$memwr$\registers$rtl/register_file.v:28$816_EN[7:0]$828 [0] $0$memwr$\registers$rtl/register_file.v:28$816_EN[7:0]$828 [0] $0$memwr$\registers$rtl/register_file.v:28$816_EN[7:0]$828 [0] }
    Consolidated identical input bits for $mux cell $procmux$881:
      Old ports: A=8'00000000, B=8'11111111, Y=$0$memwr$\registers$rtl/register_file.v:28$817_EN[7:0]$829
      New ports: A=1'0, B=1'1, Y=$0$memwr$\registers$rtl/register_file.v:28$817_EN[7:0]$829 [0]
      New connections: $0$memwr$\registers$rtl/register_file.v:28$817_EN[7:0]$829 [7:1] = { $0$memwr$\registers$rtl/register_file.v:28$817_EN[7:0]$829 [0] $0$memwr$\registers$rtl/register_file.v:28$817_EN[7:0]$829 [0] $0$memwr$\registers$rtl/register_file.v:28$817_EN[7:0]$829 [0] $0$memwr$\registers$rtl/register_file.v:28$817_EN[7:0]$829 [0] $0$memwr$\registers$rtl/register_file.v:28$817_EN[7:0]$829 [0] $0$memwr$\registers$rtl/register_file.v:28$817_EN[7:0]$829 [0] $0$memwr$\registers$rtl/register_file.v:28$817_EN[7:0]$829 [0] }
    Consolidated identical input bits for $mux cell $procmux$878:
      Old ports: A=8'00000000, B=8'11111111, Y=$0$memwr$\registers$rtl/register_file.v:28$818_EN[7:0]$830
      New ports: A=1'0, B=1'1, Y=$0$memwr$\registers$rtl/register_file.v:28$818_EN[7:0]$830 [0]
      New connections: $0$memwr$\registers$rtl/register_file.v:28$818_EN[7:0]$830 [7:1] = { $0$memwr$\registers$rtl/register_file.v:28$818_EN[7:0]$830 [0] $0$memwr$\registers$rtl/register_file.v:28$818_EN[7:0]$830 [0] $0$memwr$\registers$rtl/register_file.v:28$818_EN[7:0]$830 [0] $0$memwr$\registers$rtl/register_file.v:28$818_EN[7:0]$830 [0] $0$memwr$\registers$rtl/register_file.v:28$818_EN[7:0]$830 [0] $0$memwr$\registers$rtl/register_file.v:28$818_EN[7:0]$830 [0] $0$memwr$\registers$rtl/register_file.v:28$818_EN[7:0]$830 [0] }
    Consolidated identical input bits for $mux cell $procmux$857:
      Old ports: A=8'00000000, B=8'11111111, Y=$procmux$857_Y
      New ports: A=1'0, B=1'1, Y=$procmux$857_Y [0]
      New connections: $procmux$857_Y [7:1] = { $procmux$857_Y [0] $procmux$857_Y [0] $procmux$857_Y [0] $procmux$857_Y [0] $procmux$857_Y [0] $procmux$857_Y [0] $procmux$857_Y [0] }
  Optimizing cells in module \register_file.
    Consolidated identical input bits for $mux cell $procmux$902:
      Old ports: A=$2$memwr$\registers$rtl/register_file.v:34$819_EN[7:0]$847, B=8'00000000, Y=$0$memwr$\registers$rtl/register_file.v:34$819_EN[7:0]$833
      New ports: A=$procmux$857_Y [0], B=1'0, Y=$0$memwr$\registers$rtl/register_file.v:34$819_EN[7:0]$833 [0]
      New connections: $0$memwr$\registers$rtl/register_file.v:34$819_EN[7:0]$833 [7:1] = { $0$memwr$\registers$rtl/register_file.v:34$819_EN[7:0]$833 [0] $0$memwr$\registers$rtl/register_file.v:34$819_EN[7:0]$833 [0] $0$memwr$\registers$rtl/register_file.v:34$819_EN[7:0]$833 [0] $0$memwr$\registers$rtl/register_file.v:34$819_EN[7:0]$833 [0] $0$memwr$\registers$rtl/register_file.v:34$819_EN[7:0]$833 [0] $0$memwr$\registers$rtl/register_file.v:34$819_EN[7:0]$833 [0] $0$memwr$\registers$rtl/register_file.v:34$819_EN[7:0]$833 [0] }
  Optimizing cells in module \register_file.
  Optimizing cells in module \program_counter.
  Optimizing cells in module \minirisc_cpu.
  Optimizing cells in module \instruction_register.
  Optimizing cells in module $paramod$815189997191ad7514d6e5f1f0b96020469174b2\instruction_memory.
  Optimizing cells in module \instruction_decoder.
  Optimizing cells in module \data_memory.
    Consolidated identical input bits for $mux cell $procmux$929:
      Old ports: A=8'00000000, B=8'11111111, Y=$0$memwr$\memory$rtl/data_memory.v:35$274_EN[7:0]$280
      New ports: A=1'0, B=1'1, Y=$0$memwr$\memory$rtl/data_memory.v:35$274_EN[7:0]$280 [0]
      New connections: $0$memwr$\memory$rtl/data_memory.v:35$274_EN[7:0]$280 [7:1] = { $0$memwr$\memory$rtl/data_memory.v:35$274_EN[7:0]$280 [0] $0$memwr$\memory$rtl/data_memory.v:35$274_EN[7:0]$280 [0] $0$memwr$\memory$rtl/data_memory.v:35$274_EN[7:0]$280 [0] $0$memwr$\memory$rtl/data_memory.v:35$274_EN[7:0]$280 [0] $0$memwr$\memory$rtl/data_memory.v:35$274_EN[7:0]$280 [0] $0$memwr$\memory$rtl/data_memory.v:35$274_EN[7:0]$280 [0] $0$memwr$\memory$rtl/data_memory.v:35$274_EN[7:0]$280 [0] }
  Optimizing cells in module \data_memory.
  Optimizing cells in module \control_unit.
  Optimizing cells in module \control_fsm.
  Optimizing cells in module \status_register.
  Optimizing cells in module \alu.
Performed a total of 11 changes.

14.6.5. Executing OPT_MERGE pass (detect identical cells).
Finding identical cells in module `\register_file'.
Computing hashes of 25 cells of `\register_file'.
Finding duplicate cells in `\register_file'.
Computing hashes of 18 cells of `\register_file'.
Finding duplicate cells in `\register_file'.
<suppressed ~21 debug messages>
Finding identical cells in module `\program_counter'.
Computing hashes of 5 cells of `\program_counter'.
Finding duplicate cells in `\program_counter'.
Finding identical cells in module `\minirisc_cpu'.
Computing hashes of 21 cells of `\minirisc_cpu'.
Finding duplicate cells in `\minirisc_cpu'.
Finding identical cells in module `\instruction_register'.
Computing hashes of 3 cells of `\instruction_register'.
Finding duplicate cells in `\instruction_register'.
Finding identical cells in module `$paramod$815189997191ad7514d6e5f1f0b96020469174b2\instruction_memory'.
Computing hashes of 2 cells of `$paramod$815189997191ad7514d6e5f1f0b96020469174b2\instruction_memory'.
Finding duplicate cells in `$paramod$815189997191ad7514d6e5f1f0b96020469174b2\instruction_memory'.
Finding identical cells in module `\instruction_decoder'.
Computing hashes of 0 cells of `\instruction_decoder'.
Finding duplicate cells in `\instruction_decoder'.
Finding identical cells in module `\data_memory'.
Computing hashes of 262 cells of `\data_memory'.
Finding duplicate cells in `\data_memory'.
Finding identical cells in module `\control_unit'.
Computing hashes of 2 cells of `\control_unit'.
Finding duplicate cells in `\control_unit'.
Finding identical cells in module `\control_fsm'.
Computing hashes of 9 cells of `\control_fsm'.
Finding duplicate cells in `\control_fsm'.
Finding identical cells in module `\status_register'.
Computing hashes of 6 cells of `\status_register'.
Finding duplicate cells in `\status_register'.
Finding identical cells in module `\alu'.
Computing hashes of 13 cells of `\alu'.
Finding duplicate cells in `\alu'.
Removed a total of 7 cells.

14.6.6. Executing OPT_DFF pass (perform DFF optimizations).

14.6.7. Executing OPT_CLEAN pass (remove unused cells and wires).
Finding unused cells or wires in module \register_file..
Finding unused cells or wires in module \program_counter..
Finding unused cells or wires in module \minirisc_cpu..
Finding unused cells or wires in module \instruction_register..
Finding unused cells or wires in module $paramod$815189997191ad7514d6e5f1f0b96020469174b2\instruction_memory..
Finding unused cells or wires in module \instruction_decoder..
Finding unused cells or wires in module \data_memory..
Finding unused cells or wires in module \control_unit..
Finding unused cells or wires in module \control_fsm..
Finding unused cells or wires in module \status_register..
Finding unused cells or wires in module \alu..
Removed 0 unused cells and 17 unused wires.
<suppressed ~3 debug messages>

14.6.8. Executing OPT_EXPR pass (perform const folding).
Optimizing module register_file.
Optimizing module program_counter.
Optimizing module minirisc_cpu.
Optimizing module instruction_register.
Optimizing module $paramod$815189997191ad7514d6e5f1f0b96020469174b2\instruction_memory.
Optimizing module instruction_decoder.
Optimizing module data_memory.
Optimizing module control_unit.
Optimizing module control_fsm.
Optimizing module status_register.
Optimizing module alu.

14.6.9. Rerunning OPT passes. (Maybe there is more to do..)

14.6.10. Executing OPT_MUXTREE pass (detect dead branches in mux trees).
Running muxtree optimizer on module \register_file..
  Creating internal representation of mux trees.
  Evaluating internal representation of mux trees.
  Analyzing evaluation results.
Running muxtree optimizer on module \program_counter..
  Creating internal representation of mux trees.
  Evaluating internal representation of mux trees.
  Analyzing evaluation results.
Running muxtree optimizer on module \minirisc_cpu..
  Creating internal representation of mux trees.
  Evaluating internal representation of mux trees.
  Analyzing evaluation results.
Running muxtree optimizer on module \instruction_register..
  Creating internal representation of mux trees.
  Evaluating internal representation of mux trees.
  Analyzing evaluation results.
Running muxtree optimizer on module $paramod$815189997191ad7514d6e5f1f0b96020469174b2\instruction_memory..
  Creating internal representation of mux trees.
  No muxes found in this module.
Running muxtree optimizer on module \instruction_decoder..
  Creating internal representation of mux trees.
  No muxes found in this module.
Running muxtree optimizer on module \data_memory..
  Creating internal representation of mux trees.
  Evaluating internal representation of mux trees.
  Analyzing evaluation results.
Running muxtree optimizer on module \control_unit..
  Creating internal representation of mux trees.
  No muxes found in this module.
Running muxtree optimizer on module \control_fsm..
  Creating internal representation of mux trees.
  Evaluating internal representation of mux trees.
  Analyzing evaluation results.
Running muxtree optimizer on module \status_register..
  Creating internal representation of mux trees.
  Evaluating internal representation of mux trees.
  Analyzing evaluation results.
Running muxtree optimizer on module \alu..
  Creating internal representation of mux trees.
  Evaluating internal representation of mux trees.
  Analyzing evaluation results.
Removed 0 multiplexer ports.
<suppressed ~42 debug messages>

14.6.11. Executing OPT_REDUCE pass (consolidate $*mux and $reduce_* inputs).
  Optimizing cells in module \register_file.
  Optimizing cells in module \program_counter.
  Optimizing cells in module \minirisc_cpu.
  Optimizing cells in module \instruction_register.
  Optimizing cells in module $paramod$815189997191ad7514d6e5f1f0b96020469174b2\instruction_memory.
  Optimizing cells in module \instruction_decoder.
  Optimizing cells in module \data_memory.
  Optimizing cells in module \control_unit.
  Optimizing cells in module \control_fsm.
  Optimizing cells in module \status_register.
  Optimizing cells in module \alu.
Performed a total of 0 changes.

14.6.12. Executing OPT_MERGE pass (detect identical cells).
Finding identical cells in module `\register_file'.
Computing hashes of 18 cells of `\register_file'.
Finding duplicate cells in `\register_file'.
Finding identical cells in module `\program_counter'.
Computing hashes of 5 cells of `\program_counter'.
Finding duplicate cells in `\program_counter'.
Finding identical cells in module `\minirisc_cpu'.
Computing hashes of 21 cells of `\minirisc_cpu'.
Finding duplicate cells in `\minirisc_cpu'.
Finding identical cells in module `\instruction_register'.
Computing hashes of 3 cells of `\instruction_register'.
Finding duplicate cells in `\instruction_register'.
Finding identical cells in module `$paramod$815189997191ad7514d6e5f1f0b96020469174b2\instruction_memory'.
Computing hashes of 2 cells of `$paramod$815189997191ad7514d6e5f1f0b96020469174b2\instruction_memory'.
Finding duplicate cells in `$paramod$815189997191ad7514d6e5f1f0b96020469174b2\instruction_memory'.
Finding identical cells in module `\instruction_decoder'.
Computing hashes of 0 cells of `\instruction_decoder'.
Finding duplicate cells in `\instruction_decoder'.
Finding identical cells in module `\data_memory'.
Computing hashes of 262 cells of `\data_memory'.
Finding duplicate cells in `\data_memory'.
Finding identical cells in module `\control_unit'.
Computing hashes of 2 cells of `\control_unit'.
Finding duplicate cells in `\control_unit'.
Finding identical cells in module `\control_fsm'.
Computing hashes of 9 cells of `\control_fsm'.
Finding duplicate cells in `\control_fsm'.
Finding identical cells in module `\status_register'.
Computing hashes of 6 cells of `\status_register'.
Finding duplicate cells in `\status_register'.
Finding identical cells in module `\alu'.
Computing hashes of 13 cells of `\alu'.
Finding duplicate cells in `\alu'.
Removed a total of 0 cells.

14.6.13. Executing OPT_DFF pass (perform DFF optimizations).

14.6.14. Executing OPT_CLEAN pass (remove unused cells and wires).
Finding unused cells or wires in module \register_file..
Finding unused cells or wires in module \program_counter..
Finding unused cells or wires in module \minirisc_cpu..
Finding unused cells or wires in module \instruction_register..
Finding unused cells or wires in module $paramod$815189997191ad7514d6e5f1f0b96020469174b2\instruction_memory..
Finding unused cells or wires in module \instruction_decoder..
Finding unused cells or wires in module \data_memory..
Finding unused cells or wires in module \control_unit..
Finding unused cells or wires in module \control_fsm..
Finding unused cells or wires in module \status_register..
Finding unused cells or wires in module \alu..

14.6.15. Executing OPT_EXPR pass (perform const folding).
Optimizing module register_file.
Optimizing module program_counter.
Optimizing module minirisc_cpu.
Optimizing module instruction_register.
Optimizing module $paramod$815189997191ad7514d6e5f1f0b96020469174b2\instruction_memory.
Optimizing module instruction_decoder.
Optimizing module data_memory.
Optimizing module control_unit.
Optimizing module control_fsm.
Optimizing module status_register.
Optimizing module alu.

14.6.16. Finished fast OPT passes. (There is nothing left to do.)

14.7. Executing FSM pass (extract and optimize FSM).

14.7.1. Executing FSM_DETECT pass (finding FSMs in design).
Not marking control_fsm.state as FSM state register:
    Register is connected to module port.
    Users of register don't seem to benefit from recoding.

14.7.2. Executing FSM_EXTRACT pass (extracting FSM from design).

14.7.3. Executing FSM_OPT pass (simple optimizations of FSMs).

14.7.4. Executing OPT_CLEAN pass (remove unused cells and wires).
Finding unused cells or wires in module \register_file..
Finding unused cells or wires in module \program_counter..
Finding unused cells or wires in module \minirisc_cpu..
Finding unused cells or wires in module \instruction_register..
Finding unused cells or wires in module $paramod$815189997191ad7514d6e5f1f0b96020469174b2\instruction_memory..
Finding unused cells or wires in module \instruction_decoder..
Finding unused cells or wires in module \data_memory..
Finding unused cells or wires in module \control_unit..
Finding unused cells or wires in module \control_fsm..
Finding unused cells or wires in module \status_register..
Finding unused cells or wires in module \alu..

14.7.5. Executing FSM_OPT pass (simple optimizations of FSMs).

14.7.6. Executing FSM_RECODE pass (re-assigning FSM state encoding).

14.7.7. Executing FSM_INFO pass (dumping all available information on FSM cells).

14.7.8. Executing FSM_MAP pass (mapping FSMs to basic logic).

14.8. Executing OPT pass (performing simple optimizations).

14.8.1. Executing OPT_EXPR pass (perform const folding).
Optimizing module register_file.
Optimizing module program_counter.
Optimizing module minirisc_cpu.
Optimizing module instruction_register.
Optimizing module $paramod$815189997191ad7514d6e5f1f0b96020469174b2\instruction_memory.
Optimizing module instruction_decoder.
Optimizing module data_memory.
Optimizing module control_unit.
Optimizing module control_fsm.
Optimizing module status_register.
Optimizing module alu.

14.8.2. Executing OPT_MERGE pass (detect identical cells).
Finding identical cells in module `\register_file'.
Computing hashes of 18 cells of `\register_file'.
Finding duplicate cells in `\register_file'.
Finding identical cells in module `\program_counter'.
Computing hashes of 5 cells of `\program_counter'.
Finding duplicate cells in `\program_counter'.
Finding identical cells in module `\minirisc_cpu'.
Computing hashes of 21 cells of `\minirisc_cpu'.
Finding duplicate cells in `\minirisc_cpu'.
Finding identical cells in module `\instruction_register'.
Computing hashes of 3 cells of `\instruction_register'.
Finding duplicate cells in `\instruction_register'.
Finding identical cells in module `$paramod$815189997191ad7514d6e5f1f0b96020469174b2\instruction_memory'.
Computing hashes of 2 cells of `$paramod$815189997191ad7514d6e5f1f0b96020469174b2\instruction_memory'.
Finding duplicate cells in `$paramod$815189997191ad7514d6e5f1f0b96020469174b2\instruction_memory'.
Finding identical cells in module `\instruction_decoder'.
Computing hashes of 0 cells of `\instruction_decoder'.
Finding duplicate cells in `\instruction_decoder'.
Finding identical cells in module `\data_memory'.
Computing hashes of 262 cells of `\data_memory'.
Finding duplicate cells in `\data_memory'.
Finding identical cells in module `\control_unit'.
Computing hashes of 2 cells of `\control_unit'.
Finding duplicate cells in `\control_unit'.
Finding identical cells in module `\control_fsm'.
Computing hashes of 9 cells of `\control_fsm'.
Finding duplicate cells in `\control_fsm'.
Finding identical cells in module `\status_register'.
Computing hashes of 6 cells of `\status_register'.
Finding duplicate cells in `\status_register'.
Finding identical cells in module `\alu'.
Computing hashes of 13 cells of `\alu'.
Finding duplicate cells in `\alu'.
Removed a total of 0 cells.

14.8.3. Executing OPT_MUXTREE pass (detect dead branches in mux trees).
Running muxtree optimizer on module \register_file..
  Creating internal representation of mux trees.
  Evaluating internal representation of mux trees.
  Analyzing evaluation results.
Running muxtree optimizer on module \program_counter..
  Creating internal representation of mux trees.
  Evaluating internal representation of mux trees.
  Analyzing evaluation results.
Running muxtree optimizer on module \minirisc_cpu..
  Creating internal representation of mux trees.
  Evaluating internal representation of mux trees.
  Analyzing evaluation results.
Running muxtree optimizer on module \instruction_register..
  Creating internal representation of mux trees.
  Evaluating internal representation of mux trees.
  Analyzing evaluation results.
Running muxtree optimizer on module $paramod$815189997191ad7514d6e5f1f0b96020469174b2\instruction_memory..
  Creating internal representation of mux trees.
  No muxes found in this module.
Running muxtree optimizer on module \instruction_decoder..
  Creating internal representation of mux trees.
  No muxes found in this module.
Running muxtree optimizer on module \data_memory..
  Creating internal representation of mux trees.
  Evaluating internal representation of mux trees.
  Analyzing evaluation results.
Running muxtree optimizer on module \control_unit..
  Creating internal representation of mux trees.
  No muxes found in this module.
Running muxtree optimizer on module \control_fsm..
  Creating internal representation of mux trees.
  Evaluating internal representation of mux trees.
  Analyzing evaluation results.
Running muxtree optimizer on module \status_register..
  Creating internal representation of mux trees.
  Evaluating internal representation of mux trees.
  Analyzing evaluation results.
Running muxtree optimizer on module \alu..
  Creating internal representation of mux trees.
  Evaluating internal representation of mux trees.
  Analyzing evaluation results.
Removed 0 multiplexer ports.
<suppressed ~42 debug messages>

14.8.4. Executing OPT_REDUCE pass (consolidate $*mux and $reduce_* inputs).
  Optimizing cells in module \register_file.
  Optimizing cells in module \program_counter.
  Optimizing cells in module \minirisc_cpu.
  Optimizing cells in module \instruction_register.
  Optimizing cells in module $paramod$815189997191ad7514d6e5f1f0b96020469174b2\instruction_memory.
  Optimizing cells in module \instruction_decoder.
  Optimizing cells in module \data_memory.
  Optimizing cells in module \control_unit.
  Optimizing cells in module \control_fsm.
  Optimizing cells in module \status_register.
  Optimizing cells in module \alu.
Performed a total of 0 changes.

14.8.5. Executing OPT_MERGE pass (detect identical cells).
Finding identical cells in module `\register_file'.
Computing hashes of 18 cells of `\register_file'.
Finding duplicate cells in `\register_file'.
Finding identical cells in module `\program_counter'.
Computing hashes of 5 cells of `\program_counter'.
Finding duplicate cells in `\program_counter'.
Finding identical cells in module `\minirisc_cpu'.
Computing hashes of 21 cells of `\minirisc_cpu'.
Finding duplicate cells in `\minirisc_cpu'.
Finding identical cells in module `\instruction_register'.
Computing hashes of 3 cells of `\instruction_register'.
Finding duplicate cells in `\instruction_register'.
Finding identical cells in module `$paramod$815189997191ad7514d6e5f1f0b96020469174b2\instruction_memory'.
Computing hashes of 2 cells of `$paramod$815189997191ad7514d6e5f1f0b96020469174b2\instruction_memory'.
Finding duplicate cells in `$paramod$815189997191ad7514d6e5f1f0b96020469174b2\instruction_memory'.
Finding identical cells in module `\instruction_decoder'.
Computing hashes of 0 cells of `\instruction_decoder'.
Finding duplicate cells in `\instruction_decoder'.
Finding identical cells in module `\data_memory'.
Computing hashes of 262 cells of `\data_memory'.
Finding duplicate cells in `\data_memory'.
Finding identical cells in module `\control_unit'.
Computing hashes of 2 cells of `\control_unit'.
Finding duplicate cells in `\control_unit'.
Finding identical cells in module `\control_fsm'.
Computing hashes of 9 cells of `\control_fsm'.
Finding duplicate cells in `\control_fsm'.
Finding identical cells in module `\status_register'.
Computing hashes of 6 cells of `\status_register'.
Finding duplicate cells in `\status_register'.
Finding identical cells in module `\alu'.
Computing hashes of 13 cells of `\alu'.
Finding duplicate cells in `\alu'.
Removed a total of 0 cells.

14.8.6. Executing OPT_DFF pass (perform DFF optimizations).
Adding SRST signal on $procdff$992 ($dff) from module program_counter (D = $procmux$913_Y, Q = \pc, rval = 8'00000000).
Adding EN signal on $auto$ff.cc:337:slice$1010 ($sdff) from module program_counter (D = $procmux$911_Y, Q = \pc).
Adding SRST signal on $procdff$993 ($dff) from module instruction_register (D = $procmux$923_Y, Q = \instruction_out, rval = 16'0000000000000000).
Adding EN signal on $auto$ff.cc:337:slice$1012 ($sdff) from module instruction_register (D = \instruction_in, Q = \instruction_out).
Adding SRST signal on $procdff$997 ($dff) from module control_fsm (D = \next_state, Q = \state, rval = 3'000).
Adding SRST signal on $procdff$998 ($dff) from module status_register (D = $procmux$961_Y, Q = \zero_flag, rval = 1'0).
Adding EN signal on $auto$ff.cc:337:slice$1015 ($sdff) from module status_register (D = \zero_in, Q = \zero_flag).
Adding SRST signal on $procdff$999 ($dff) from module status_register (D = $procmux$956_Y, Q = \carry_flag, rval = 1'0).
Adding EN signal on $auto$ff.cc:337:slice$1017 ($sdff) from module status_register (D = \carry_in, Q = \carry_flag).

14.8.7. Executing OPT_CLEAN pass (remove unused cells and wires).
Finding unused cells or wires in module \register_file..
Finding unused cells or wires in module \program_counter..
Finding unused cells or wires in module \minirisc_cpu..
Finding unused cells or wires in module \instruction_register..
Finding unused cells or wires in module $paramod$815189997191ad7514d6e5f1f0b96020469174b2\instruction_memory..
Finding unused cells or wires in module \instruction_decoder..
Finding unused cells or wires in module \data_memory..
Finding unused cells or wires in module \control_unit..
Finding unused cells or wires in module \control_fsm..
Finding unused cells or wires in module \status_register..
Finding unused cells or wires in module \alu..
Removed 9 unused cells and 9 unused wires.
<suppressed ~13 debug messages>

14.8.8. Executing OPT_EXPR pass (perform const folding).
Optimizing module register_file.
Optimizing module program_counter.
Optimizing module minirisc_cpu.
Optimizing module instruction_register.
Optimizing module $paramod$815189997191ad7514d6e5f1f0b96020469174b2\instruction_memory.
Optimizing module instruction_decoder.
Optimizing module data_memory.
Optimizing module control_unit.
Optimizing module control_fsm.
Optimizing module status_register.
Optimizing module alu.

14.8.9. Rerunning OPT passes. (Maybe there is more to do..)

14.8.10. Executing OPT_MUXTREE pass (detect dead branches in mux trees).
Running muxtree optimizer on module \register_file..
  Creating internal representation of mux trees.
  Evaluating internal representation of mux trees.
  Analyzing evaluation results.
Running muxtree optimizer on module \program_counter..
  Creating internal representation of mux trees.
  Evaluating internal representation of mux trees.
  Analyzing evaluation results.
Running muxtree optimizer on module \minirisc_cpu..
  Creating internal representation of mux trees.
  Evaluating internal representation of mux trees.
  Analyzing evaluation results.
Running muxtree optimizer on module \instruction_register..
  Creating internal representation of mux trees.
  No muxes found in this module.
Running muxtree optimizer on module $paramod$815189997191ad7514d6e5f1f0b96020469174b2\instruction_memory..
  Creating internal representation of mux trees.
  No muxes found in this module.
Running muxtree optimizer on module \instruction_decoder..
  Creating internal representation of mux trees.
  No muxes found in this module.
Running muxtree optimizer on module \data_memory..
  Creating internal representation of mux trees.
  Evaluating internal representation of mux trees.
  Analyzing evaluation results.
Running muxtree optimizer on module \control_unit..
  Creating internal representation of mux trees.
  No muxes found in this module.
Running muxtree optimizer on module \control_fsm..
  Creating internal representation of mux trees.
  Evaluating internal representation of mux trees.
  Analyzing evaluation results.
Running muxtree optimizer on module \status_register..
  Creating internal representation of mux trees.
  No muxes found in this module.
Running muxtree optimizer on module \alu..
  Creating internal representation of mux trees.
  Evaluating internal representation of mux trees.
  Analyzing evaluation results.
Removed 0 multiplexer ports.
<suppressed ~30 debug messages>

14.8.11. Executing OPT_REDUCE pass (consolidate $*mux and $reduce_* inputs).
  Optimizing cells in module \register_file.
  Optimizing cells in module \program_counter.
  Optimizing cells in module \minirisc_cpu.
  Optimizing cells in module \instruction_register.
  Optimizing cells in module $paramod$815189997191ad7514d6e5f1f0b96020469174b2\instruction_memory.
  Optimizing cells in module \instruction_decoder.
  Optimizing cells in module \data_memory.
  Optimizing cells in module \control_unit.
  Optimizing cells in module \control_fsm.
  Optimizing cells in module \status_register.
  Optimizing cells in module \alu.
Performed a total of 0 changes.

14.8.12. Executing OPT_MERGE pass (detect identical cells).
Finding identical cells in module `\register_file'.
Computing hashes of 18 cells of `\register_file'.
Finding duplicate cells in `\register_file'.
Finding identical cells in module `\program_counter'.
Computing hashes of 3 cells of `\program_counter'.
Finding duplicate cells in `\program_counter'.
Finding identical cells in module `\minirisc_cpu'.
Computing hashes of 21 cells of `\minirisc_cpu'.
Finding duplicate cells in `\minirisc_cpu'.
Finding identical cells in module `\instruction_register'.
Computing hashes of 1 cells of `\instruction_register'.
Finding duplicate cells in `\instruction_register'.
Finding identical cells in module `$paramod$815189997191ad7514d6e5f1f0b96020469174b2\instruction_memory'.
Computing hashes of 2 cells of `$paramod$815189997191ad7514d6e5f1f0b96020469174b2\instruction_memory'.
Finding duplicate cells in `$paramod$815189997191ad7514d6e5f1f0b96020469174b2\instruction_memory'.
Finding identical cells in module `\instruction_decoder'.
Computing hashes of 0 cells of `\instruction_decoder'.
Finding duplicate cells in `\instruction_decoder'.
Finding identical cells in module `\data_memory'.
Computing hashes of 262 cells of `\data_memory'.
Finding duplicate cells in `\data_memory'.
Finding identical cells in module `\control_unit'.
Computing hashes of 2 cells of `\control_unit'.
Finding duplicate cells in `\control_unit'.
Finding identical cells in module `\control_fsm'.
Computing hashes of 8 cells of `\control_fsm'.
Finding duplicate cells in `\control_fsm'.
Finding identical cells in module `\status_register'.
Computing hashes of 2 cells of `\status_register'.
Finding duplicate cells in `\status_register'.
Finding identical cells in module `\alu'.
Computing hashes of 13 cells of `\alu'.
Finding duplicate cells in `\alu'.
Removed a total of 0 cells.

14.8.13. Executing OPT_DFF pass (perform DFF optimizations).

14.8.14. Executing OPT_CLEAN pass (remove unused cells and wires).
Finding unused cells or wires in module \register_file..
Finding unused cells or wires in module \program_counter..
Finding unused cells or wires in module \minirisc_cpu..
Finding unused cells or wires in module \instruction_register..
Finding unused cells or wires in module $paramod$815189997191ad7514d6e5f1f0b96020469174b2\instruction_memory..
Finding unused cells or wires in module \instruction_decoder..
Finding unused cells or wires in module \data_memory..
Finding unused cells or wires in module \control_unit..
Finding unused cells or wires in module \control_fsm..
Finding unused cells or wires in module \status_register..
Finding unused cells or wires in module \alu..

14.8.15. Executing OPT_EXPR pass (perform const folding).
Optimizing module register_file.
Optimizing module program_counter.
Optimizing module minirisc_cpu.
Optimizing module instruction_register.
Optimizing module $paramod$815189997191ad7514d6e5f1f0b96020469174b2\instruction_memory.
Optimizing module instruction_decoder.
Optimizing module data_memory.
Optimizing module control_unit.
Optimizing module control_fsm.
Optimizing module status_register.
Optimizing module alu.

14.8.16. Finished fast OPT passes. (There is nothing left to do.)

14.9. Executing WREDUCE pass (reducing word size of cells).
Removed top 29 address bits (of 32) from memory init port register_file.$auto$proc_memwr.cc:45:proc_memwr$1003 (registers).
Removed top 29 address bits (of 32) from memory init port register_file.$auto$proc_memwr.cc:45:proc_memwr$1004 (registers).
Removed top 29 address bits (of 32) from memory init port register_file.$auto$proc_memwr.cc:45:proc_memwr$1005 (registers).
Removed top 29 address bits (of 32) from memory init port register_file.$auto$proc_memwr.cc:45:proc_memwr$1006 (registers).
Removed top 29 address bits (of 32) from memory init port register_file.$auto$proc_memwr.cc:45:proc_memwr$1007 (registers).
Removed top 29 address bits (of 32) from memory init port register_file.$auto$proc_memwr.cc:45:proc_memwr$1000 (registers).
Removed top 29 address bits (of 32) from memory init port register_file.$auto$proc_memwr.cc:45:proc_memwr$1001 (registers).
Removed top 29 address bits (of 32) from memory init port register_file.$auto$proc_memwr.cc:45:proc_memwr$1002 (registers).
Removed top 7 bits (of 8) from port B of cell program_counter.$add$rtl/program_counter.v:23$809 ($add).
Removed top 1 bits (of 2) from port B of cell minirisc_cpu.$procmux$921_CMP0 ($eq).
Removed top 24 address bits (of 32) from memory init port $paramod$815189997191ad7514d6e5f1f0b96020469174b2\instruction_memory.$meminit$\memory$rtl/instruction_memory.v:11$850 (memory).
Removed top 24 address bits (of 32) from memory init port data_memory.$meminit$\memory$rtl/data_memory.v:21$539 (memory).
Removed top 24 address bits (of 32) from memory init port data_memory.$meminit$\memory$rtl/data_memory.v:21$538 (memory).
Removed top 24 address bits (of 32) from memory init port data_memory.$meminit$\memory$rtl/data_memory.v:21$537 (memory).
Removed top 24 address bits (of 32) from memory init port data_memory.$meminit$\memory$rtl/data_memory.v:21$536 (memory).
Removed top 24 address bits (of 32) from memory init port data_memory.$meminit$\memory$rtl/data_memory.v:21$535 (memory).
Removed top 24 address bits (of 32) from memory init port data_memory.$meminit$\memory$rtl/data_memory.v:21$534 (memory).
Removed top 24 address bits (of 32) from memory init port data_memory.$meminit$\memory$rtl/data_memory.v:21$533 (memory).
Removed top 24 address bits (of 32) from memory init port data_memory.$meminit$\memory$rtl/data_memory.v:21$532 (memory).
Removed top 24 address bits (of 32) from memory init port data_memory.$meminit$\memory$rtl/data_memory.v:21$531 (memory).
Removed top 24 address bits (of 32) from memory init port data_memory.$meminit$\memory$rtl/data_memory.v:21$530 (memory).
Removed top 24 address bits (of 32) from memory init port data_memory.$meminit$\memory$rtl/data_memory.v:21$529 (memory).
Removed top 24 address bits (of 32) from memory init port data_memory.$meminit$\memory$rtl/data_memory.v:21$528 (memory).
Removed top 24 address bits (of 32) from memory init port data_memory.$meminit$\memory$rtl/data_memory.v:21$527 (memory).
Removed top 24 address bits (of 32) from memory init port data_memory.$meminit$\memory$rtl/data_memory.v:21$526 (memory).
Removed top 24 address bits (of 32) from memory init port data_memory.$meminit$\memory$rtl/data_memory.v:21$525 (memory).
Removed top 24 address bits (of 32) from memory init port data_memory.$meminit$\memory$rtl/data_memory.v:21$524 (memory).
Removed top 24 address bits (of 32) from memory init port data_memory.$meminit$\memory$rtl/data_memory.v:21$523 (memory).
Removed top 24 address bits (of 32) from memory init port data_memory.$meminit$\memory$rtl/data_memory.v:21$522 (memory).
Removed top 24 address bits (of 32) from memory init port data_memory.$meminit$\memory$rtl/data_memory.v:21$521 (memory).
Removed top 24 address bits (of 32) from memory init port data_memory.$meminit$\memory$rtl/data_memory.v:21$520 (memory).
Removed top 24 address bits (of 32) from memory init port data_memory.$meminit$\memory$rtl/data_memory.v:21$519 (memory).
Removed top 24 address bits (of 32) from memory init port data_memory.$meminit$\memory$rtl/data_memory.v:21$518 (memory).
Removed top 24 address bits (of 32) from memory init port data_memory.$meminit$\memory$rtl/data_memory.v:21$517 (memory).
Removed top 24 address bits (of 32) from memory init port data_memory.$meminit$\memory$rtl/data_memory.v:21$516 (memory).
Removed top 24 address bits (of 32) from memory init port data_memory.$meminit$\memory$rtl/data_memory.v:21$515 (memory).
Removed top 24 address bits (of 32) from memory init port data_memory.$meminit$\memory$rtl/data_memory.v:21$514 (memory).
Removed top 24 address bits (of 32) from memory init port data_memory.$meminit$\memory$rtl/data_memory.v:21$513 (memory).
Removed top 24 address bits (of 32) from memory init port data_memory.$meminit$\memory$rtl/data_memory.v:21$512 (memory).
Removed top 24 address bits (of 32) from memory init port data_memory.$meminit$\memory$rtl/data_memory.v:21$511 (memory).
Removed top 24 address bits (of 32) from memory init port data_memory.$meminit$\memory$rtl/data_memory.v:21$510 (memory).
Removed top 24 address bits (of 32) from memory init port data_memory.$meminit$\memory$rtl/data_memory.v:21$509 (memory).
Removed top 24 address bits (of 32) from memory init port data_memory.$meminit$\memory$rtl/data_memory.v:21$508 (memory).
Removed top 24 address bits (of 32) from memory init port data_memory.$meminit$\memory$rtl/data_memory.v:21$507 (memory).
Removed top 24 address bits (of 32) from memory init port data_memory.$meminit$\memory$rtl/data_memory.v:21$506 (memory).
Removed top 24 address bits (of 32) from memory init port data_memory.$meminit$\memory$rtl/data_memory.v:21$505 (memory).
Removed top 24 address bits (of 32) from memory init port data_memory.$meminit$\memory$rtl/data_memory.v:21$504 (memory).
Removed top 24 address bits (of 32) from memory init port data_memory.$meminit$\memory$rtl/data_memory.v:21$503 (memory).
Removed top 24 address bits (of 32) from memory init port data_memory.$meminit$\memory$rtl/data_memory.v:21$502 (memory).
Removed top 24 address bits (of 32) from memory init port data_memory.$meminit$\memory$rtl/data_memory.v:21$501 (memory).
Removed top 24 address bits (of 32) from memory init port data_memory.$meminit$\memory$rtl/data_memory.v:21$500 (memory).
Removed top 24 address bits (of 32) from memory init port data_memory.$meminit$\memory$rtl/data_memory.v:21$499 (memory).
Removed top 24 address bits (of 32) from memory init port data_memory.$meminit$\memory$rtl/data_memory.v:21$498 (memory).
Removed top 24 address bits (of 32) from memory init port data_memory.$meminit$\memory$rtl/data_memory.v:21$497 (memory).
Removed top 24 address bits (of 32) from memory init port data_memory.$meminit$\memory$rtl/data_memory.v:21$496 (memory).
Removed top 24 address bits (of 32) from memory init port data_memory.$meminit$\memory$rtl/data_memory.v:21$495 (memory).
Removed top 24 address bits (of 32) from memory init port data_memory.$meminit$\memory$rtl/data_memory.v:21$494 (memory).
Removed top 24 address bits (of 32) from memory init port data_memory.$meminit$\memory$rtl/data_memory.v:21$493 (memory).
Removed top 24 address bits (of 32) from memory init port data_memory.$meminit$\memory$rtl/data_memory.v:21$492 (memory).
Removed top 24 address bits (of 32) from memory init port data_memory.$meminit$\memory$rtl/data_memory.v:21$491 (memory).
Removed top 24 address bits (of 32) from memory init port data_memory.$meminit$\memory$rtl/data_memory.v:21$490 (memory).
Removed top 24 address bits (of 32) from memory init port data_memory.$meminit$\memory$rtl/data_memory.v:21$489 (memory).
Removed top 24 address bits (of 32) from memory init port data_memory.$meminit$\memory$rtl/data_memory.v:21$488 (memory).
Removed top 24 address bits (of 32) from memory init port data_memory.$meminit$\memory$rtl/data_memory.v:21$487 (memory).
Removed top 24 address bits (of 32) from memory init port data_memory.$meminit$\memory$rtl/data_memory.v:21$486 (memory).
Removed top 24 address bits (of 32) from memory init port data_memory.$meminit$\memory$rtl/data_memory.v:21$485 (memory).
Removed top 24 address bits (of 32) from memory init port data_memory.$meminit$\memory$rtl/data_memory.v:21$484 (memory).
Removed top 24 address bits (of 32) from memory init port data_memory.$meminit$\memory$rtl/data_memory.v:21$483 (memory).
Removed top 24 address bits (of 32) from memory init port data_memory.$meminit$\memory$rtl/data_memory.v:21$482 (memory).
Removed top 24 address bits (of 32) from memory init port data_memory.$meminit$\memory$rtl/data_memory.v:21$481 (memory).
Removed top 24 address bits (of 32) from memory init port data_memory.$meminit$\memory$rtl/data_memory.v:21$480 (memory).
Removed top 24 address bits (of 32) from memory init port data_memory.$meminit$\memory$rtl/data_memory.v:21$479 (memory).
Removed top 24 address bits (of 32) from memory init port data_memory.$meminit$\memory$rtl/data_memory.v:21$478 (memory).
Removed top 24 address bits (of 32) from memory init port data_memory.$meminit$\memory$rtl/data_memory.v:21$477 (memory).
Removed top 24 address bits (of 32) from memory init port data_memory.$meminit$\memory$rtl/data_memory.v:21$476 (memory).
Removed top 24 address bits (of 32) from memory init port data_memory.$meminit$\memory$rtl/data_memory.v:21$475 (memory).
Removed top 24 address bits (of 32) from memory init port data_memory.$meminit$\memory$rtl/data_memory.v:21$474 (memory).
Removed top 24 address bits (of 32) from memory init port data_memory.$meminit$\memory$rtl/data_memory.v:21$473 (memory).
Removed top 24 address bits (of 32) from memory init port data_memory.$meminit$\memory$rtl/data_memory.v:21$472 (memory).
Removed top 24 address bits (of 32) from memory init port data_memory.$meminit$\memory$rtl/data_memory.v:21$471 (memory).
Removed top 24 address bits (of 32) from memory init port data_memory.$meminit$\memory$rtl/data_memory.v:21$470 (memory).
Removed top 24 address bits (of 32) from memory init port data_memory.$meminit$\memory$rtl/data_memory.v:21$469 (memory).
Removed top 24 address bits (of 32) from memory init port data_memory.$meminit$\memory$rtl/data_memory.v:21$468 (memory).
Removed top 24 address bits (of 32) from memory init port data_memory.$meminit$\memory$rtl/data_memory.v:21$467 (memory).
Removed top 24 address bits (of 32) from memory init port data_memory.$meminit$\memory$rtl/data_memory.v:21$466 (memory).
Removed top 24 address bits (of 32) from memory init port data_memory.$meminit$\memory$rtl/data_memory.v:21$465 (memory).
Removed top 24 address bits (of 32) from memory init port data_memory.$meminit$\memory$rtl/data_memory.v:21$464 (memory).
Removed top 24 address bits (of 32) from memory init port data_memory.$meminit$\memory$rtl/data_memory.v:21$463 (memory).
Removed top 24 address bits (of 32) from memory init port data_memory.$meminit$\memory$rtl/data_memory.v:21$462 (memory).
Removed top 24 address bits (of 32) from memory init port data_memory.$meminit$\memory$rtl/data_memory.v:21$461 (memory).
Removed top 24 address bits (of 32) from memory init port data_memory.$meminit$\memory$rtl/data_memory.v:21$460 (memory).
Removed top 24 address bits (of 32) from memory init port data_memory.$meminit$\memory$rtl/data_memory.v:21$459 (memory).
Removed top 24 address bits (of 32) from memory init port data_memory.$meminit$\memory$rtl/data_memory.v:21$458 (memory).
Removed top 24 address bits (of 32) from memory init port data_memory.$meminit$\memory$rtl/data_memory.v:21$457 (memory).
Removed top 24 address bits (of 32) from memory init port data_memory.$meminit$\memory$rtl/data_memory.v:21$456 (memory).
Removed top 24 address bits (of 32) from memory init port data_memory.$meminit$\memory$rtl/data_memory.v:21$455 (memory).
Removed top 24 address bits (of 32) from memory init port data_memory.$meminit$\memory$rtl/data_memory.v:21$454 (memory).
Removed top 24 address bits (of 32) from memory init port data_memory.$meminit$\memory$rtl/data_memory.v:21$453 (memory).
Removed top 24 address bits (of 32) from memory init port data_memory.$meminit$\memory$rtl/data_memory.v:21$452 (memory).
Removed top 24 address bits (of 32) from memory init port data_memory.$meminit$\memory$rtl/data_memory.v:21$451 (memory).
Removed top 24 address bits (of 32) from memory init port data_memory.$meminit$\memory$rtl/data_memory.v:21$450 (memory).
Removed top 24 address bits (of 32) from memory init port data_memory.$meminit$\memory$rtl/data_memory.v:21$449 (memory).
Removed top 24 address bits (of 32) from memory init port data_memory.$meminit$\memory$rtl/data_memory.v:21$448 (memory).
Removed top 24 address bits (of 32) from memory init port data_memory.$meminit$\memory$rtl/data_memory.v:21$447 (memory).
Removed top 24 address bits (of 32) from memory init port data_memory.$meminit$\memory$rtl/data_memory.v:21$446 (memory).
Removed top 24 address bits (of 32) from memory init port data_memory.$meminit$\memory$rtl/data_memory.v:21$445 (memory).
Removed top 24 address bits (of 32) from memory init port data_memory.$meminit$\memory$rtl/data_memory.v:21$444 (memory).
Removed top 24 address bits (of 32) from memory init port data_memory.$meminit$\memory$rtl/data_memory.v:21$443 (memory).
Removed top 24 address bits (of 32) from memory init port data_memory.$meminit$\memory$rtl/data_memory.v:21$442 (memory).
Removed top 24 address bits (of 32) from memory init port data_memory.$meminit$\memory$rtl/data_memory.v:21$441 (memory).
Removed top 24 address bits (of 32) from memory init port data_memory.$meminit$\memory$rtl/data_memory.v:21$440 (memory).
Removed top 24 address bits (of 32) from memory init port data_memory.$meminit$\memory$rtl/data_memory.v:21$439 (memory).
Removed top 24 address bits (of 32) from memory init port data_memory.$meminit$\memory$rtl/data_memory.v:21$438 (memory).
Removed top 24 address bits (of 32) from memory init port data_memory.$meminit$\memory$rtl/data_memory.v:21$437 (memory).
Removed top 24 address bits (of 32) from memory init port data_memory.$meminit$\memory$rtl/data_memory.v:21$436 (memory).
Removed top 24 address bits (of 32) from memory init port data_memory.$meminit$\memory$rtl/data_memory.v:21$435 (memory).
Removed top 24 address bits (of 32) from memory init port data_memory.$meminit$\memory$rtl/data_memory.v:21$434 (memory).
Removed top 24 address bits (of 32) from memory init port data_memory.$meminit$\memory$rtl/data_memory.v:21$433 (memory).
Removed top 24 address bits (of 32) from memory init port data_memory.$meminit$\memory$rtl/data_memory.v:21$432 (memory).
Removed top 24 address bits (of 32) from memory init port data_memory.$meminit$\memory$rtl/data_memory.v:21$431 (memory).
Removed top 24 address bits (of 32) from memory init port data_memory.$meminit$\memory$rtl/data_memory.v:21$430 (memory).
Removed top 24 address bits (of 32) from memory init port data_memory.$meminit$\memory$rtl/data_memory.v:21$429 (memory).
Removed top 24 address bits (of 32) from memory init port data_memory.$meminit$\memory$rtl/data_memory.v:21$428 (memory).
Removed top 24 address bits (of 32) from memory init port data_memory.$meminit$\memory$rtl/data_memory.v:21$427 (memory).
Removed top 24 address bits (of 32) from memory init port data_memory.$meminit$\memory$rtl/data_memory.v:21$426 (memory).
Removed top 24 address bits (of 32) from memory init port data_memory.$meminit$\memory$rtl/data_memory.v:21$425 (memory).
Removed top 24 address bits (of 32) from memory init port data_memory.$meminit$\memory$rtl/data_memory.v:21$424 (memory).
Removed top 24 address bits (of 32) from memory init port data_memory.$meminit$\memory$rtl/data_memory.v:21$423 (memory).
Removed top 24 address bits (of 32) from memory init port data_memory.$meminit$\memory$rtl/data_memory.v:21$422 (memory).
Removed top 24 address bits (of 32) from memory init port data_memory.$meminit$\memory$rtl/data_memory.v:21$421 (memory).
Removed top 24 address bits (of 32) from memory init port data_memory.$meminit$\memory$rtl/data_memory.v:21$420 (memory).
Removed top 24 address bits (of 32) from memory init port data_memory.$meminit$\memory$rtl/data_memory.v:21$419 (memory).
Removed top 24 address bits (of 32) from memory init port data_memory.$meminit$\memory$rtl/data_memory.v:21$418 (memory).
Removed top 24 address bits (of 32) from memory init port data_memory.$meminit$\memory$rtl/data_memory.v:21$417 (memory).
Removed top 24 address bits (of 32) from memory init port data_memory.$meminit$\memory$rtl/data_memory.v:21$416 (memory).
Removed top 24 address bits (of 32) from memory init port data_memory.$meminit$\memory$rtl/data_memory.v:21$415 (memory).
Removed top 24 address bits (of 32) from memory init port data_memory.$meminit$\memory$rtl/data_memory.v:21$414 (memory).
Removed top 24 address bits (of 32) from memory init port data_memory.$meminit$\memory$rtl/data_memory.v:21$413 (memory).
Removed top 24 address bits (of 32) from memory init port data_memory.$meminit$\memory$rtl/data_memory.v:21$412 (memory).
Removed top 24 address bits (of 32) from memory init port data_memory.$meminit$\memory$rtl/data_memory.v:21$411 (memory).
Removed top 24 address bits (of 32) from memory init port data_memory.$meminit$\memory$rtl/data_memory.v:21$410 (memory).
Removed top 24 address bits (of 32) from memory init port data_memory.$meminit$\memory$rtl/data_memory.v:21$409 (memory).
Removed top 24 address bits (of 32) from memory init port data_memory.$meminit$\memory$rtl/data_memory.v:21$408 (memory).
Removed top 24 address bits (of 32) from memory init port data_memory.$meminit$\memory$rtl/data_memory.v:21$407 (memory).
Removed top 24 address bits (of 32) from memory init port data_memory.$meminit$\memory$rtl/data_memory.v:21$406 (memory).
Removed top 24 address bits (of 32) from memory init port data_memory.$meminit$\memory$rtl/data_memory.v:21$405 (memory).
Removed top 24 address bits (of 32) from memory init port data_memory.$meminit$\memory$rtl/data_memory.v:21$404 (memory).
Removed top 24 address bits (of 32) from memory init port data_memory.$meminit$\memory$rtl/data_memory.v:21$403 (memory).
Removed top 24 address bits (of 32) from memory init port data_memory.$meminit$\memory$rtl/data_memory.v:21$402 (memory).
Removed top 24 address bits (of 32) from memory init port data_memory.$meminit$\memory$rtl/data_memory.v:21$401 (memory).
Removed top 24 address bits (of 32) from memory init port data_memory.$meminit$\memory$rtl/data_memory.v:21$400 (memory).
Removed top 24 address bits (of 32) from memory init port data_memory.$meminit$\memory$rtl/data_memory.v:21$399 (memory).
Removed top 24 address bits (of 32) from memory init port data_memory.$meminit$\memory$rtl/data_memory.v:21$398 (memory).
Removed top 24 address bits (of 32) from memory init port data_memory.$meminit$\memory$rtl/data_memory.v:21$397 (memory).
Removed top 24 address bits (of 32) from memory init port data_memory.$meminit$\memory$rtl/data_memory.v:21$396 (memory).
Removed top 24 address bits (of 32) from memory init port data_memory.$meminit$\memory$rtl/data_memory.v:21$395 (memory).
Removed top 24 address bits (of 32) from memory init port data_memory.$meminit$\memory$rtl/data_memory.v:21$394 (memory).
Removed top 24 address bits (of 32) from memory init port data_memory.$meminit$\memory$rtl/data_memory.v:21$393 (memory).
Removed top 24 address bits (of 32) from memory init port data_memory.$meminit$\memory$rtl/data_memory.v:21$392 (memory).
Removed top 24 address bits (of 32) from memory init port data_memory.$meminit$\memory$rtl/data_memory.v:21$391 (memory).
Removed top 24 address bits (of 32) from memory init port data_memory.$meminit$\memory$rtl/data_memory.v:21$390 (memory).
Removed top 24 address bits (of 32) from memory init port data_memory.$meminit$\memory$rtl/data_memory.v:21$389 (memory).
Removed top 24 address bits (of 32) from memory init port data_memory.$meminit$\memory$rtl/data_memory.v:21$388 (memory).
Removed top 24 address bits (of 32) from memory init port data_memory.$meminit$\memory$rtl/data_memory.v:21$387 (memory).
Removed top 24 address bits (of 32) from memory init port data_memory.$meminit$\memory$rtl/data_memory.v:21$386 (memory).
Removed top 24 address bits (of 32) from memory init port data_memory.$meminit$\memory$rtl/data_memory.v:21$385 (memory).
Removed top 24 address bits (of 32) from memory init port data_memory.$meminit$\memory$rtl/data_memory.v:21$384 (memory).
Removed top 24 address bits (of 32) from memory init port data_memory.$meminit$\memory$rtl/data_memory.v:21$383 (memory).
Removed top 24 address bits (of 32) from memory init port data_memory.$meminit$\memory$rtl/data_memory.v:21$382 (memory).
Removed top 24 address bits (of 32) from memory init port data_memory.$meminit$\memory$rtl/data_memory.v:21$381 (memory).
Removed top 24 address bits (of 32) from memory init port data_memory.$meminit$\memory$rtl/data_memory.v:21$380 (memory).
Removed top 24 address bits (of 32) from memory init port data_memory.$meminit$\memory$rtl/data_memory.v:21$379 (memory).
Removed top 24 address bits (of 32) from memory init port data_memory.$meminit$\memory$rtl/data_memory.v:21$378 (memory).
Removed top 24 address bits (of 32) from memory init port data_memory.$meminit$\memory$rtl/data_memory.v:21$377 (memory).
Removed top 24 address bits (of 32) from memory init port data_memory.$meminit$\memory$rtl/data_memory.v:21$376 (memory).
Removed top 24 address bits (of 32) from memory init port data_memory.$meminit$\memory$rtl/data_memory.v:21$375 (memory).
Removed top 24 address bits (of 32) from memory init port data_memory.$meminit$\memory$rtl/data_memory.v:21$374 (memory).
Removed top 24 address bits (of 32) from memory init port data_memory.$meminit$\memory$rtl/data_memory.v:21$373 (memory).
Removed top 24 address bits (of 32) from memory init port data_memory.$meminit$\memory$rtl/data_memory.v:21$372 (memory).
Removed top 24 address bits (of 32) from memory init port data_memory.$meminit$\memory$rtl/data_memory.v:21$371 (memory).
Removed top 24 address bits (of 32) from memory init port data_memory.$meminit$\memory$rtl/data_memory.v:21$370 (memory).
Removed top 24 address bits (of 32) from memory init port data_memory.$meminit$\memory$rtl/data_memory.v:21$369 (memory).
Removed top 24 address bits (of 32) from memory init port data_memory.$meminit$\memory$rtl/data_memory.v:21$368 (memory).
Removed top 24 address bits (of 32) from memory init port data_memory.$meminit$\memory$rtl/data_memory.v:21$367 (memory).
Removed top 24 address bits (of 32) from memory init port data_memory.$meminit$\memory$rtl/data_memory.v:21$366 (memory).
Removed top 24 address bits (of 32) from memory init port data_memory.$meminit$\memory$rtl/data_memory.v:21$365 (memory).
Removed top 24 address bits (of 32) from memory init port data_memory.$meminit$\memory$rtl/data_memory.v:21$364 (memory).
Removed top 24 address bits (of 32) from memory init port data_memory.$meminit$\memory$rtl/data_memory.v:21$363 (memory).
Removed top 24 address bits (of 32) from memory init port data_memory.$meminit$\memory$rtl/data_memory.v:21$362 (memory).
Removed top 24 address bits (of 32) from memory init port data_memory.$meminit$\memory$rtl/data_memory.v:21$361 (memory).
Removed top 24 address bits (of 32) from memory init port data_memory.$meminit$\memory$rtl/data_memory.v:21$360 (memory).
Removed top 24 address bits (of 32) from memory init port data_memory.$meminit$\memory$rtl/data_memory.v:21$359 (memory).
Removed top 24 address bits (of 32) from memory init port data_memory.$meminit$\memory$rtl/data_memory.v:21$358 (memory).
Removed top 24 address bits (of 32) from memory init port data_memory.$meminit$\memory$rtl/data_memory.v:21$357 (memory).
Removed top 24 address bits (of 32) from memory init port data_memory.$meminit$\memory$rtl/data_memory.v:21$356 (memory).
Removed top 24 address bits (of 32) from memory init port data_memory.$meminit$\memory$rtl/data_memory.v:21$355 (memory).
Removed top 24 address bits (of 32) from memory init port data_memory.$meminit$\memory$rtl/data_memory.v:21$354 (memory).
Removed top 24 address bits (of 32) from memory init port data_memory.$meminit$\memory$rtl/data_memory.v:21$353 (memory).
Removed top 24 address bits (of 32) from memory init port data_memory.$meminit$\memory$rtl/data_memory.v:21$352 (memory).
Removed top 24 address bits (of 32) from memory init port data_memory.$meminit$\memory$rtl/data_memory.v:21$351 (memory).
Removed top 24 address bits (of 32) from memory init port data_memory.$meminit$\memory$rtl/data_memory.v:21$350 (memory).
Removed top 24 address bits (of 32) from memory init port data_memory.$meminit$\memory$rtl/data_memory.v:21$349 (memory).
Removed top 24 address bits (of 32) from memory init port data_memory.$meminit$\memory$rtl/data_memory.v:21$348 (memory).
Removed top 24 address bits (of 32) from memory init port data_memory.$meminit$\memory$rtl/data_memory.v:21$347 (memory).
Removed top 24 address bits (of 32) from memory init port data_memory.$meminit$\memory$rtl/data_memory.v:21$346 (memory).
Removed top 24 address bits (of 32) from memory init port data_memory.$meminit$\memory$rtl/data_memory.v:21$345 (memory).
Removed top 24 address bits (of 32) from memory init port data_memory.$meminit$\memory$rtl/data_memory.v:21$344 (memory).
Removed top 24 address bits (of 32) from memory init port data_memory.$meminit$\memory$rtl/data_memory.v:21$343 (memory).
Removed top 24 address bits (of 32) from memory init port data_memory.$meminit$\memory$rtl/data_memory.v:21$342 (memory).
Removed top 24 address bits (of 32) from memory init port data_memory.$meminit$\memory$rtl/data_memory.v:21$341 (memory).
Removed top 24 address bits (of 32) from memory init port data_memory.$meminit$\memory$rtl/data_memory.v:21$340 (memory).
Removed top 24 address bits (of 32) from memory init port data_memory.$meminit$\memory$rtl/data_memory.v:21$339 (memory).
Removed top 24 address bits (of 32) from memory init port data_memory.$meminit$\memory$rtl/data_memory.v:21$338 (memory).
Removed top 24 address bits (of 32) from memory init port data_memory.$meminit$\memory$rtl/data_memory.v:21$337 (memory).
Removed top 24 address bits (of 32) from memory init port data_memory.$meminit$\memory$rtl/data_memory.v:21$336 (memory).
Removed top 24 address bits (of 32) from memory init port data_memory.$meminit$\memory$rtl/data_memory.v:21$335 (memory).
Removed top 24 address bits (of 32) from memory init port data_memory.$meminit$\memory$rtl/data_memory.v:21$334 (memory).
Removed top 24 address bits (of 32) from memory init port data_memory.$meminit$\memory$rtl/data_memory.v:21$333 (memory).
Removed top 24 address bits (of 32) from memory init port data_memory.$meminit$\memory$rtl/data_memory.v:21$332 (memory).
Removed top 24 address bits (of 32) from memory init port data_memory.$meminit$\memory$rtl/data_memory.v:21$331 (memory).
Removed top 24 address bits (of 32) from memory init port data_memory.$meminit$\memory$rtl/data_memory.v:21$330 (memory).
Removed top 24 address bits (of 32) from memory init port data_memory.$meminit$\memory$rtl/data_memory.v:21$329 (memory).
Removed top 24 address bits (of 32) from memory init port data_memory.$meminit$\memory$rtl/data_memory.v:21$328 (memory).
Removed top 24 address bits (of 32) from memory init port data_memory.$meminit$\memory$rtl/data_memory.v:21$327 (memory).
Removed top 24 address bits (of 32) from memory init port data_memory.$meminit$\memory$rtl/data_memory.v:21$326 (memory).
Removed top 24 address bits (of 32) from memory init port data_memory.$meminit$\memory$rtl/data_memory.v:21$325 (memory).
Removed top 24 address bits (of 32) from memory init port data_memory.$meminit$\memory$rtl/data_memory.v:21$324 (memory).
Removed top 24 address bits (of 32) from memory init port data_memory.$meminit$\memory$rtl/data_memory.v:21$323 (memory).
Removed top 24 address bits (of 32) from memory init port data_memory.$meminit$\memory$rtl/data_memory.v:21$322 (memory).
Removed top 24 address bits (of 32) from memory init port data_memory.$meminit$\memory$rtl/data_memory.v:21$321 (memory).
Removed top 24 address bits (of 32) from memory init port data_memory.$meminit$\memory$rtl/data_memory.v:21$320 (memory).
Removed top 24 address bits (of 32) from memory init port data_memory.$meminit$\memory$rtl/data_memory.v:21$319 (memory).
Removed top 24 address bits (of 32) from memory init port data_memory.$meminit$\memory$rtl/data_memory.v:21$318 (memory).
Removed top 24 address bits (of 32) from memory init port data_memory.$meminit$\memory$rtl/data_memory.v:21$317 (memory).
Removed top 24 address bits (of 32) from memory init port data_memory.$meminit$\memory$rtl/data_memory.v:21$316 (memory).
Removed top 24 address bits (of 32) from memory init port data_memory.$meminit$\memory$rtl/data_memory.v:21$315 (memory).
Removed top 24 address bits (of 32) from memory init port data_memory.$meminit$\memory$rtl/data_memory.v:21$314 (memory).
Removed top 24 address bits (of 32) from memory init port data_memory.$meminit$\memory$rtl/data_memory.v:21$313 (memory).
Removed top 24 address bits (of 32) from memory init port data_memory.$meminit$\memory$rtl/data_memory.v:21$312 (memory).
Removed top 24 address bits (of 32) from memory init port data_memory.$meminit$\memory$rtl/data_memory.v:21$311 (memory).
Removed top 24 address bits (of 32) from memory init port data_memory.$meminit$\memory$rtl/data_memory.v:21$310 (memory).
Removed top 24 address bits (of 32) from memory init port data_memory.$meminit$\memory$rtl/data_memory.v:21$309 (memory).
Removed top 24 address bits (of 32) from memory init port data_memory.$meminit$\memory$rtl/data_memory.v:21$308 (memory).
Removed top 24 address bits (of 32) from memory init port data_memory.$meminit$\memory$rtl/data_memory.v:21$307 (memory).
Removed top 24 address bits (of 32) from memory init port data_memory.$meminit$\memory$rtl/data_memory.v:21$306 (memory).
Removed top 24 address bits (of 32) from memory init port data_memory.$meminit$\memory$rtl/data_memory.v:21$305 (memory).
Removed top 24 address bits (of 32) from memory init port data_memory.$meminit$\memory$rtl/data_memory.v:21$304 (memory).
Removed top 24 address bits (of 32) from memory init port data_memory.$meminit$\memory$rtl/data_memory.v:21$303 (memory).
Removed top 24 address bits (of 32) from memory init port data_memory.$meminit$\memory$rtl/data_memory.v:21$302 (memory).
Removed top 24 address bits (of 32) from memory init port data_memory.$meminit$\memory$rtl/data_memory.v:21$301 (memory).
Removed top 24 address bits (of 32) from memory init port data_memory.$meminit$\memory$rtl/data_memory.v:21$300 (memory).
Removed top 24 address bits (of 32) from memory init port data_memory.$meminit$\memory$rtl/data_memory.v:21$299 (memory).
Removed top 24 address bits (of 32) from memory init port data_memory.$meminit$\memory$rtl/data_memory.v:21$298 (memory).
Removed top 24 address bits (of 32) from memory init port data_memory.$meminit$\memory$rtl/data_memory.v:21$297 (memory).
Removed top 24 address bits (of 32) from memory init port data_memory.$meminit$\memory$rtl/data_memory.v:21$296 (memory).
Removed top 24 address bits (of 32) from memory init port data_memory.$meminit$\memory$rtl/data_memory.v:21$295 (memory).
Removed top 24 address bits (of 32) from memory init port data_memory.$meminit$\memory$rtl/data_memory.v:21$294 (memory).
Removed top 24 address bits (of 32) from memory init port data_memory.$meminit$\memory$rtl/data_memory.v:21$293 (memory).
Removed top 24 address bits (of 32) from memory init port data_memory.$meminit$\memory$rtl/data_memory.v:21$292 (memory).
Removed top 24 address bits (of 32) from memory init port data_memory.$meminit$\memory$rtl/data_memory.v:21$291 (memory).
Removed top 24 address bits (of 32) from memory init port data_memory.$meminit$\memory$rtl/data_memory.v:21$290 (memory).
Removed top 24 address bits (of 32) from memory init port data_memory.$meminit$\memory$rtl/data_memory.v:21$289 (memory).
Removed top 24 address bits (of 32) from memory init port data_memory.$meminit$\memory$rtl/data_memory.v:21$288 (memory).
Removed top 24 address bits (of 32) from memory init port data_memory.$meminit$\memory$rtl/data_memory.v:21$287 (memory).
Removed top 24 address bits (of 32) from memory init port data_memory.$meminit$\memory$rtl/data_memory.v:21$286 (memory).
Removed top 24 address bits (of 32) from memory init port data_memory.$meminit$\memory$rtl/data_memory.v:21$285 (memory).
Removed top 24 address bits (of 32) from memory init port data_memory.$meminit$\memory$rtl/data_memory.v:21$284 (memory).
Removed top 28 address bits (of 32) from memory init port control_unit.$auto$mem.cc:351:emit$855 ($auto$proc_rom.cc:155:do_switch$853).
Removed top 1 bits (of 3) from port B of cell control_fsm.$eq$rtl/control_fsm.v:92$14 ($eq).
Removed top 1 bits (of 3) from port B of cell control_fsm.$procmux$950_CMP0 ($eq).
Removed top 2 bits (of 3) from port B of cell control_fsm.$procmux$951_CMP0 ($eq).
Removed top 1 bits (of 3) from port B of cell alu.$procmux$976_CMP0 ($eq).
Removed top 1 bits (of 3) from port B of cell alu.$procmux$977_CMP0 ($eq).
Removed top 2 bits (of 3) from port B of cell alu.$procmux$978_CMP0 ($eq).

14.10. Executing PEEPOPT pass (run peephole optimizers).

14.11. Executing OPT_CLEAN pass (remove unused cells and wires).
Finding unused cells or wires in module \register_file..
Finding unused cells or wires in module \program_counter..
Finding unused cells or wires in module \minirisc_cpu..
Finding unused cells or wires in module \instruction_register..
Finding unused cells or wires in module $paramod$815189997191ad7514d6e5f1f0b96020469174b2\instruction_memory..
Finding unused cells or wires in module \instruction_decoder..
Finding unused cells or wires in module \data_memory..
Finding unused cells or wires in module \control_unit..
Finding unused cells or wires in module \control_fsm..
Finding unused cells or wires in module \status_register..
Finding unused cells or wires in module \alu..

14.12. Executing ALUMACC pass (create $alu and $macc cells).
Extracting $alu and $macc cells in module register_file:
  created 0 $alu and 0 $macc cells.
Extracting $alu and $macc cells in module program_counter:
  creating $macc model for $add$rtl/program_counter.v:23$809 ($add).
  creating $alu model for $macc $add$rtl/program_counter.v:23$809.
  creating $alu cell for $add$rtl/program_counter.v:23$809: $auto$alumacc.cc:548:replace_alu$1019
  created 1 $alu and 0 $macc cells.
Extracting $alu and $macc cells in module minirisc_cpu:
  created 0 $alu and 0 $macc cells.
Extracting $alu and $macc cells in module instruction_register:
  created 0 $alu and 0 $macc cells.
Extracting $alu and $macc cells in module $paramod$815189997191ad7514d6e5f1f0b96020469174b2\instruction_memory:
  created 0 $alu and 0 $macc cells.
Extracting $alu and $macc cells in module instruction_decoder:
  created 0 $alu and 0 $macc cells.
Extracting $alu and $macc cells in module data_memory:
  created 0 $alu and 0 $macc cells.
Extracting $alu and $macc cells in module control_unit:
  created 0 $alu and 0 $macc cells.
Extracting $alu and $macc cells in module control_fsm:
  created 0 $alu and 0 $macc cells.
Extracting $alu and $macc cells in module status_register:
  created 0 $alu and 0 $macc cells.
Extracting $alu and $macc cells in module alu:
  creating $macc model for $sub$rtl/alu.v:21$3 ($sub).
  creating $macc model for $add$rtl/alu.v:17$2 ($add).
  creating $alu model for $macc $add$rtl/alu.v:17$2.
  creating $alu model for $macc $sub$rtl/alu.v:21$3.
  creating $alu cell for $sub$rtl/alu.v:21$3: $auto$alumacc.cc:548:replace_alu$1022
  creating $alu cell for $add$rtl/alu.v:17$2: $auto$alumacc.cc:548:replace_alu$1025
  created 2 $alu and 0 $macc cells.

14.13. Executing SHARE pass (SAT-based resource sharing).

14.14. Executing OPT pass (performing simple optimizations).

14.14.1. Executing OPT_EXPR pass (perform const folding).
Optimizing module register_file.
Optimizing module program_counter.
Optimizing module minirisc_cpu.
Optimizing module instruction_register.
Optimizing module $paramod$815189997191ad7514d6e5f1f0b96020469174b2\instruction_memory.
Optimizing module instruction_decoder.
Optimizing module data_memory.
Optimizing module control_unit.
Optimizing module control_fsm.
Optimizing module status_register.
Optimizing module alu.

14.14.2. Executing OPT_MERGE pass (detect identical cells).
Finding identical cells in module `\register_file'.
Computing hashes of 18 cells of `\register_file'.
Finding duplicate cells in `\register_file'.
Finding identical cells in module `\program_counter'.
Computing hashes of 3 cells of `\program_counter'.
Finding duplicate cells in `\program_counter'.
Finding identical cells in module `\minirisc_cpu'.
Computing hashes of 21 cells of `\minirisc_cpu'.
Finding duplicate cells in `\minirisc_cpu'.
Finding identical cells in module `\instruction_register'.
Computing hashes of 1 cells of `\instruction_register'.
Finding duplicate cells in `\instruction_register'.
Finding identical cells in module `$paramod$815189997191ad7514d6e5f1f0b96020469174b2\instruction_memory'.
Computing hashes of 2 cells of `$paramod$815189997191ad7514d6e5f1f0b96020469174b2\instruction_memory'.
Finding duplicate cells in `$paramod$815189997191ad7514d6e5f1f0b96020469174b2\instruction_memory'.
Finding identical cells in module `\instruction_decoder'.
Computing hashes of 0 cells of `\instruction_decoder'.
Finding duplicate cells in `\instruction_decoder'.
Finding identical cells in module `\data_memory'.
Computing hashes of 262 cells of `\data_memory'.
Finding duplicate cells in `\data_memory'.
Finding identical cells in module `\control_unit'.
Computing hashes of 2 cells of `\control_unit'.
Finding duplicate cells in `\control_unit'.
Finding identical cells in module `\control_fsm'.
Computing hashes of 8 cells of `\control_fsm'.
Finding duplicate cells in `\control_fsm'.
Finding identical cells in module `\status_register'.
Computing hashes of 2 cells of `\status_register'.
Finding duplicate cells in `\status_register'.
Finding identical cells in module `\alu'.
Computing hashes of 13 cells of `\alu'.
Finding duplicate cells in `\alu'.
Removed a total of 0 cells.

14.14.3. Executing OPT_MUXTREE pass (detect dead branches in mux trees).
Running muxtree optimizer on module \register_file..
  Creating internal representation of mux trees.
  Evaluating internal representation of mux trees.
  Analyzing evaluation results.
Running muxtree optimizer on module \program_counter..
  Creating internal representation of mux trees.
  Evaluating internal representation of mux trees.
  Analyzing evaluation results.
Running muxtree optimizer on module \minirisc_cpu..
  Creating internal representation of mux trees.
  Evaluating internal representation of mux trees.
  Analyzing evaluation results.
Running muxtree optimizer on module \instruction_register..
  Creating internal representation of mux trees.
  No muxes found in this module.
Running muxtree optimizer on module $paramod$815189997191ad7514d6e5f1f0b96020469174b2\instruction_memory..
  Creating internal representation of mux trees.
  No muxes found in this module.
Running muxtree optimizer on module \instruction_decoder..
  Creating internal representation of mux trees.
  No muxes found in this module.
Running muxtree optimizer on module \data_memory..
  Creating internal representation of mux trees.
  Evaluating internal representation of mux trees.
  Analyzing evaluation results.
Running muxtree optimizer on module \control_unit..
  Creating internal representation of mux trees.
  No muxes found in this module.
Running muxtree optimizer on module \control_fsm..
  Creating internal representation of mux trees.
  Evaluating internal representation of mux trees.
  Analyzing evaluation results.
Running muxtree optimizer on module \status_register..
  Creating internal representation of mux trees.
  No muxes found in this module.
Running muxtree optimizer on module \alu..
  Creating internal representation of mux trees.
  Evaluating internal representation of mux trees.
  Analyzing evaluation results.
Removed 0 multiplexer ports.
<suppressed ~30 debug messages>

14.14.4. Executing OPT_REDUCE pass (consolidate $*mux and $reduce_* inputs).
  Optimizing cells in module \register_file.
  Optimizing cells in module \program_counter.
  Optimizing cells in module \minirisc_cpu.
  Optimizing cells in module \instruction_register.
  Optimizing cells in module $paramod$815189997191ad7514d6e5f1f0b96020469174b2\instruction_memory.
  Optimizing cells in module \instruction_decoder.
  Optimizing cells in module \data_memory.
  Optimizing cells in module \control_unit.
  Optimizing cells in module \control_fsm.
  Optimizing cells in module \status_register.
  Optimizing cells in module \alu.
Performed a total of 0 changes.

14.14.5. Executing OPT_MERGE pass (detect identical cells).
Finding identical cells in module `\register_file'.
Computing hashes of 18 cells of `\register_file'.
Finding duplicate cells in `\register_file'.
Finding identical cells in module `\program_counter'.
Computing hashes of 3 cells of `\program_counter'.
Finding duplicate cells in `\program_counter'.
Finding identical cells in module `\minirisc_cpu'.
Computing hashes of 21 cells of `\minirisc_cpu'.
Finding duplicate cells in `\minirisc_cpu'.
Finding identical cells in module `\instruction_register'.
Computing hashes of 1 cells of `\instruction_register'.
Finding duplicate cells in `\instruction_register'.
Finding identical cells in module `$paramod$815189997191ad7514d6e5f1f0b96020469174b2\instruction_memory'.
Computing hashes of 2 cells of `$paramod$815189997191ad7514d6e5f1f0b96020469174b2\instruction_memory'.
Finding duplicate cells in `$paramod$815189997191ad7514d6e5f1f0b96020469174b2\instruction_memory'.
Finding identical cells in module `\instruction_decoder'.
Computing hashes of 0 cells of `\instruction_decoder'.
Finding duplicate cells in `\instruction_decoder'.
Finding identical cells in module `\data_memory'.
Computing hashes of 262 cells of `\data_memory'.
Finding duplicate cells in `\data_memory'.
Finding identical cells in module `\control_unit'.
Computing hashes of 2 cells of `\control_unit'.
Finding duplicate cells in `\control_unit'.
Finding identical cells in module `\control_fsm'.
Computing hashes of 8 cells of `\control_fsm'.
Finding duplicate cells in `\control_fsm'.
Finding identical cells in module `\status_register'.
Computing hashes of 2 cells of `\status_register'.
Finding duplicate cells in `\status_register'.
Finding identical cells in module `\alu'.
Computing hashes of 13 cells of `\alu'.
Finding duplicate cells in `\alu'.
Removed a total of 0 cells.

14.14.6. Executing OPT_DFF pass (perform DFF optimizations).

14.14.7. Executing OPT_CLEAN pass (remove unused cells and wires).
Finding unused cells or wires in module \register_file..
Finding unused cells or wires in module \program_counter..
Finding unused cells or wires in module \minirisc_cpu..
Finding unused cells or wires in module \instruction_register..
Finding unused cells or wires in module $paramod$815189997191ad7514d6e5f1f0b96020469174b2\instruction_memory..
Finding unused cells or wires in module \instruction_decoder..
Finding unused cells or wires in module \data_memory..
Finding unused cells or wires in module \control_unit..
Finding unused cells or wires in module \control_fsm..
Finding unused cells or wires in module \status_register..
Finding unused cells or wires in module \alu..

14.14.8. Executing OPT_EXPR pass (perform const folding).
Optimizing module register_file.
Optimizing module program_counter.
Optimizing module minirisc_cpu.
Optimizing module instruction_register.
Optimizing module $paramod$815189997191ad7514d6e5f1f0b96020469174b2\instruction_memory.
Optimizing module instruction_decoder.
Optimizing module data_memory.
Optimizing module control_unit.
Optimizing module control_fsm.
Optimizing module status_register.
Optimizing module alu.

14.14.9. Finished fast OPT passes. (There is nothing left to do.)

14.15. Executing MEMORY pass.

14.15.1. Executing OPT_MEM pass (optimize memories).
$paramod$815189997191ad7514d6e5f1f0b96020469174b2\instruction_memory.memory: removing const-0 lane 8
Performed a total of 1 transformations.

14.15.2. Executing OPT_MEM_PRIORITY pass (removing unnecessary memory write priority relations).
Performed a total of 28 transformations.

14.15.3. Executing OPT_MEM_FEEDBACK pass (finding memory read-to-write feedback paths).
  Analyzing register_file.registers write port 0.
  Analyzing register_file.registers write port 1.
  Analyzing register_file.registers write port 2.
  Analyzing register_file.registers write port 3.
  Analyzing register_file.registers write port 4.
  Analyzing register_file.registers write port 5.
  Analyzing register_file.registers write port 6.
  Analyzing register_file.registers write port 7.
  Analyzing register_file.registers write port 8.
  Analyzing data_memory.memory write port 0.

14.15.4. Executing MEMORY_BMUX2ROM pass (converting muxes to ROMs).

14.15.5. Executing MEMORY_DFF pass (merging $dff cells to $memrd).
Checking read port `\registers'[0] in module `\register_file': no output FF found.
Checking read port `\registers'[1] in module `\register_file': no output FF found.
Checking read port address `\registers'[0] in module `\register_file': no address FF found.
Checking read port address `\registers'[1] in module `\register_file': no address FF found.
Checking read port `\memory'[0] in module `$paramod$815189997191ad7514d6e5f1f0b96020469174b2\instruction_memory': no output FF found.
Checking read port address `\memory'[0] in module `$paramod$815189997191ad7514d6e5f1f0b96020469174b2\instruction_memory': no address FF found.
Checking read port `\memory'[0] in module `\data_memory': no output FF found.
Checking read port address `\memory'[0] in module `\data_memory': no address FF found.
Checking read port `$auto$proc_rom.cc:155:do_switch$853'[0] in module `\control_unit': no output FF found.
Checking read port address `$auto$proc_rom.cc:155:do_switch$853'[0] in module `\control_unit': no address FF found.

14.15.6. Executing OPT_CLEAN pass (remove unused cells and wires).
Finding unused cells or wires in module \register_file..
Finding unused cells or wires in module \program_counter..
Finding unused cells or wires in module \minirisc_cpu..
Finding unused cells or wires in module \instruction_register..
Finding unused cells or wires in module $paramod$815189997191ad7514d6e5f1f0b96020469174b2\instruction_memory..
Finding unused cells or wires in module \instruction_decoder..
Finding unused cells or wires in module \data_memory..
Finding unused cells or wires in module \control_unit..
Finding unused cells or wires in module \control_fsm..
Finding unused cells or wires in module \status_register..
Finding unused cells or wires in module \alu..

14.15.7. Executing MEMORY_SHARE pass (consolidating $memrd/$memwr cells).
Consolidating read ports of memory register_file.registers by address:
Consolidating write ports of memory register_file.registers by address:
  Merging ports 0, 1 (address 3'000).
  Merging ports 0, 2 (address 3'000).
  Merging ports 0, 3 (address 3'000).
  Merging ports 0, 4 (address 3'000).
  Merging ports 6, 7 (address 3'110).
Consolidating write ports of memory register_file.registers by address:
  Merging ports 1, 2 (address 3'101).
Consolidating write ports of memory register_file.registers by address:
Consolidating write ports of memory register_file.registers using sat-based resource sharing:

14.15.8. Executing OPT_MEM_WIDEN pass (optimize memories where all ports are wide).
Performed a total of 0 transformations.

14.15.9. Executing OPT_CLEAN pass (remove unused cells and wires).
Finding unused cells or wires in module \register_file..
Finding unused cells or wires in module \program_counter..
Finding unused cells or wires in module \minirisc_cpu..
Finding unused cells or wires in module \instruction_register..
Finding unused cells or wires in module $paramod$815189997191ad7514d6e5f1f0b96020469174b2\instruction_memory..
Finding unused cells or wires in module \instruction_decoder..
Finding unused cells or wires in module \data_memory..
Finding unused cells or wires in module \control_unit..
Finding unused cells or wires in module \control_fsm..
Finding unused cells or wires in module \status_register..
Finding unused cells or wires in module \alu..

14.15.10. Executing MEMORY_COLLECT pass (generating $mem cells).

14.16. Executing OPT_CLEAN pass (remove unused cells and wires).
Finding unused cells or wires in module \register_file..
Finding unused cells or wires in module \program_counter..
Finding unused cells or wires in module \minirisc_cpu..
Finding unused cells or wires in module \instruction_register..
Finding unused cells or wires in module $paramod$815189997191ad7514d6e5f1f0b96020469174b2\instruction_memory..
Finding unused cells or wires in module \instruction_decoder..
Finding unused cells or wires in module \data_memory..
Finding unused cells or wires in module \control_unit..
Finding unused cells or wires in module \control_fsm..
Finding unused cells or wires in module \status_register..
Finding unused cells or wires in module \alu..

14.17. Executing OPT pass (performing simple optimizations).

14.17.1. Executing OPT_EXPR pass (perform const folding).
Optimizing module register_file.
<suppressed ~6 debug messages>
Optimizing module program_counter.
Optimizing module minirisc_cpu.
<suppressed ~1 debug messages>
Optimizing module instruction_register.
Optimizing module $paramod$815189997191ad7514d6e5f1f0b96020469174b2\instruction_memory.
Optimizing module instruction_decoder.
Optimizing module data_memory.
<suppressed ~3 debug messages>
Optimizing module control_unit.
Optimizing module control_fsm.
Optimizing module status_register.
Optimizing module alu.
<suppressed ~1 debug messages>

14.17.2. Executing OPT_MERGE pass (detect identical cells).
Finding identical cells in module `\register_file'.
Computing hashes of 2 cells of `\register_file'.
Finding duplicate cells in `\register_file'.
Finding identical cells in module `\program_counter'.
Computing hashes of 3 cells of `\program_counter'.
Finding duplicate cells in `\program_counter'.
Finding identical cells in module `\minirisc_cpu'.
Computing hashes of 21 cells of `\minirisc_cpu'.
Finding duplicate cells in `\minirisc_cpu'.
Finding identical cells in module `\instruction_register'.
Computing hashes of 1 cells of `\instruction_register'.
Finding duplicate cells in `\instruction_register'.
Finding identical cells in module `$paramod$815189997191ad7514d6e5f1f0b96020469174b2\instruction_memory'.
Computing hashes of 1 cells of `$paramod$815189997191ad7514d6e5f1f0b96020469174b2\instruction_memory'.
Finding duplicate cells in `$paramod$815189997191ad7514d6e5f1f0b96020469174b2\instruction_memory'.
Finding identical cells in module `\instruction_decoder'.
Computing hashes of 0 cells of `\instruction_decoder'.
Finding duplicate cells in `\instruction_decoder'.
Finding identical cells in module `\data_memory'.
Computing hashes of 2 cells of `\data_memory'.
Finding duplicate cells in `\data_memory'.
Finding identical cells in module `\control_unit'.
Computing hashes of 1 cells of `\control_unit'.
Finding duplicate cells in `\control_unit'.
Finding identical cells in module `\control_fsm'.
Computing hashes of 8 cells of `\control_fsm'.
Finding duplicate cells in `\control_fsm'.
Finding identical cells in module `\status_register'.
Computing hashes of 2 cells of `\status_register'.
Finding duplicate cells in `\status_register'.
Finding identical cells in module `\alu'.
Computing hashes of 13 cells of `\alu'.
Finding duplicate cells in `\alu'.
Removed a total of 0 cells.

14.17.3. Executing OPT_DFF pass (perform DFF optimizations).

14.17.4. Executing OPT_CLEAN pass (remove unused cells and wires).
Finding unused cells or wires in module \register_file..
Finding unused cells or wires in module \program_counter..
Finding unused cells or wires in module \minirisc_cpu..
Finding unused cells or wires in module \instruction_register..
Finding unused cells or wires in module $paramod$815189997191ad7514d6e5f1f0b96020469174b2\instruction_memory..
Finding unused cells or wires in module \instruction_decoder..
Finding unused cells or wires in module \data_memory..
Finding unused cells or wires in module \control_unit..
Finding unused cells or wires in module \control_fsm..
Finding unused cells or wires in module \status_register..
Finding unused cells or wires in module \alu..
Removed 1 unused cells and 10 unused wires.
<suppressed ~4 debug messages>

14.17.5. Finished fast OPT passes.

14.18. Executing MEMORY_MAP pass (converting memories to logic and flip-flops).
Mapping memory \registers in module \register_file:
  created 8 $dff cells and 0 static cells of width 8.
  read interface: 0 $dff and 14 $mux cells.
  write interface: 24 write mux blocks.
Mapping memory \memory in module $paramod$815189997191ad7514d6e5f1f0b96020469174b2\instruction_memory:
  created 256 $dff cells and 0 static cells of width 15.
  read interface: 0 $dff and 255 $mux cells.
  write interface: 0 write mux blocks.
Mapping memory \memory in module \data_memory:
  created 256 $dff cells and 0 static cells of width 8.
  read interface: 0 $dff and 255 $mux cells.
  write interface: 256 write mux blocks.
Mapping memory $auto$proc_rom.cc:155:do_switch$853 in module \control_unit:
  created 16 $dff cells and 0 static cells of width 12.
  read interface: 0 $dff and 15 $mux cells.
  write interface: 0 write mux blocks.

14.19. Executing OPT pass (performing simple optimizations).

14.19.1. Executing OPT_EXPR pass (perform const folding).
Optimizing module register_file.
<suppressed ~33 debug messages>
Optimizing module program_counter.
Optimizing module minirisc_cpu.
Optimizing module instruction_register.
Optimizing module $paramod$815189997191ad7514d6e5f1f0b96020469174b2\instruction_memory.
<suppressed ~239 debug messages>
Optimizing module instruction_decoder.
Optimizing module data_memory.
<suppressed ~16 debug messages>
Optimizing module control_unit.
Optimizing module control_fsm.
Optimizing module status_register.
Optimizing module alu.

14.19.2. Executing OPT_MERGE pass (detect identical cells).
Finding identical cells in module `\register_file'.
Computing hashes of 62 cells of `\register_file'.
Finding duplicate cells in `\register_file'.
Finding identical cells in module `\program_counter'.
Computing hashes of 3 cells of `\program_counter'.
Finding duplicate cells in `\program_counter'.
Finding identical cells in module `\minirisc_cpu'.
Computing hashes of 20 cells of `\minirisc_cpu'.
Finding duplicate cells in `\minirisc_cpu'.
Finding identical cells in module `\instruction_register'.
Computing hashes of 1 cells of `\instruction_register'.
Finding duplicate cells in `\instruction_register'.
Finding identical cells in module `$paramod$815189997191ad7514d6e5f1f0b96020469174b2\instruction_memory'.
Computing hashes of 16 cells of `$paramod$815189997191ad7514d6e5f1f0b96020469174b2\instruction_memory'.
Finding duplicate cells in `$paramod$815189997191ad7514d6e5f1f0b96020469174b2\instruction_memory'.
Finding identical cells in module `\instruction_decoder'.
Computing hashes of 0 cells of `\instruction_decoder'.
Finding duplicate cells in `\instruction_decoder'.
Finding identical cells in module `\data_memory'.
Computing hashes of 1336 cells of `\data_memory'.
Finding duplicate cells in `\data_memory'.
Finding identical cells in module `\control_unit'.
Computing hashes of 15 cells of `\control_unit'.
Finding duplicate cells in `\control_unit'.
Finding identical cells in module `\control_fsm'.
Computing hashes of 8 cells of `\control_fsm'.
Finding duplicate cells in `\control_fsm'.
Finding identical cells in module `\status_register'.
Computing hashes of 2 cells of `\status_register'.
Finding duplicate cells in `\status_register'.
Finding identical cells in module `\alu'.
Computing hashes of 13 cells of `\alu'.
Finding duplicate cells in `\alu'.
Removed a total of 0 cells.

14.19.3. Executing OPT_MUXTREE pass (detect dead branches in mux trees).
Running muxtree optimizer on module \register_file..
  Creating internal representation of mux trees.
  Evaluating internal representation of mux trees.
  Analyzing evaluation results.
Running muxtree optimizer on module \program_counter..
  Creating internal representation of mux trees.
  Evaluating internal representation of mux trees.
  Analyzing evaluation results.
Running muxtree optimizer on module \minirisc_cpu..
  Creating internal representation of mux trees.
  Evaluating internal representation of mux trees.
  Analyzing evaluation results.
Running muxtree optimizer on module \instruction_register..
  Creating internal representation of mux trees.
  No muxes found in this module.
Running muxtree optimizer on module $paramod$815189997191ad7514d6e5f1f0b96020469174b2\instruction_memory..
  Creating internal representation of mux trees.
  Evaluating internal representation of mux trees.
  Analyzing evaluation results.
Running muxtree optimizer on module \instruction_decoder..
  Creating internal representation of mux trees.
  No muxes found in this module.
Running muxtree optimizer on module \data_memory..
  Creating internal representation of mux trees.
  Evaluating internal representation of mux trees.
  Analyzing evaluation results.
Running muxtree optimizer on module \control_unit..
  Creating internal representation of mux trees.
  Evaluating internal representation of mux trees.
  Analyzing evaluation results.
Running muxtree optimizer on module \control_fsm..
  Creating internal representation of mux trees.
  Evaluating internal representation of mux trees.
  Analyzing evaluation results.
Running muxtree optimizer on module \status_register..
  Creating internal representation of mux trees.
  No muxes found in this module.
Running muxtree optimizer on module \alu..
  Creating internal representation of mux trees.
  Evaluating internal representation of mux trees.
  Analyzing evaluation results.
Removed 0 multiplexer ports.
<suppressed ~853 debug messages>

14.19.4. Executing OPT_REDUCE pass (consolidate $*mux and $reduce_* inputs).
  Optimizing cells in module \register_file.
  Optimizing cells in module \program_counter.
  Optimizing cells in module \minirisc_cpu.
  Optimizing cells in module \instruction_register.
  Optimizing cells in module $paramod$815189997191ad7514d6e5f1f0b96020469174b2\instruction_memory.
    Consolidated identical input bits for $mux cell $memory\memory$rdmux[0][7][0]$1615:
      Old ports: A=15'000100100001100, B=15'000101000000101, Y=$memory\memory$rdmux[0][6][0]$a$1424
      New ports: A=2'10, B=2'01, Y={ $memory\memory$rdmux[0][6][0]$a$1424 [3] $memory\memory$rdmux[0][6][0]$a$1424 [0] }
      New connections: { $memory\memory$rdmux[0][6][0]$a$1424 [14:4] $memory\memory$rdmux[0][6][0]$a$1424 [2:1] } = { 5'00010 $memory\memory$rdmux[0][6][0]$a$1424 [0] $memory\memory$rdmux[0][6][0]$a$1424 [3] 6'000010 }
    Consolidated identical input bits for $mux cell $memory\memory$rdmux[0][7][1]$1618:
      Old ports: A=15'001001101000000, B=15'010001110000000, Y=$memory\memory$rdmux[0][6][0]$b$1425
      New ports: A=2'01, B=2'10, Y=$memory\memory$rdmux[0][6][0]$b$1425 [7:6]
      New connections: { $memory\memory$rdmux[0][6][0]$b$1425 [14:8] $memory\memory$rdmux[0][6][0]$b$1425 [5:0] } = { 1'0 $memory\memory$rdmux[0][6][0]$b$1425 [7:6] 10'0011000000 }
    Consolidated identical input bits for $mux cell $memory\memory$rdmux[0][7][5]$1630:
      Old ports: A=15'000000000000000, B=15'111100000000000, Y=$memory\memory$rdmux[0][6][2]$b$1431
      New ports: A=1'0, B=1'1, Y=$memory\memory$rdmux[0][6][2]$b$1431 [11]
      New connections: { $memory\memory$rdmux[0][6][2]$b$1431 [14:12] $memory\memory$rdmux[0][6][2]$b$1431 [10:0] } = { $memory\memory$rdmux[0][6][2]$b$1431 [11] $memory\memory$rdmux[0][6][2]$b$1431 [11] $memory\memory$rdmux[0][6][2]$b$1431 [11] 11'00000000000 }
    Consolidated identical input bits for $mux cell $memory\memory$rdmux[0][7][2]$1621:
      Old ports: A=15'010100110000000, B=15'011000110000000, Y=$memory\memory$rdmux[0][6][1]$a$1427
      New ports: A=2'01, B=2'10, Y=$memory\memory$rdmux[0][6][1]$a$1427 [12:11]
      New connections: { $memory\memory$rdmux[0][6][1]$a$1427 [14:13] $memory\memory$rdmux[0][6][1]$a$1427 [10:0] } = 13'0100110000000
    Consolidated identical input bits for $mux cell $memory\memory$rdmux[0][7][3]$1624:
      Old ports: A=15'011100110000000, B=15'000110000101010, Y=$memory\memory$rdmux[0][6][1]$b$1428
      New ports: A=2'10, B=2'01, Y={ $memory\memory$rdmux[0][6][1]$b$1428 [7] $memory\memory$rdmux[0][6][1]$b$1428 [1] }
      New connections: { $memory\memory$rdmux[0][6][1]$b$1428 [14:8] $memory\memory$rdmux[0][6][1]$b$1428 [6:2] $memory\memory$rdmux[0][6][1]$b$1428 [0] } = { 1'0 $memory\memory$rdmux[0][6][1]$b$1428 [7] $memory\memory$rdmux[0][6][1]$b$1428 [7] 1'1 $memory\memory$rdmux[0][6][1]$b$1428 [1] 1'0 $memory\memory$rdmux[0][6][1]$b$1428 [7] 1'0 $memory\memory$rdmux[0][6][1]$b$1428 [1] 1'0 $memory\memory$rdmux[0][6][1]$b$1428 [1] 2'00 }
    Consolidated identical input bits for $mux cell $memory\memory$rdmux[0][7][4]$1627:
      Old ports: A=15'100110000010100, B=15'100010100010100, Y=$memory\memory$rdmux[0][6][2]$a$1430
      New ports: A=2'10, B=2'01, Y={ $memory\memory$rdmux[0][6][2]$a$1430 [11] $memory\memory$rdmux[0][6][2]$a$1430 [8] }
      New connections: { $memory\memory$rdmux[0][6][2]$a$1430 [14:12] $memory\memory$rdmux[0][6][2]$a$1430 [10:9] $memory\memory$rdmux[0][6][2]$a$1430 [7:0] } = 13'1001000010100
  Optimizing cells in module $paramod$815189997191ad7514d6e5f1f0b96020469174b2\instruction_memory.
    Consolidated identical input bits for $mux cell $memory\memory$rdmux[0][6][1]$1426:
      Old ports: A=$memory\memory$rdmux[0][6][1]$a$1427, B=$memory\memory$rdmux[0][6][1]$b$1428, Y=$memory\memory$rdmux[0][5][0]$b$1329
      New ports: A={ $memory\memory$rdmux[0][6][1]$a$1427 [12:11] 2'10 }, B={ $memory\memory$rdmux[0][6][1]$b$1428 [7] 1'1 $memory\memory$rdmux[0][6][1]$b$1428 [7] $memory\memory$rdmux[0][6][1]$b$1428 [1] }, Y={ $memory\memory$rdmux[0][5][0]$b$1329 [12:11] $memory\memory$rdmux[0][5][0]$b$1329 [7] $memory\memory$rdmux[0][5][0]$b$1329 [1] }
      New connections: { $memory\memory$rdmux[0][5][0]$b$1329 [14:13] $memory\memory$rdmux[0][5][0]$b$1329 [10:8] $memory\memory$rdmux[0][5][0]$b$1329 [6:2] $memory\memory$rdmux[0][5][0]$b$1329 [0] } = { 1'0 $memory\memory$rdmux[0][5][0]$b$1329 [7] $memory\memory$rdmux[0][5][0]$b$1329 [1] 1'0 $memory\memory$rdmux[0][5][0]$b$1329 [7] 1'0 $memory\memory$rdmux[0][5][0]$b$1329 [1] 1'0 $memory\memory$rdmux[0][5][0]$b$1329 [1] 2'00 }
    Consolidated identical input bits for $mux cell $memory\memory$rdmux[0][6][2]$1429:
      Old ports: A=$memory\memory$rdmux[0][6][2]$a$1430, B=$memory\memory$rdmux[0][6][2]$b$1431, Y=$memory\memory$rdmux[0][5][1]$a$1331
      New ports: A={ 2'10 $memory\memory$rdmux[0][6][2]$a$1430 [11] $memory\memory$rdmux[0][6][2]$a$1430 [8] 1'1 }, B={ $memory\memory$rdmux[0][6][2]$b$1431 [11] $memory\memory$rdmux[0][6][2]$b$1431 [11] $memory\memory$rdmux[0][6][2]$b$1431 [11] 2'00 }, Y={ $memory\memory$rdmux[0][5][1]$a$1331 [14] $memory\memory$rdmux[0][5][1]$a$1331 [12:11] $memory\memory$rdmux[0][5][1]$a$1331 [8] $memory\memory$rdmux[0][5][1]$a$1331 [2] }
      New connections: { $memory\memory$rdmux[0][5][1]$a$1331 [13] $memory\memory$rdmux[0][5][1]$a$1331 [10:9] $memory\memory$rdmux[0][5][1]$a$1331 [7:3] $memory\memory$rdmux[0][5][1]$a$1331 [1:0] } = { $memory\memory$rdmux[0][5][1]$a$1331 [12] $memory\memory$rdmux[0][5][1]$a$1331 [2] 4'0000 $memory\memory$rdmux[0][5][1]$a$1331 [2] 3'000 }
    Consolidated identical input bits for $mux cell $memory\memory$rdmux[0][6][0]$1423:
      Old ports: A=$memory\memory$rdmux[0][6][0]$a$1424, B=$memory\memory$rdmux[0][6][0]$b$1425, Y=$memory\memory$rdmux[0][5][0]$a$1328
      New ports: A={ $memory\memory$rdmux[0][6][0]$a$1424 [0] $memory\memory$rdmux[0][6][0]$a$1424 [3] 2'00 $memory\memory$rdmux[0][6][0]$a$1424 [3] 1'1 $memory\memory$rdmux[0][6][0]$a$1424 [0] }, B={ 2'11 $memory\memory$rdmux[0][6][0]$b$1425 [7:6] 3'000 }, Y={ $memory\memory$rdmux[0][5][0]$a$1328 [9:6] $memory\memory$rdmux[0][5][0]$a$1328 [3:2] $memory\memory$rdmux[0][5][0]$a$1328 [0] }
      New connections: { $memory\memory$rdmux[0][5][0]$a$1328 [14:10] $memory\memory$rdmux[0][5][0]$a$1328 [5:4] $memory\memory$rdmux[0][5][0]$a$1328 [1] } = { 1'0 $memory\memory$rdmux[0][5][0]$a$1328 [7:6] $memory\memory$rdmux[0][5][0]$a$1328 [2] 4'0000 }
  Optimizing cells in module $paramod$815189997191ad7514d6e5f1f0b96020469174b2\instruction_memory.
    Consolidated identical input bits for $mux cell $memory\memory$rdmux[0][5][1]$1330:
      Old ports: A=$memory\memory$rdmux[0][5][1]$a$1331, B=15'000000000000000, Y=$memory\memory$rdmux[0][4][0]$b$1281
      New ports: A={ $memory\memory$rdmux[0][5][1]$a$1331 [14] $memory\memory$rdmux[0][5][1]$a$1331 [12:11] $memory\memory$rdmux[0][5][1]$a$1331 [8] $memory\memory$rdmux[0][5][1]$a$1331 [2] }, B=5'00000, Y={ $memory\memory$rdmux[0][4][0]$b$1281 [14] $memory\memory$rdmux[0][4][0]$b$1281 [12:11] $memory\memory$rdmux[0][4][0]$b$1281 [8] $memory\memory$rdmux[0][4][0]$b$1281 [2] }
      New connections: { $memory\memory$rdmux[0][4][0]$b$1281 [13] $memory\memory$rdmux[0][4][0]$b$1281 [10:9] $memory\memory$rdmux[0][4][0]$b$1281 [7:3] $memory\memory$rdmux[0][4][0]$b$1281 [1:0] } = { $memory\memory$rdmux[0][4][0]$b$1281 [12] $memory\memory$rdmux[0][4][0]$b$1281 [2] 4'0000 $memory\memory$rdmux[0][4][0]$b$1281 [2] 3'000 }
    Consolidated identical input bits for $mux cell $memory\memory$rdmux[0][5][0]$1327:
      Old ports: A=$memory\memory$rdmux[0][5][0]$a$1328, B=$memory\memory$rdmux[0][5][0]$b$1329, Y=$memory\memory$rdmux[0][4][0]$a$1280
      New ports: A={ $memory\memory$rdmux[0][5][0]$a$1328 [6] $memory\memory$rdmux[0][5][0]$a$1328 [2] $memory\memory$rdmux[0][5][0]$a$1328 [9:6] $memory\memory$rdmux[0][5][0]$a$1328 [3:2] 1'0 $memory\memory$rdmux[0][5][0]$a$1328 [0] }, B={ $memory\memory$rdmux[0][5][0]$b$1329 [12:11] 1'0 $memory\memory$rdmux[0][5][0]$b$1329 [7] $memory\memory$rdmux[0][5][0]$b$1329 [7] 1'0 $memory\memory$rdmux[0][5][0]$b$1329 [1] 1'0 $memory\memory$rdmux[0][5][0]$b$1329 [1] 1'0 }, Y={ $memory\memory$rdmux[0][4][0]$a$1280 [12:11] $memory\memory$rdmux[0][4][0]$a$1280 [9:6] $memory\memory$rdmux[0][4][0]$a$1280 [3:0] }
      New connections: { $memory\memory$rdmux[0][4][0]$a$1280 [14:13] $memory\memory$rdmux[0][4][0]$a$1280 [10] $memory\memory$rdmux[0][4][0]$a$1280 [5:4] } = { 1'0 $memory\memory$rdmux[0][4][0]$a$1280 [7] $memory\memory$rdmux[0][4][0]$a$1280 [1] $memory\memory$rdmux[0][4][0]$a$1280 [1] 1'0 }
  Optimizing cells in module $paramod$815189997191ad7514d6e5f1f0b96020469174b2\instruction_memory.
    Consolidated identical input bits for $mux cell $memory\memory$rdmux[0][4][0]$1279:
      Old ports: A=$memory\memory$rdmux[0][4][0]$a$1280, B=$memory\memory$rdmux[0][4][0]$b$1281, Y=$memory\memory$rdmux[0][3][0]$a$1256
      New ports: A={ 1'0 $memory\memory$rdmux[0][4][0]$a$1280 [7] $memory\memory$rdmux[0][4][0]$a$1280 [12:11] $memory\memory$rdmux[0][4][0]$a$1280 [1] $memory\memory$rdmux[0][4][0]$a$1280 [9:6] 1'0 $memory\memory$rdmux[0][4][0]$a$1280 [3:0] }, B={ $memory\memory$rdmux[0][4][0]$b$1281 [14] $memory\memory$rdmux[0][4][0]$b$1281 [12] $memory\memory$rdmux[0][4][0]$b$1281 [12:11] $memory\memory$rdmux[0][4][0]$b$1281 [2] 1'0 $memory\memory$rdmux[0][4][0]$b$1281 [8] 2'00 $memory\memory$rdmux[0][4][0]$b$1281 [2] 1'0 $memory\memory$rdmux[0][4][0]$b$1281 [2] 2'00 }, Y={ $memory\memory$rdmux[0][3][0]$a$1256 [14:6] $memory\memory$rdmux[0][3][0]$a$1256 [4:0] }
      New connections: $memory\memory$rdmux[0][3][0]$a$1256 [5] = $memory\memory$rdmux[0][3][0]$a$1256 [1]
  Optimizing cells in module $paramod$815189997191ad7514d6e5f1f0b96020469174b2\instruction_memory.
    Consolidated identical input bits for $mux cell $memory\memory$rdmux[0][3][0]$1255:
      Old ports: A=$memory\memory$rdmux[0][3][0]$a$1256, B=15'000000000000000, Y=$memory\memory$rdmux[0][2][0]$a$1244
      New ports: A={ $memory\memory$rdmux[0][3][0]$a$1256 [14:6] $memory\memory$rdmux[0][3][0]$a$1256 [4:0] }, B=14'00000000000000, Y={ $memory\memory$rdmux[0][2][0]$a$1244 [14:6] $memory\memory$rdmux[0][2][0]$a$1244 [4:0] }
      New connections: $memory\memory$rdmux[0][2][0]$a$1244 [5] = $memory\memory$rdmux[0][2][0]$a$1244 [1]
  Optimizing cells in module $paramod$815189997191ad7514d6e5f1f0b96020469174b2\instruction_memory.
    Consolidated identical input bits for $mux cell $memory\memory$rdmux[0][2][0]$1243:
      Old ports: A=$memory\memory$rdmux[0][2][0]$a$1244, B=15'000000000000000, Y=$memory\memory$rdmux[0][1][0]$a$1238
      New ports: A={ $memory\memory$rdmux[0][2][0]$a$1244 [14:6] $memory\memory$rdmux[0][2][0]$a$1244 [4:0] }, B=14'00000000000000, Y={ $memory\memory$rdmux[0][1][0]$a$1238 [14:6] $memory\memory$rdmux[0][1][0]$a$1238 [4:0] }
      New connections: $memory\memory$rdmux[0][1][0]$a$1238 [5] = $memory\memory$rdmux[0][1][0]$a$1238 [1]
  Optimizing cells in module $paramod$815189997191ad7514d6e5f1f0b96020469174b2\instruction_memory.
    Consolidated identical input bits for $mux cell $memory\memory$rdmux[0][1][0]$1237:
      Old ports: A=$memory\memory$rdmux[0][1][0]$a$1238, B=15'000000000000000, Y=$memory\memory$rdmux[0][0][0]$a$1235
      New ports: A={ $memory\memory$rdmux[0][1][0]$a$1238 [14:6] $memory\memory$rdmux[0][1][0]$a$1238 [4:0] }, B=14'00000000000000, Y={ $memory\memory$rdmux[0][0][0]$a$1235 [14:6] $memory\memory$rdmux[0][0][0]$a$1235 [4:0] }
      New connections: $memory\memory$rdmux[0][0][0]$a$1235 [5] = $memory\memory$rdmux[0][0][0]$a$1235 [1]
  Optimizing cells in module $paramod$815189997191ad7514d6e5f1f0b96020469174b2\instruction_memory.
    Consolidated identical input bits for $mux cell $memory\memory$rdmux[0][0][0]$1234:
      Old ports: A=$memory\memory$rdmux[0][0][0]$a$1235, B=15'000000000000000, Y={ \instruction [15:9] \instruction [7:0] }
      New ports: A={ $memory\memory$rdmux[0][0][0]$a$1235 [14:6] $memory\memory$rdmux[0][0][0]$a$1235 [4:0] }, B=14'00000000000000, Y={ \instruction [15:9] \instruction [7:6] \instruction [4:0] }
      New connections: \instruction [5] = \instruction [1]
  Optimizing cells in module $paramod$815189997191ad7514d6e5f1f0b96020469174b2\instruction_memory.
  Optimizing cells in module \instruction_decoder.
  Optimizing cells in module \data_memory.
  Optimizing cells in module \control_unit.
    Consolidated identical input bits for $mux cell $memory$auto$proc_rom.cc:155:do_switch$853$rdmux[0][3][6]$4979:
      Old ports: A=12'000001000001, B=12'000000000000, Y=$memory$auto$proc_rom.cc:155:do_switch$853$rdmux[0][2][3]$a$4959
      New ports: A=1'1, B=1'0, Y=$memory$auto$proc_rom.cc:155:do_switch$853$rdmux[0][2][3]$a$4959 [0]
      New connections: $memory$auto$proc_rom.cc:155:do_switch$853$rdmux[0][2][3]$a$4959 [11:1] = { 5'00000 $memory$auto$proc_rom.cc:155:do_switch$853$rdmux[0][2][3]$a$4959 [0] 5'00000 }
    Consolidated identical input bits for $mux cell $memory$auto$proc_rom.cc:155:do_switch$853$rdmux[0][3][5]$4976:
      Old ports: A=12'001000000000, B=12'010000000000, Y=$memory$auto$proc_rom.cc:155:do_switch$853$rdmux[0][2][2]$b$4957
      New ports: A=2'01, B=2'10, Y=$memory$auto$proc_rom.cc:155:do_switch$853$rdmux[0][2][2]$b$4957 [10:9]
      New connections: { $memory$auto$proc_rom.cc:155:do_switch$853$rdmux[0][2][2]$b$4957 [11] $memory$auto$proc_rom.cc:155:do_switch$853$rdmux[0][2][2]$b$4957 [8:0] } = 10'0000000000
    Consolidated identical input bits for $mux cell $memory$auto$proc_rom.cc:155:do_switch$853$rdmux[0][3][4]$4973:
      Old ports: A=12'000010110000, B=12'000100000000, Y=$memory$auto$proc_rom.cc:155:do_switch$853$rdmux[0][2][2]$a$4956
      New ports: A=2'01, B=2'10, Y={ $memory$auto$proc_rom.cc:155:do_switch$853$rdmux[0][2][2]$a$4956 [8] $memory$auto$proc_rom.cc:155:do_switch$853$rdmux[0][2][2]$a$4956 [4] }
      New connections: { $memory$auto$proc_rom.cc:155:do_switch$853$rdmux[0][2][2]$a$4956 [11:9] $memory$auto$proc_rom.cc:155:do_switch$853$rdmux[0][2][2]$a$4956 [7:5] $memory$auto$proc_rom.cc:155:do_switch$853$rdmux[0][2][2]$a$4956 [3:0] } = { 3'000 $memory$auto$proc_rom.cc:155:do_switch$853$rdmux[0][2][2]$a$4956 [4] 1'0 $memory$auto$proc_rom.cc:155:do_switch$853$rdmux[0][2][2]$a$4956 [4] 4'0000 }
    Consolidated identical input bits for $mux cell $memory$auto$proc_rom.cc:155:do_switch$853$rdmux[0][3][3]$4970:
      Old ports: A=12'000001100011, B=12'000001100100, Y=$memory$auto$proc_rom.cc:155:do_switch$853$rdmux[0][2][1]$b$4954
      New ports: A=2'01, B=2'10, Y={ $memory$auto$proc_rom.cc:155:do_switch$853$rdmux[0][2][1]$b$4954 [2] $memory$auto$proc_rom.cc:155:do_switch$853$rdmux[0][2][1]$b$4954 [0] }
      New connections: { $memory$auto$proc_rom.cc:155:do_switch$853$rdmux[0][2][1]$b$4954 [11:3] $memory$auto$proc_rom.cc:155:do_switch$853$rdmux[0][2][1]$b$4954 [1] } = { 9'000001100 $memory$auto$proc_rom.cc:155:do_switch$853$rdmux[0][2][1]$b$4954 [0] }
    Consolidated identical input bits for $mux cell $memory$auto$proc_rom.cc:155:do_switch$853$rdmux[0][3][2]$4967:
      Old ports: A=12'000001100001, B=12'000001100010, Y=$memory$auto$proc_rom.cc:155:do_switch$853$rdmux[0][2][1]$a$4953
      New ports: A=2'01, B=2'10, Y=$memory$auto$proc_rom.cc:155:do_switch$853$rdmux[0][2][1]$a$4953 [1:0]
      New connections: $memory$auto$proc_rom.cc:155:do_switch$853$rdmux[0][2][1]$a$4953 [11:2] = 10'0000011000
    Consolidated identical input bits for $mux cell $memory$auto$proc_rom.cc:155:do_switch$853$rdmux[0][3][1]$4964:
      Old ports: A=12'000000111000, B=12'000001100000, Y=$memory$auto$proc_rom.cc:155:do_switch$853$rdmux[0][2][0]$b$4951
      New ports: A=2'01, B=2'10, Y={ $memory$auto$proc_rom.cc:155:do_switch$853$rdmux[0][2][0]$b$4951 [6] $memory$auto$proc_rom.cc:155:do_switch$853$rdmux[0][2][0]$b$4951 [3] }
      New connections: { $memory$auto$proc_rom.cc:155:do_switch$853$rdmux[0][2][0]$b$4951 [11:7] $memory$auto$proc_rom.cc:155:do_switch$853$rdmux[0][2][0]$b$4951 [5:4] $memory$auto$proc_rom.cc:155:do_switch$853$rdmux[0][2][0]$b$4951 [2:0] } = { 6'000001 $memory$auto$proc_rom.cc:155:do_switch$853$rdmux[0][2][0]$b$4951 [3] 3'000 }
    Consolidated identical input bits for $mux cell $memory$auto$proc_rom.cc:155:do_switch$853$rdmux[0][3][0]$4961:
      Old ports: A=12'000000000000, B=12'000000101000, Y=$memory$auto$proc_rom.cc:155:do_switch$853$rdmux[0][2][0]$a$4950
      New ports: A=1'0, B=1'1, Y=$memory$auto$proc_rom.cc:155:do_switch$853$rdmux[0][2][0]$a$4950 [3]
      New connections: { $memory$auto$proc_rom.cc:155:do_switch$853$rdmux[0][2][0]$a$4950 [11:4] $memory$auto$proc_rom.cc:155:do_switch$853$rdmux[0][2][0]$a$4950 [2:0] } = { 6'000000 $memory$auto$proc_rom.cc:155:do_switch$853$rdmux[0][2][0]$a$4950 [3] 4'0000 }
    Consolidated identical input bits for $mux cell $memory$auto$proc_rom.cc:155:do_switch$853$rdmux[0][3][7]$4982:
      Old ports: A=12'000000000000, B=12'100000000000, Y=$memory$auto$proc_rom.cc:155:do_switch$853$rdmux[0][2][3]$b$4960
      New ports: A=1'0, B=1'1, Y=$memory$auto$proc_rom.cc:155:do_switch$853$rdmux[0][2][3]$b$4960 [11]
      New connections: $memory$auto$proc_rom.cc:155:do_switch$853$rdmux[0][2][3]$b$4960 [10:0] = 11'00000000000
  Optimizing cells in module \control_unit.
    Consolidated identical input bits for $mux cell $memory$auto$proc_rom.cc:155:do_switch$853$rdmux[0][2][3]$4958:
      Old ports: A=$memory$auto$proc_rom.cc:155:do_switch$853$rdmux[0][2][3]$a$4959, B=$memory$auto$proc_rom.cc:155:do_switch$853$rdmux[0][2][3]$b$4960, Y=$memory$auto$proc_rom.cc:155:do_switch$853$rdmux[0][1][1]$b$4948
      New ports: A={ 1'0 $memory$auto$proc_rom.cc:155:do_switch$853$rdmux[0][2][3]$a$4959 [0] }, B={ $memory$auto$proc_rom.cc:155:do_switch$853$rdmux[0][2][3]$b$4960 [11] 1'0 }, Y={ $memory$auto$proc_rom.cc:155:do_switch$853$rdmux[0][1][1]$b$4948 [11] $memory$auto$proc_rom.cc:155:do_switch$853$rdmux[0][1][1]$b$4948 [0] }
      New connections: $memory$auto$proc_rom.cc:155:do_switch$853$rdmux[0][1][1]$b$4948 [10:1] = { 4'0000 $memory$auto$proc_rom.cc:155:do_switch$853$rdmux[0][1][1]$b$4948 [0] 5'00000 }
    Consolidated identical input bits for $mux cell $memory$auto$proc_rom.cc:155:do_switch$853$rdmux[0][2][2]$4955:
      Old ports: A=$memory$auto$proc_rom.cc:155:do_switch$853$rdmux[0][2][2]$a$4956, B=$memory$auto$proc_rom.cc:155:do_switch$853$rdmux[0][2][2]$b$4957, Y=$memory$auto$proc_rom.cc:155:do_switch$853$rdmux[0][1][1]$a$4947
      New ports: A={ 2'00 $memory$auto$proc_rom.cc:155:do_switch$853$rdmux[0][2][2]$a$4956 [8] $memory$auto$proc_rom.cc:155:do_switch$853$rdmux[0][2][2]$a$4956 [4] }, B={ $memory$auto$proc_rom.cc:155:do_switch$853$rdmux[0][2][2]$b$4957 [10:9] 2'00 }, Y={ $memory$auto$proc_rom.cc:155:do_switch$853$rdmux[0][1][1]$a$4947 [10:8] $memory$auto$proc_rom.cc:155:do_switch$853$rdmux[0][1][1]$a$4947 [4] }
      New connections: { $memory$auto$proc_rom.cc:155:do_switch$853$rdmux[0][1][1]$a$4947 [11] $memory$auto$proc_rom.cc:155:do_switch$853$rdmux[0][1][1]$a$4947 [7:5] $memory$auto$proc_rom.cc:155:do_switch$853$rdmux[0][1][1]$a$4947 [3:0] } = { 1'0 $memory$auto$proc_rom.cc:155:do_switch$853$rdmux[0][1][1]$a$4947 [4] 1'0 $memory$auto$proc_rom.cc:155:do_switch$853$rdmux[0][1][1]$a$4947 [4] 4'0000 }
    Consolidated identical input bits for $mux cell $memory$auto$proc_rom.cc:155:do_switch$853$rdmux[0][2][1]$4952:
      Old ports: A=$memory$auto$proc_rom.cc:155:do_switch$853$rdmux[0][2][1]$a$4953, B=$memory$auto$proc_rom.cc:155:do_switch$853$rdmux[0][2][1]$b$4954, Y=$memory$auto$proc_rom.cc:155:do_switch$853$rdmux[0][1][0]$b$4945
      New ports: A={ 1'0 $memory$auto$proc_rom.cc:155:do_switch$853$rdmux[0][2][1]$a$4953 [1:0] }, B={ $memory$auto$proc_rom.cc:155:do_switch$853$rdmux[0][2][1]$b$4954 [2] $memory$auto$proc_rom.cc:155:do_switch$853$rdmux[0][2][1]$b$4954 [0] $memory$auto$proc_rom.cc:155:do_switch$853$rdmux[0][2][1]$b$4954 [0] }, Y=$memory$auto$proc_rom.cc:155:do_switch$853$rdmux[0][1][0]$b$4945 [2:0]
      New connections: $memory$auto$proc_rom.cc:155:do_switch$853$rdmux[0][1][0]$b$4945 [11:3] = 9'000001100
    Consolidated identical input bits for $mux cell $memory$auto$proc_rom.cc:155:do_switch$853$rdmux[0][2][0]$4949:
      Old ports: A=$memory$auto$proc_rom.cc:155:do_switch$853$rdmux[0][2][0]$a$4950, B=$memory$auto$proc_rom.cc:155:do_switch$853$rdmux[0][2][0]$b$4951, Y=$memory$auto$proc_rom.cc:155:do_switch$853$rdmux[0][1][0]$a$4944
      New ports: A={ 1'0 $memory$auto$proc_rom.cc:155:do_switch$853$rdmux[0][2][0]$a$4950 [3] 1'0 $memory$auto$proc_rom.cc:155:do_switch$853$rdmux[0][2][0]$a$4950 [3] }, B={ $memory$auto$proc_rom.cc:155:do_switch$853$rdmux[0][2][0]$b$4951 [6] 1'1 $memory$auto$proc_rom.cc:155:do_switch$853$rdmux[0][2][0]$b$4951 [3] $memory$auto$proc_rom.cc:155:do_switch$853$rdmux[0][2][0]$b$4951 [3] }, Y=$memory$auto$proc_rom.cc:155:do_switch$853$rdmux[0][1][0]$a$4944 [6:3]
      New connections: { $memory$auto$proc_rom.cc:155:do_switch$853$rdmux[0][1][0]$a$4944 [11:7] $memory$auto$proc_rom.cc:155:do_switch$853$rdmux[0][1][0]$a$4944 [2:0] } = 8'00000000
  Optimizing cells in module \control_unit.
    Consolidated identical input bits for $mux cell $memory$auto$proc_rom.cc:155:do_switch$853$rdmux[0][1][1]$4946:
      Old ports: A=$memory$auto$proc_rom.cc:155:do_switch$853$rdmux[0][1][1]$a$4947, B=$memory$auto$proc_rom.cc:155:do_switch$853$rdmux[0][1][1]$b$4948, Y=$memory$auto$proc_rom.cc:155:do_switch$853$rdmux[0][0][0]$b$4942
      New ports: A={ 1'0 $memory$auto$proc_rom.cc:155:do_switch$853$rdmux[0][1][1]$a$4947 [10:8] $memory$auto$proc_rom.cc:155:do_switch$853$rdmux[0][1][1]$a$4947 [4] 1'0 }, B={ $memory$auto$proc_rom.cc:155:do_switch$853$rdmux[0][1][1]$b$4948 [11] 4'0000 $memory$auto$proc_rom.cc:155:do_switch$853$rdmux[0][1][1]$b$4948 [0] }, Y={ $memory$auto$proc_rom.cc:155:do_switch$853$rdmux[0][0][0]$b$4942 [11:8] $memory$auto$proc_rom.cc:155:do_switch$853$rdmux[0][0][0]$b$4942 [4] $memory$auto$proc_rom.cc:155:do_switch$853$rdmux[0][0][0]$b$4942 [0] }
      New connections: { $memory$auto$proc_rom.cc:155:do_switch$853$rdmux[0][0][0]$b$4942 [7:5] $memory$auto$proc_rom.cc:155:do_switch$853$rdmux[0][0][0]$b$4942 [3:1] } = { $memory$auto$proc_rom.cc:155:do_switch$853$rdmux[0][0][0]$b$4942 [4] $memory$auto$proc_rom.cc:155:do_switch$853$rdmux[0][0][0]$b$4942 [0] $memory$auto$proc_rom.cc:155:do_switch$853$rdmux[0][0][0]$b$4942 [4] 3'000 }
    Consolidated identical input bits for $mux cell $memory$auto$proc_rom.cc:155:do_switch$853$rdmux[0][1][0]$4943:
      Old ports: A=$memory$auto$proc_rom.cc:155:do_switch$853$rdmux[0][1][0]$a$4944, B=$memory$auto$proc_rom.cc:155:do_switch$853$rdmux[0][1][0]$b$4945, Y=$memory$auto$proc_rom.cc:155:do_switch$853$rdmux[0][0][0]$a$4941
      New ports: A={ $memory$auto$proc_rom.cc:155:do_switch$853$rdmux[0][1][0]$a$4944 [6:3] 3'000 }, B={ 4'1100 $memory$auto$proc_rom.cc:155:do_switch$853$rdmux[0][1][0]$b$4945 [2:0] }, Y=$memory$auto$proc_rom.cc:155:do_switch$853$rdmux[0][0][0]$a$4941 [6:0]
      New connections: $memory$auto$proc_rom.cc:155:do_switch$853$rdmux[0][0][0]$a$4941 [11:7] = 5'00000
  Optimizing cells in module \control_unit.
  Optimizing cells in module \control_fsm.
    Consolidated identical input bits for $mux cell $procmux$943:
      Old ports: A=3'010, B=3'100, Y=$2\next_state[2:0]
      New ports: A=2'01, B=2'10, Y=$2\next_state[2:0] [2:1]
      New connections: $2\next_state[2:0] [0] = 1'0
  Optimizing cells in module \control_fsm.
  Optimizing cells in module \status_register.
  Optimizing cells in module \alu.
Performed a total of 31 changes.

14.19.5. Executing OPT_MERGE pass (detect identical cells).
Finding identical cells in module `\register_file'.
Computing hashes of 62 cells of `\register_file'.
Finding duplicate cells in `\register_file'.
Finding identical cells in module `\program_counter'.
Computing hashes of 3 cells of `\program_counter'.
Finding duplicate cells in `\program_counter'.
Finding identical cells in module `\minirisc_cpu'.
Computing hashes of 20 cells of `\minirisc_cpu'.
Finding duplicate cells in `\minirisc_cpu'.
Finding identical cells in module `\instruction_register'.
Computing hashes of 1 cells of `\instruction_register'.
Finding duplicate cells in `\instruction_register'.
Finding identical cells in module `$paramod$815189997191ad7514d6e5f1f0b96020469174b2\instruction_memory'.
Computing hashes of 16 cells of `$paramod$815189997191ad7514d6e5f1f0b96020469174b2\instruction_memory'.
Finding duplicate cells in `$paramod$815189997191ad7514d6e5f1f0b96020469174b2\instruction_memory'.
Computing hashes of 13 cells of `$paramod$815189997191ad7514d6e5f1f0b96020469174b2\instruction_memory'.
Finding duplicate cells in `$paramod$815189997191ad7514d6e5f1f0b96020469174b2\instruction_memory'.
<suppressed ~9 debug messages>
Finding identical cells in module `\instruction_decoder'.
Computing hashes of 0 cells of `\instruction_decoder'.
Finding duplicate cells in `\instruction_decoder'.
Finding identical cells in module `\data_memory'.
Computing hashes of 1336 cells of `\data_memory'.
Finding duplicate cells in `\data_memory'.
Finding identical cells in module `\control_unit'.
Computing hashes of 15 cells of `\control_unit'.
Finding duplicate cells in `\control_unit'.
Computing hashes of 10 cells of `\control_unit'.
Finding duplicate cells in `\control_unit'.
<suppressed ~15 debug messages>
Finding identical cells in module `\control_fsm'.
Computing hashes of 8 cells of `\control_fsm'.
Finding duplicate cells in `\control_fsm'.
Finding identical cells in module `\status_register'.
Computing hashes of 2 cells of `\status_register'.
Finding duplicate cells in `\status_register'.
Finding identical cells in module `\alu'.
Computing hashes of 13 cells of `\alu'.
Finding duplicate cells in `\alu'.
Removed a total of 8 cells.

14.19.6. Executing OPT_SHARE pass.

14.19.7. Executing OPT_DFF pass (perform DFF optimizations).

14.19.8. Executing OPT_CLEAN pass (remove unused cells and wires).
Finding unused cells or wires in module \register_file..
Finding unused cells or wires in module \program_counter..
Finding unused cells or wires in module \minirisc_cpu..
Finding unused cells or wires in module \instruction_register..
Finding unused cells or wires in module $paramod$815189997191ad7514d6e5f1f0b96020469174b2\instruction_memory..
Finding unused cells or wires in module \instruction_decoder..
Finding unused cells or wires in module \data_memory..
Finding unused cells or wires in module \control_unit..
Finding unused cells or wires in module \control_fsm..
Finding unused cells or wires in module \status_register..
Finding unused cells or wires in module \alu..
Removed 0 unused cells and 1093 unused wires.
<suppressed ~4 debug messages>

14.19.9. Executing OPT_EXPR pass (perform const folding).
Optimizing module register_file.
Optimizing module program_counter.
Optimizing module minirisc_cpu.
Optimizing module instruction_register.
Optimizing module $paramod$815189997191ad7514d6e5f1f0b96020469174b2\instruction_memory.
<suppressed ~1 debug messages>
Optimizing module instruction_decoder.
Optimizing module data_memory.
Optimizing module control_unit.
<suppressed ~2 debug messages>
Optimizing module control_fsm.
Optimizing module status_register.
Optimizing module alu.

14.19.10. Rerunning OPT passes. (Maybe there is more to do..)

14.19.11. Executing OPT_MUXTREE pass (detect dead branches in mux trees).
Running muxtree optimizer on module \register_file..
  Creating internal representation of mux trees.
  Evaluating internal representation of mux trees.
  Analyzing evaluation results.
Running muxtree optimizer on module \program_counter..
  Creating internal representation of mux trees.
  Evaluating internal representation of mux trees.
  Analyzing evaluation results.
Running muxtree optimizer on module \minirisc_cpu..
  Creating internal representation of mux trees.
  Evaluating internal representation of mux trees.
  Analyzing evaluation results.
Running muxtree optimizer on module \instruction_register..
  Creating internal representation of mux trees.
  No muxes found in this module.
Running muxtree optimizer on module $paramod$815189997191ad7514d6e5f1f0b96020469174b2\instruction_memory..
  Creating internal representation of mux trees.
  Evaluating internal representation of mux trees.
  Analyzing evaluation results.
Running muxtree optimizer on module \instruction_decoder..
  Creating internal representation of mux trees.
  No muxes found in this module.
Running muxtree optimizer on module \data_memory..
  Creating internal representation of mux trees.
  Evaluating internal representation of mux trees.
  Analyzing evaluation results.
Running muxtree optimizer on module \control_unit..
  Creating internal representation of mux trees.
  Evaluating internal representation of mux trees.
  Analyzing evaluation results.
Running muxtree optimizer on module \control_fsm..
  Creating internal representation of mux trees.
  Evaluating internal representation of mux trees.
  Analyzing evaluation results.
Running muxtree optimizer on module \status_register..
  Creating internal representation of mux trees.
  No muxes found in this module.
Running muxtree optimizer on module \alu..
  Creating internal representation of mux trees.
  Evaluating internal representation of mux trees.
  Analyzing evaluation results.
Removed 0 multiplexer ports.
<suppressed ~855 debug messages>

14.19.12. Executing OPT_REDUCE pass (consolidate $*mux and $reduce_* inputs).
  Optimizing cells in module \register_file.
  Optimizing cells in module \program_counter.
  Optimizing cells in module \minirisc_cpu.
  Optimizing cells in module \instruction_register.
  Optimizing cells in module $paramod$815189997191ad7514d6e5f1f0b96020469174b2\instruction_memory.
  Optimizing cells in module \instruction_decoder.
  Optimizing cells in module \data_memory.
  Optimizing cells in module \control_unit.
    Consolidated identical input bits for $mux cell $memory$auto$proc_rom.cc:155:do_switch$853$rdmux[0][2][1]$4952:
      Old ports: A={ 1'0 $memory$auto$proc_rom.cc:155:do_switch$853$rdmux[0][2][0]$b$4951 [6] $memory$auto$proc_rom.cc:155:do_switch$853$rdmux[0][2][0]$b$4951 [3] }, B={ $memory$auto$proc_rom.cc:155:do_switch$853$rdmux[0][2][0]$b$4951 [6] $memory$auto$proc_rom.cc:155:do_switch$853$rdmux[0][2][0]$b$4951 [3] $memory$auto$proc_rom.cc:155:do_switch$853$rdmux[0][2][0]$b$4951 [3] }, Y=$memory$auto$proc_rom.cc:155:do_switch$853$rdmux[0][1][0]$b$4945 [2:0]
      New ports: A={ 1'0 $memory$auto$proc_rom.cc:155:do_switch$853$rdmux[0][2][0]$b$4951 [6] }, B={ $memory$auto$proc_rom.cc:155:do_switch$853$rdmux[0][2][0]$b$4951 [6] $memory$auto$proc_rom.cc:155:do_switch$853$rdmux[0][2][0]$b$4951 [3] }, Y=$memory$auto$proc_rom.cc:155:do_switch$853$rdmux[0][1][0]$b$4945 [2:1]
      New connections: $memory$auto$proc_rom.cc:155:do_switch$853$rdmux[0][1][0]$b$4945 [0] = $memory$auto$proc_rom.cc:155:do_switch$853$rdmux[0][2][0]$b$4951 [3]
  Optimizing cells in module \control_unit.
  Optimizing cells in module \control_fsm.
  Optimizing cells in module \status_register.
  Optimizing cells in module \alu.
Performed a total of 1 changes.

14.19.13. Executing OPT_MERGE pass (detect identical cells).
Finding identical cells in module `\register_file'.
Computing hashes of 62 cells of `\register_file'.
Finding duplicate cells in `\register_file'.
Finding identical cells in module `\program_counter'.
Computing hashes of 3 cells of `\program_counter'.
Finding duplicate cells in `\program_counter'.
Finding identical cells in module `\minirisc_cpu'.
Computing hashes of 20 cells of `\minirisc_cpu'.
Finding duplicate cells in `\minirisc_cpu'.
Finding identical cells in module `\instruction_register'.
Computing hashes of 1 cells of `\instruction_register'.
Finding duplicate cells in `\instruction_register'.
Finding identical cells in module `$paramod$815189997191ad7514d6e5f1f0b96020469174b2\instruction_memory'.
Computing hashes of 12 cells of `$paramod$815189997191ad7514d6e5f1f0b96020469174b2\instruction_memory'.
Finding duplicate cells in `$paramod$815189997191ad7514d6e5f1f0b96020469174b2\instruction_memory'.
Finding identical cells in module `\instruction_decoder'.
Computing hashes of 0 cells of `\instruction_decoder'.
Finding duplicate cells in `\instruction_decoder'.
Finding identical cells in module `\data_memory'.
Computing hashes of 1336 cells of `\data_memory'.
Finding duplicate cells in `\data_memory'.
Finding identical cells in module `\control_unit'.
Computing hashes of 9 cells of `\control_unit'.
Finding duplicate cells in `\control_unit'.
Finding identical cells in module `\control_fsm'.
Computing hashes of 8 cells of `\control_fsm'.
Finding duplicate cells in `\control_fsm'.
Finding identical cells in module `\status_register'.
Computing hashes of 2 cells of `\status_register'.
Finding duplicate cells in `\status_register'.
Finding identical cells in module `\alu'.
Computing hashes of 13 cells of `\alu'.
Finding duplicate cells in `\alu'.
Removed a total of 0 cells.

14.19.14. Executing OPT_SHARE pass.

14.19.15. Executing OPT_DFF pass (perform DFF optimizations).
Adding EN signal on $memory\registers[0]$1038 ($dff) from module register_file (D = $memory\registers$wrmux[0][2][0]$y$1121, Q = \registers[0]).
Adding EN signal on $memory\registers[1]$1040 ($dff) from module register_file (D = $memory\registers$wrmux[1][2][0]$y$1137, Q = \registers[1]).
Adding EN signal on $memory\registers[2]$1042 ($dff) from module register_file (D = $memory\registers$wrmux[2][2][0]$y$1155, Q = \registers[2]).
Adding EN signal on $memory\registers[3]$1044 ($dff) from module register_file (D = $memory\registers$wrmux[3][2][0]$y$1169, Q = \registers[3]).
Adding EN signal on $memory\registers[4]$1046 ($dff) from module register_file (D = $memory\registers$wrmux[4][2][0]$y$1189, Q = \registers[4]).
Adding EN signal on $memory\registers[5]$1048 ($dff) from module register_file (D = $memory\registers$wrmux[5][2][0]$y$1203, Q = \registers[5]).
Adding EN signal on $memory\registers[6]$1050 ($dff) from module register_file (D = $memory\registers$wrmux[6][2][0]$y$1219, Q = \registers[6]).
Adding EN signal on $memory\registers[7]$1052 ($dff) from module register_file (D = $memory\registers$wrmux[7][2][0]$y$1233, Q = \registers[7]).
Adding EN signal on $memory\memory[0]$1999 ($dff) from module data_memory (D = \write_data, Q = \memory[0]).
Adding EN signal on $memory\memory[1]$2001 ($dff) from module data_memory (D = \write_data, Q = \memory[1]).
Adding EN signal on $memory\memory[2]$2003 ($dff) from module data_memory (D = \write_data, Q = \memory[2]).
Adding EN signal on $memory\memory[3]$2005 ($dff) from module data_memory (D = \write_data, Q = \memory[3]).
Adding EN signal on $memory\memory[4]$2007 ($dff) from module data_memory (D = \write_data, Q = \memory[4]).
Adding EN signal on $memory\memory[5]$2009 ($dff) from module data_memory (D = \write_data, Q = \memory[5]).
Adding EN signal on $memory\memory[6]$2011 ($dff) from module data_memory (D = \write_data, Q = \memory[6]).
Adding EN signal on $memory\memory[7]$2013 ($dff) from module data_memory (D = \write_data, Q = \memory[7]).
Adding EN signal on $memory\memory[8]$2015 ($dff) from module data_memory (D = \write_data, Q = \memory[8]).
Adding EN signal on $memory\memory[9]$2017 ($dff) from module data_memory (D = \write_data, Q = \memory[9]).
Adding EN signal on $memory\memory[10]$2019 ($dff) from module data_memory (D = \write_data, Q = \memory[10]).
Adding EN signal on $memory\memory[11]$2021 ($dff) from module data_memory (D = \write_data, Q = \memory[11]).
Adding EN signal on $memory\memory[12]$2023 ($dff) from module data_memory (D = \write_data, Q = \memory[12]).
Adding EN signal on $memory\memory[13]$2025 ($dff) from module data_memory (D = \write_data, Q = \memory[13]).
Adding EN signal on $memory\memory[14]$2027 ($dff) from module data_memory (D = \write_data, Q = \memory[14]).
Adding EN signal on $memory\memory[15]$2029 ($dff) from module data_memory (D = \write_data, Q = \memory[15]).
Adding EN signal on $memory\memory[16]$2031 ($dff) from module data_memory (D = \write_data, Q = \memory[16]).
Adding EN signal on $memory\memory[17]$2033 ($dff) from module data_memory (D = \write_data, Q = \memory[17]).
Adding EN signal on $memory\memory[18]$2035 ($dff) from module data_memory (D = \write_data, Q = \memory[18]).
Adding EN signal on $memory\memory[19]$2037 ($dff) from module data_memory (D = \write_data, Q = \memory[19]).
Adding EN signal on $memory\memory[20]$2039 ($dff) from module data_memory (D = \write_data, Q = \memory[20]).
Adding EN signal on $memory\memory[21]$2041 ($dff) from module data_memory (D = \write_data, Q = \memory[21]).
Adding EN signal on $memory\memory[22]$2043 ($dff) from module data_memory (D = \write_data, Q = \memory[22]).
Adding EN signal on $memory\memory[23]$2045 ($dff) from module data_memory (D = \write_data, Q = \memory[23]).
Adding EN signal on $memory\memory[24]$2047 ($dff) from module data_memory (D = \write_data, Q = \memory[24]).
Adding EN signal on $memory\memory[25]$2049 ($dff) from module data_memory (D = \write_data, Q = \memory[25]).
Adding EN signal on $memory\memory[26]$2051 ($dff) from module data_memory (D = \write_data, Q = \memory[26]).
Adding EN signal on $memory\memory[27]$2053 ($dff) from module data_memory (D = \write_data, Q = \memory[27]).
Adding EN signal on $memory\memory[28]$2055 ($dff) from module data_memory (D = \write_data, Q = \memory[28]).
Adding EN signal on $memory\memory[29]$2057 ($dff) from module data_memory (D = \write_data, Q = \memory[29]).
Adding EN signal on $memory\memory[30]$2059 ($dff) from module data_memory (D = \write_data, Q = \memory[30]).
Adding EN signal on $memory\memory[31]$2061 ($dff) from module data_memory (D = \write_data, Q = \memory[31]).
Adding EN signal on $memory\memory[32]$2063 ($dff) from module data_memory (D = \write_data, Q = \memory[32]).
Adding EN signal on $memory\memory[33]$2065 ($dff) from module data_memory (D = \write_data, Q = \memory[33]).
Adding EN signal on $memory\memory[34]$2067 ($dff) from module data_memory (D = \write_data, Q = \memory[34]).
Adding EN signal on $memory\memory[35]$2069 ($dff) from module data_memory (D = \write_data, Q = \memory[35]).
Adding EN signal on $memory\memory[36]$2071 ($dff) from module data_memory (D = \write_data, Q = \memory[36]).
Adding EN signal on $memory\memory[37]$2073 ($dff) from module data_memory (D = \write_data, Q = \memory[37]).
Adding EN signal on $memory\memory[38]$2075 ($dff) from module data_memory (D = \write_data, Q = \memory[38]).
Adding EN signal on $memory\memory[39]$2077 ($dff) from module data_memory (D = \write_data, Q = \memory[39]).
Adding EN signal on $memory\memory[40]$2079 ($dff) from module data_memory (D = \write_data, Q = \memory[40]).
Adding EN signal on $memory\memory[41]$2081 ($dff) from module data_memory (D = \write_data, Q = \memory[41]).
Adding EN signal on $memory\memory[42]$2083 ($dff) from module data_memory (D = \write_data, Q = \memory[42]).
Adding EN signal on $memory\memory[43]$2085 ($dff) from module data_memory (D = \write_data, Q = \memory[43]).
Adding EN signal on $memory\memory[44]$2087 ($dff) from module data_memory (D = \write_data, Q = \memory[44]).
Adding EN signal on $memory\memory[45]$2089 ($dff) from module data_memory (D = \write_data, Q = \memory[45]).
Adding EN signal on $memory\memory[46]$2091 ($dff) from module data_memory (D = \write_data, Q = \memory[46]).
Adding EN signal on $memory\memory[47]$2093 ($dff) from module data_memory (D = \write_data, Q = \memory[47]).
Adding EN signal on $memory\memory[48]$2095 ($dff) from module data_memory (D = \write_data, Q = \memory[48]).
Adding EN signal on $memory\memory[49]$2097 ($dff) from module data_memory (D = \write_data, Q = \memory[49]).
Adding EN signal on $memory\memory[50]$2099 ($dff) from module data_memory (D = \write_data, Q = \memory[50]).
Adding EN signal on $memory\memory[51]$2101 ($dff) from module data_memory (D = \write_data, Q = \memory[51]).
Adding EN signal on $memory\memory[52]$2103 ($dff) from module data_memory (D = \write_data, Q = \memory[52]).
Adding EN signal on $memory\memory[53]$2105 ($dff) from module data_memory (D = \write_data, Q = \memory[53]).
Adding EN signal on $memory\memory[54]$2107 ($dff) from module data_memory (D = \write_data, Q = \memory[54]).
Adding EN signal on $memory\memory[55]$2109 ($dff) from module data_memory (D = \write_data, Q = \memory[55]).
Adding EN signal on $memory\memory[56]$2111 ($dff) from module data_memory (D = \write_data, Q = \memory[56]).
Adding EN signal on $memory\memory[57]$2113 ($dff) from module data_memory (D = \write_data, Q = \memory[57]).
Adding EN signal on $memory\memory[58]$2115 ($dff) from module data_memory (D = \write_data, Q = \memory[58]).
Adding EN signal on $memory\memory[59]$2117 ($dff) from module data_memory (D = \write_data, Q = \memory[59]).
Adding EN signal on $memory\memory[60]$2119 ($dff) from module data_memory (D = \write_data, Q = \memory[60]).
Adding EN signal on $memory\memory[61]$2121 ($dff) from module data_memory (D = \write_data, Q = \memory[61]).
Adding EN signal on $memory\memory[62]$2123 ($dff) from module data_memory (D = \write_data, Q = \memory[62]).
Adding EN signal on $memory\memory[63]$2125 ($dff) from module data_memory (D = \write_data, Q = \memory[63]).
Adding EN signal on $memory\memory[64]$2127 ($dff) from module data_memory (D = \write_data, Q = \memory[64]).
Adding EN signal on $memory\memory[65]$2129 ($dff) from module data_memory (D = \write_data, Q = \memory[65]).
Adding EN signal on $memory\memory[66]$2131 ($dff) from module data_memory (D = \write_data, Q = \memory[66]).
Adding EN signal on $memory\memory[67]$2133 ($dff) from module data_memory (D = \write_data, Q = \memory[67]).
Adding EN signal on $memory\memory[68]$2135 ($dff) from module data_memory (D = \write_data, Q = \memory[68]).
Adding EN signal on $memory\memory[69]$2137 ($dff) from module data_memory (D = \write_data, Q = \memory[69]).
Adding EN signal on $memory\memory[70]$2139 ($dff) from module data_memory (D = \write_data, Q = \memory[70]).
Adding EN signal on $memory\memory[71]$2141 ($dff) from module data_memory (D = \write_data, Q = \memory[71]).
Adding EN signal on $memory\memory[72]$2143 ($dff) from module data_memory (D = \write_data, Q = \memory[72]).
Adding EN signal on $memory\memory[73]$2145 ($dff) from module data_memory (D = \write_data, Q = \memory[73]).
Adding EN signal on $memory\memory[74]$2147 ($dff) from module data_memory (D = \write_data, Q = \memory[74]).
Adding EN signal on $memory\memory[75]$2149 ($dff) from module data_memory (D = \write_data, Q = \memory[75]).
Adding EN signal on $memory\memory[76]$2151 ($dff) from module data_memory (D = \write_data, Q = \memory[76]).
Adding EN signal on $memory\memory[77]$2153 ($dff) from module data_memory (D = \write_data, Q = \memory[77]).
Adding EN signal on $memory\memory[78]$2155 ($dff) from module data_memory (D = \write_data, Q = \memory[78]).
Adding EN signal on $memory\memory[79]$2157 ($dff) from module data_memory (D = \write_data, Q = \memory[79]).
Adding EN signal on $memory\memory[80]$2159 ($dff) from module data_memory (D = \write_data, Q = \memory[80]).
Adding EN signal on $memory\memory[81]$2161 ($dff) from module data_memory (D = \write_data, Q = \memory[81]).
Adding EN signal on $memory\memory[82]$2163 ($dff) from module data_memory (D = \write_data, Q = \memory[82]).
Adding EN signal on $memory\memory[83]$2165 ($dff) from module data_memory (D = \write_data, Q = \memory[83]).
Adding EN signal on $memory\memory[84]$2167 ($dff) from module data_memory (D = \write_data, Q = \memory[84]).
Adding EN signal on $memory\memory[85]$2169 ($dff) from module data_memory (D = \write_data, Q = \memory[85]).
Adding EN signal on $memory\memory[86]$2171 ($dff) from module data_memory (D = \write_data, Q = \memory[86]).
Adding EN signal on $memory\memory[87]$2173 ($dff) from module data_memory (D = \write_data, Q = \memory[87]).
Adding EN signal on $memory\memory[88]$2175 ($dff) from module data_memory (D = \write_data, Q = \memory[88]).
Adding EN signal on $memory\memory[89]$2177 ($dff) from module data_memory (D = \write_data, Q = \memory[89]).
Adding EN signal on $memory\memory[90]$2179 ($dff) from module data_memory (D = \write_data, Q = \memory[90]).
Adding EN signal on $memory\memory[91]$2181 ($dff) from module data_memory (D = \write_data, Q = \memory[91]).
Adding EN signal on $memory\memory[92]$2183 ($dff) from module data_memory (D = \write_data, Q = \memory[92]).
Adding EN signal on $memory\memory[93]$2185 ($dff) from module data_memory (D = \write_data, Q = \memory[93]).
Adding EN signal on $memory\memory[94]$2187 ($dff) from module data_memory (D = \write_data, Q = \memory[94]).
Adding EN signal on $memory\memory[95]$2189 ($dff) from module data_memory (D = \write_data, Q = \memory[95]).
Adding EN signal on $memory\memory[96]$2191 ($dff) from module data_memory (D = \write_data, Q = \memory[96]).
Adding EN signal on $memory\memory[97]$2193 ($dff) from module data_memory (D = \write_data, Q = \memory[97]).
Adding EN signal on $memory\memory[98]$2195 ($dff) from module data_memory (D = \write_data, Q = \memory[98]).
Adding EN signal on $memory\memory[99]$2197 ($dff) from module data_memory (D = \write_data, Q = \memory[99]).
Adding EN signal on $memory\memory[100]$2199 ($dff) from module data_memory (D = \write_data, Q = \memory[100]).
Adding EN signal on $memory\memory[101]$2201 ($dff) from module data_memory (D = \write_data, Q = \memory[101]).
Adding EN signal on $memory\memory[102]$2203 ($dff) from module data_memory (D = \write_data, Q = \memory[102]).
Adding EN signal on $memory\memory[103]$2205 ($dff) from module data_memory (D = \write_data, Q = \memory[103]).
Adding EN signal on $memory\memory[104]$2207 ($dff) from module data_memory (D = \write_data, Q = \memory[104]).
Adding EN signal on $memory\memory[105]$2209 ($dff) from module data_memory (D = \write_data, Q = \memory[105]).
Adding EN signal on $memory\memory[106]$2211 ($dff) from module data_memory (D = \write_data, Q = \memory[106]).
Adding EN signal on $memory\memory[107]$2213 ($dff) from module data_memory (D = \write_data, Q = \memory[107]).
Adding EN signal on $memory\memory[108]$2215 ($dff) from module data_memory (D = \write_data, Q = \memory[108]).
Adding EN signal on $memory\memory[109]$2217 ($dff) from module data_memory (D = \write_data, Q = \memory[109]).
Adding EN signal on $memory\memory[110]$2219 ($dff) from module data_memory (D = \write_data, Q = \memory[110]).
Adding EN signal on $memory\memory[111]$2221 ($dff) from module data_memory (D = \write_data, Q = \memory[111]).
Adding EN signal on $memory\memory[112]$2223 ($dff) from module data_memory (D = \write_data, Q = \memory[112]).
Adding EN signal on $memory\memory[113]$2225 ($dff) from module data_memory (D = \write_data, Q = \memory[113]).
Adding EN signal on $memory\memory[114]$2227 ($dff) from module data_memory (D = \write_data, Q = \memory[114]).
Adding EN signal on $memory\memory[115]$2229 ($dff) from module data_memory (D = \write_data, Q = \memory[115]).
Adding EN signal on $memory\memory[116]$2231 ($dff) from module data_memory (D = \write_data, Q = \memory[116]).
Adding EN signal on $memory\memory[117]$2233 ($dff) from module data_memory (D = \write_data, Q = \memory[117]).
Adding EN signal on $memory\memory[118]$2235 ($dff) from module data_memory (D = \write_data, Q = \memory[118]).
Adding EN signal on $memory\memory[119]$2237 ($dff) from module data_memory (D = \write_data, Q = \memory[119]).
Adding EN signal on $memory\memory[120]$2239 ($dff) from module data_memory (D = \write_data, Q = \memory[120]).
Adding EN signal on $memory\memory[121]$2241 ($dff) from module data_memory (D = \write_data, Q = \memory[121]).
Adding EN signal on $memory\memory[122]$2243 ($dff) from module data_memory (D = \write_data, Q = \memory[122]).
Adding EN signal on $memory\memory[123]$2245 ($dff) from module data_memory (D = \write_data, Q = \memory[123]).
Adding EN signal on $memory\memory[124]$2247 ($dff) from module data_memory (D = \write_data, Q = \memory[124]).
Adding EN signal on $memory\memory[125]$2249 ($dff) from module data_memory (D = \write_data, Q = \memory[125]).
Adding EN signal on $memory\memory[126]$2251 ($dff) from module data_memory (D = \write_data, Q = \memory[126]).
Adding EN signal on $memory\memory[127]$2253 ($dff) from module data_memory (D = \write_data, Q = \memory[127]).
Adding EN signal on $memory\memory[128]$2255 ($dff) from module data_memory (D = \write_data, Q = \memory[128]).
Adding EN signal on $memory\memory[129]$2257 ($dff) from module data_memory (D = \write_data, Q = \memory[129]).
Adding EN signal on $memory\memory[130]$2259 ($dff) from module data_memory (D = \write_data, Q = \memory[130]).
Adding EN signal on $memory\memory[131]$2261 ($dff) from module data_memory (D = \write_data, Q = \memory[131]).
Adding EN signal on $memory\memory[132]$2263 ($dff) from module data_memory (D = \write_data, Q = \memory[132]).
Adding EN signal on $memory\memory[133]$2265 ($dff) from module data_memory (D = \write_data, Q = \memory[133]).
Adding EN signal on $memory\memory[134]$2267 ($dff) from module data_memory (D = \write_data, Q = \memory[134]).
Adding EN signal on $memory\memory[135]$2269 ($dff) from module data_memory (D = \write_data, Q = \memory[135]).
Adding EN signal on $memory\memory[136]$2271 ($dff) from module data_memory (D = \write_data, Q = \memory[136]).
Adding EN signal on $memory\memory[137]$2273 ($dff) from module data_memory (D = \write_data, Q = \memory[137]).
Adding EN signal on $memory\memory[138]$2275 ($dff) from module data_memory (D = \write_data, Q = \memory[138]).
Adding EN signal on $memory\memory[139]$2277 ($dff) from module data_memory (D = \write_data, Q = \memory[139]).
Adding EN signal on $memory\memory[140]$2279 ($dff) from module data_memory (D = \write_data, Q = \memory[140]).
Adding EN signal on $memory\memory[141]$2281 ($dff) from module data_memory (D = \write_data, Q = \memory[141]).
Adding EN signal on $memory\memory[142]$2283 ($dff) from module data_memory (D = \write_data, Q = \memory[142]).
Adding EN signal on $memory\memory[143]$2285 ($dff) from module data_memory (D = \write_data, Q = \memory[143]).
Adding EN signal on $memory\memory[144]$2287 ($dff) from module data_memory (D = \write_data, Q = \memory[144]).
Adding EN signal on $memory\memory[145]$2289 ($dff) from module data_memory (D = \write_data, Q = \memory[145]).
Adding EN signal on $memory\memory[146]$2291 ($dff) from module data_memory (D = \write_data, Q = \memory[146]).
Adding EN signal on $memory\memory[147]$2293 ($dff) from module data_memory (D = \write_data, Q = \memory[147]).
Adding EN signal on $memory\memory[148]$2295 ($dff) from module data_memory (D = \write_data, Q = \memory[148]).
Adding EN signal on $memory\memory[149]$2297 ($dff) from module data_memory (D = \write_data, Q = \memory[149]).
Adding EN signal on $memory\memory[150]$2299 ($dff) from module data_memory (D = \write_data, Q = \memory[150]).
Adding EN signal on $memory\memory[151]$2301 ($dff) from module data_memory (D = \write_data, Q = \memory[151]).
Adding EN signal on $memory\memory[152]$2303 ($dff) from module data_memory (D = \write_data, Q = \memory[152]).
Adding EN signal on $memory\memory[153]$2305 ($dff) from module data_memory (D = \write_data, Q = \memory[153]).
Adding EN signal on $memory\memory[154]$2307 ($dff) from module data_memory (D = \write_data, Q = \memory[154]).
Adding EN signal on $memory\memory[155]$2309 ($dff) from module data_memory (D = \write_data, Q = \memory[155]).
Adding EN signal on $memory\memory[156]$2311 ($dff) from module data_memory (D = \write_data, Q = \memory[156]).
Adding EN signal on $memory\memory[157]$2313 ($dff) from module data_memory (D = \write_data, Q = \memory[157]).
Adding EN signal on $memory\memory[158]$2315 ($dff) from module data_memory (D = \write_data, Q = \memory[158]).
Adding EN signal on $memory\memory[159]$2317 ($dff) from module data_memory (D = \write_data, Q = \memory[159]).
Adding EN signal on $memory\memory[160]$2319 ($dff) from module data_memory (D = \write_data, Q = \memory[160]).
Adding EN signal on $memory\memory[161]$2321 ($dff) from module data_memory (D = \write_data, Q = \memory[161]).
Adding EN signal on $memory\memory[162]$2323 ($dff) from module data_memory (D = \write_data, Q = \memory[162]).
Adding EN signal on $memory\memory[163]$2325 ($dff) from module data_memory (D = \write_data, Q = \memory[163]).
Adding EN signal on $memory\memory[164]$2327 ($dff) from module data_memory (D = \write_data, Q = \memory[164]).
Adding EN signal on $memory\memory[165]$2329 ($dff) from module data_memory (D = \write_data, Q = \memory[165]).
Adding EN signal on $memory\memory[166]$2331 ($dff) from module data_memory (D = \write_data, Q = \memory[166]).
Adding EN signal on $memory\memory[167]$2333 ($dff) from module data_memory (D = \write_data, Q = \memory[167]).
Adding EN signal on $memory\memory[168]$2335 ($dff) from module data_memory (D = \write_data, Q = \memory[168]).
Adding EN signal on $memory\memory[169]$2337 ($dff) from module data_memory (D = \write_data, Q = \memory[169]).
Adding EN signal on $memory\memory[170]$2339 ($dff) from module data_memory (D = \write_data, Q = \memory[170]).
Adding EN signal on $memory\memory[171]$2341 ($dff) from module data_memory (D = \write_data, Q = \memory[171]).
Adding EN signal on $memory\memory[172]$2343 ($dff) from module data_memory (D = \write_data, Q = \memory[172]).
Adding EN signal on $memory\memory[173]$2345 ($dff) from module data_memory (D = \write_data, Q = \memory[173]).
Adding EN signal on $memory\memory[174]$2347 ($dff) from module data_memory (D = \write_data, Q = \memory[174]).
Adding EN signal on $memory\memory[175]$2349 ($dff) from module data_memory (D = \write_data, Q = \memory[175]).
Adding EN signal on $memory\memory[176]$2351 ($dff) from module data_memory (D = \write_data, Q = \memory[176]).
Adding EN signal on $memory\memory[177]$2353 ($dff) from module data_memory (D = \write_data, Q = \memory[177]).
Adding EN signal on $memory\memory[178]$2355 ($dff) from module data_memory (D = \write_data, Q = \memory[178]).
Adding EN signal on $memory\memory[179]$2357 ($dff) from module data_memory (D = \write_data, Q = \memory[179]).
Adding EN signal on $memory\memory[180]$2359 ($dff) from module data_memory (D = \write_data, Q = \memory[180]).
Adding EN signal on $memory\memory[181]$2361 ($dff) from module data_memory (D = \write_data, Q = \memory[181]).
Adding EN signal on $memory\memory[182]$2363 ($dff) from module data_memory (D = \write_data, Q = \memory[182]).
Adding EN signal on $memory\memory[183]$2365 ($dff) from module data_memory (D = \write_data, Q = \memory[183]).
Adding EN signal on $memory\memory[184]$2367 ($dff) from module data_memory (D = \write_data, Q = \memory[184]).
Adding EN signal on $memory\memory[185]$2369 ($dff) from module data_memory (D = \write_data, Q = \memory[185]).
Adding EN signal on $memory\memory[186]$2371 ($dff) from module data_memory (D = \write_data, Q = \memory[186]).
Adding EN signal on $memory\memory[187]$2373 ($dff) from module data_memory (D = \write_data, Q = \memory[187]).
Adding EN signal on $memory\memory[188]$2375 ($dff) from module data_memory (D = \write_data, Q = \memory[188]).
Adding EN signal on $memory\memory[189]$2377 ($dff) from module data_memory (D = \write_data, Q = \memory[189]).
Adding EN signal on $memory\memory[190]$2379 ($dff) from module data_memory (D = \write_data, Q = \memory[190]).
Adding EN signal on $memory\memory[191]$2381 ($dff) from module data_memory (D = \write_data, Q = \memory[191]).
Adding EN signal on $memory\memory[192]$2383 ($dff) from module data_memory (D = \write_data, Q = \memory[192]).
Adding EN signal on $memory\memory[193]$2385 ($dff) from module data_memory (D = \write_data, Q = \memory[193]).
Adding EN signal on $memory\memory[194]$2387 ($dff) from module data_memory (D = \write_data, Q = \memory[194]).
Adding EN signal on $memory\memory[195]$2389 ($dff) from module data_memory (D = \write_data, Q = \memory[195]).
Adding EN signal on $memory\memory[196]$2391 ($dff) from module data_memory (D = \write_data, Q = \memory[196]).
Adding EN signal on $memory\memory[197]$2393 ($dff) from module data_memory (D = \write_data, Q = \memory[197]).
Adding EN signal on $memory\memory[198]$2395 ($dff) from module data_memory (D = \write_data, Q = \memory[198]).
Adding EN signal on $memory\memory[199]$2397 ($dff) from module data_memory (D = \write_data, Q = \memory[199]).
Adding EN signal on $memory\memory[200]$2399 ($dff) from module data_memory (D = \write_data, Q = \memory[200]).
Adding EN signal on $memory\memory[201]$2401 ($dff) from module data_memory (D = \write_data, Q = \memory[201]).
Adding EN signal on $memory\memory[202]$2403 ($dff) from module data_memory (D = \write_data, Q = \memory[202]).
Adding EN signal on $memory\memory[203]$2405 ($dff) from module data_memory (D = \write_data, Q = \memory[203]).
Adding EN signal on $memory\memory[204]$2407 ($dff) from module data_memory (D = \write_data, Q = \memory[204]).
Adding EN signal on $memory\memory[205]$2409 ($dff) from module data_memory (D = \write_data, Q = \memory[205]).
Adding EN signal on $memory\memory[206]$2411 ($dff) from module data_memory (D = \write_data, Q = \memory[206]).
Adding EN signal on $memory\memory[207]$2413 ($dff) from module data_memory (D = \write_data, Q = \memory[207]).
Adding EN signal on $memory\memory[208]$2415 ($dff) from module data_memory (D = \write_data, Q = \memory[208]).
Adding EN signal on $memory\memory[209]$2417 ($dff) from module data_memory (D = \write_data, Q = \memory[209]).
Adding EN signal on $memory\memory[210]$2419 ($dff) from module data_memory (D = \write_data, Q = \memory[210]).
Adding EN signal on $memory\memory[211]$2421 ($dff) from module data_memory (D = \write_data, Q = \memory[211]).
Adding EN signal on $memory\memory[212]$2423 ($dff) from module data_memory (D = \write_data, Q = \memory[212]).
Adding EN signal on $memory\memory[213]$2425 ($dff) from module data_memory (D = \write_data, Q = \memory[213]).
Adding EN signal on $memory\memory[214]$2427 ($dff) from module data_memory (D = \write_data, Q = \memory[214]).
Adding EN signal on $memory\memory[215]$2429 ($dff) from module data_memory (D = \write_data, Q = \memory[215]).
Adding EN signal on $memory\memory[216]$2431 ($dff) from module data_memory (D = \write_data, Q = \memory[216]).
Adding EN signal on $memory\memory[217]$2433 ($dff) from module data_memory (D = \write_data, Q = \memory[217]).
Adding EN signal on $memory\memory[218]$2435 ($dff) from module data_memory (D = \write_data, Q = \memory[218]).
Adding EN signal on $memory\memory[219]$2437 ($dff) from module data_memory (D = \write_data, Q = \memory[219]).
Adding EN signal on $memory\memory[220]$2439 ($dff) from module data_memory (D = \write_data, Q = \memory[220]).
Adding EN signal on $memory\memory[221]$2441 ($dff) from module data_memory (D = \write_data, Q = \memory[221]).
Adding EN signal on $memory\memory[222]$2443 ($dff) from module data_memory (D = \write_data, Q = \memory[222]).
Adding EN signal on $memory\memory[223]$2445 ($dff) from module data_memory (D = \write_data, Q = \memory[223]).
Adding EN signal on $memory\memory[224]$2447 ($dff) from module data_memory (D = \write_data, Q = \memory[224]).
Adding EN signal on $memory\memory[225]$2449 ($dff) from module data_memory (D = \write_data, Q = \memory[225]).
Adding EN signal on $memory\memory[226]$2451 ($dff) from module data_memory (D = \write_data, Q = \memory[226]).
Adding EN signal on $memory\memory[227]$2453 ($dff) from module data_memory (D = \write_data, Q = \memory[227]).
Adding EN signal on $memory\memory[228]$2455 ($dff) from module data_memory (D = \write_data, Q = \memory[228]).
Adding EN signal on $memory\memory[229]$2457 ($dff) from module data_memory (D = \write_data, Q = \memory[229]).
Adding EN signal on $memory\memory[230]$2459 ($dff) from module data_memory (D = \write_data, Q = \memory[230]).
Adding EN signal on $memory\memory[231]$2461 ($dff) from module data_memory (D = \write_data, Q = \memory[231]).
Adding EN signal on $memory\memory[232]$2463 ($dff) from module data_memory (D = \write_data, Q = \memory[232]).
Adding EN signal on $memory\memory[233]$2465 ($dff) from module data_memory (D = \write_data, Q = \memory[233]).
Adding EN signal on $memory\memory[234]$2467 ($dff) from module data_memory (D = \write_data, Q = \memory[234]).
Adding EN signal on $memory\memory[235]$2469 ($dff) from module data_memory (D = \write_data, Q = \memory[235]).
Adding EN signal on $memory\memory[236]$2471 ($dff) from module data_memory (D = \write_data, Q = \memory[236]).
Adding EN signal on $memory\memory[237]$2473 ($dff) from module data_memory (D = \write_data, Q = \memory[237]).
Adding EN signal on $memory\memory[238]$2475 ($dff) from module data_memory (D = \write_data, Q = \memory[238]).
Adding EN signal on $memory\memory[239]$2477 ($dff) from module data_memory (D = \write_data, Q = \memory[239]).
Adding EN signal on $memory\memory[240]$2479 ($dff) from module data_memory (D = \write_data, Q = \memory[240]).
Adding EN signal on $memory\memory[241]$2481 ($dff) from module data_memory (D = \write_data, Q = \memory[241]).
Adding EN signal on $memory\memory[242]$2483 ($dff) from module data_memory (D = \write_data, Q = \memory[242]).
Adding EN signal on $memory\memory[243]$2485 ($dff) from module data_memory (D = \write_data, Q = \memory[243]).
Adding EN signal on $memory\memory[244]$2487 ($dff) from module data_memory (D = \write_data, Q = \memory[244]).
Adding EN signal on $memory\memory[245]$2489 ($dff) from module data_memory (D = \write_data, Q = \memory[245]).
Adding EN signal on $memory\memory[246]$2491 ($dff) from module data_memory (D = \write_data, Q = \memory[246]).
Adding EN signal on $memory\memory[247]$2493 ($dff) from module data_memory (D = \write_data, Q = \memory[247]).
Adding EN signal on $memory\memory[248]$2495 ($dff) from module data_memory (D = \write_data, Q = \memory[248]).
Adding EN signal on $memory\memory[249]$2497 ($dff) from module data_memory (D = \write_data, Q = \memory[249]).
Adding EN signal on $memory\memory[250]$2499 ($dff) from module data_memory (D = \write_data, Q = \memory[250]).
Adding EN signal on $memory\memory[251]$2501 ($dff) from module data_memory (D = \write_data, Q = \memory[251]).
Adding EN signal on $memory\memory[252]$2503 ($dff) from module data_memory (D = \write_data, Q = \memory[252]).
Adding EN signal on $memory\memory[253]$2505 ($dff) from module data_memory (D = \write_data, Q = \memory[253]).
Adding EN signal on $memory\memory[254]$2507 ($dff) from module data_memory (D = \write_data, Q = \memory[254]).
Adding EN signal on $memory\memory[255]$2509 ($dff) from module data_memory (D = \write_data, Q = \memory[255]).

14.19.16. Executing OPT_CLEAN pass (remove unused cells and wires).
Finding unused cells or wires in module \register_file..
Finding unused cells or wires in module \program_counter..
Finding unused cells or wires in module \minirisc_cpu..
Finding unused cells or wires in module \instruction_register..
Finding unused cells or wires in module $paramod$815189997191ad7514d6e5f1f0b96020469174b2\instruction_memory..
Finding unused cells or wires in module \instruction_decoder..
Finding unused cells or wires in module \data_memory..
Finding unused cells or wires in module \control_unit..
Finding unused cells or wires in module \control_fsm..
Finding unused cells or wires in module \status_register..
Finding unused cells or wires in module \alu..
Removed 256 unused cells and 258 unused wires.
<suppressed ~259 debug messages>

14.19.17. Executing OPT_EXPR pass (perform const folding).
Optimizing module register_file.
<suppressed ~16 debug messages>
Optimizing module program_counter.
Optimizing module minirisc_cpu.
Optimizing module instruction_register.
Optimizing module $paramod$815189997191ad7514d6e5f1f0b96020469174b2\instruction_memory.
Optimizing module instruction_decoder.
Optimizing module data_memory.
Optimizing module control_unit.
Optimizing module control_fsm.
Optimizing module status_register.
Optimizing module alu.

14.19.18. Rerunning OPT passes. (Maybe there is more to do..)

14.19.19. Executing OPT_MUXTREE pass (detect dead branches in mux trees).
Running muxtree optimizer on module \register_file..
  Creating internal representation of mux trees.
  Evaluating internal representation of mux trees.
  Analyzing evaluation results.
Running muxtree optimizer on module \program_counter..
  Creating internal representation of mux trees.
  Evaluating internal representation of mux trees.
  Analyzing evaluation results.
Running muxtree optimizer on module \minirisc_cpu..
  Creating internal representation of mux trees.
  Evaluating internal representation of mux trees.
  Analyzing evaluation results.
Running muxtree optimizer on module \instruction_register..
  Creating internal representation of mux trees.
  No muxes found in this module.
Running muxtree optimizer on module $paramod$815189997191ad7514d6e5f1f0b96020469174b2\instruction_memory..
  Creating internal representation of mux trees.
  Evaluating internal representation of mux trees.
  Analyzing evaluation results.
Running muxtree optimizer on module \instruction_decoder..
  Creating internal representation of mux trees.
  No muxes found in this module.
Running muxtree optimizer on module \data_memory..
  Creating internal representation of mux trees.
  Evaluating internal representation of mux trees.
  Analyzing evaluation results.
Running muxtree optimizer on module \control_unit..
  Creating internal representation of mux trees.
  Evaluating internal representation of mux trees.
  Analyzing evaluation results.
Running muxtree optimizer on module \control_fsm..
  Creating internal representation of mux trees.
  Evaluating internal representation of mux trees.
  Analyzing evaluation results.
Running muxtree optimizer on module \status_register..
  Creating internal representation of mux trees.
  No muxes found in this module.
Running muxtree optimizer on module \alu..
  Creating internal representation of mux trees.
  Evaluating internal representation of mux trees.
  Analyzing evaluation results.
Removed 0 multiplexer ports.
<suppressed ~334 debug messages>

14.19.20. Executing OPT_REDUCE pass (consolidate $*mux and $reduce_* inputs).
  Optimizing cells in module \register_file.
  Optimizing cells in module \program_counter.
  Optimizing cells in module \minirisc_cpu.
  Optimizing cells in module \instruction_register.
  Optimizing cells in module $paramod$815189997191ad7514d6e5f1f0b96020469174b2\instruction_memory.
  Optimizing cells in module \instruction_decoder.
  Optimizing cells in module \data_memory.
  Optimizing cells in module \control_unit.
  Optimizing cells in module \control_fsm.
  Optimizing cells in module \status_register.
  Optimizing cells in module \alu.
Performed a total of 0 changes.

14.19.21. Executing OPT_MERGE pass (detect identical cells).
Finding identical cells in module `\register_file'.
Computing hashes of 62 cells of `\register_file'.
Finding duplicate cells in `\register_file'.
Finding identical cells in module `\program_counter'.
Computing hashes of 3 cells of `\program_counter'.
Finding duplicate cells in `\program_counter'.
Finding identical cells in module `\minirisc_cpu'.
Computing hashes of 20 cells of `\minirisc_cpu'.
Finding duplicate cells in `\minirisc_cpu'.
Finding identical cells in module `\instruction_register'.
Computing hashes of 1 cells of `\instruction_register'.
Finding duplicate cells in `\instruction_register'.
Finding identical cells in module `$paramod$815189997191ad7514d6e5f1f0b96020469174b2\instruction_memory'.
Computing hashes of 12 cells of `$paramod$815189997191ad7514d6e5f1f0b96020469174b2\instruction_memory'.
Finding duplicate cells in `$paramod$815189997191ad7514d6e5f1f0b96020469174b2\instruction_memory'.
Finding identical cells in module `\instruction_decoder'.
Computing hashes of 0 cells of `\instruction_decoder'.
Finding duplicate cells in `\instruction_decoder'.
Finding identical cells in module `\data_memory'.
Computing hashes of 1080 cells of `\data_memory'.
Finding duplicate cells in `\data_memory'.
Finding identical cells in module `\control_unit'.
Computing hashes of 9 cells of `\control_unit'.
Finding duplicate cells in `\control_unit'.
Finding identical cells in module `\control_fsm'.
Computing hashes of 8 cells of `\control_fsm'.
Finding duplicate cells in `\control_fsm'.
Finding identical cells in module `\status_register'.
Computing hashes of 2 cells of `\status_register'.
Finding duplicate cells in `\status_register'.
Finding identical cells in module `\alu'.
Computing hashes of 13 cells of `\alu'.
Finding duplicate cells in `\alu'.
Removed a total of 0 cells.

14.19.22. Executing OPT_SHARE pass.

14.19.23. Executing OPT_DFF pass (perform DFF optimizations).
Adding SRST signal on $auto$ff.cc:337:slice$4985 ($dffe) from module register_file (D = \write_data, Q = \registers[0], rval = 8'00000000).
Adding SRST signal on $auto$ff.cc:337:slice$4988 ($dffe) from module register_file (D = \write_data, Q = \registers[1], rval = 8'00000000).
Adding SRST signal on $auto$ff.cc:337:slice$4991 ($dffe) from module register_file (D = \write_data, Q = \registers[2], rval = 8'00000000).
Adding SRST signal on $auto$ff.cc:337:slice$4994 ($dffe) from module register_file (D = \write_data, Q = \registers[3], rval = 8'00000000).
Adding SRST signal on $auto$ff.cc:337:slice$4997 ($dffe) from module register_file (D = \write_data, Q = \registers[4], rval = 8'00000000).
Adding SRST signal on $auto$ff.cc:337:slice$5000 ($dffe) from module register_file (D = \write_data, Q = \registers[5], rval = 8'00000000).
Adding SRST signal on $auto$ff.cc:337:slice$5003 ($dffe) from module register_file (D = \write_data, Q = \registers[6], rval = 8'00000000).
Adding SRST signal on $auto$ff.cc:337:slice$5006 ($dffe) from module register_file (D = \write_data, Q = \registers[7], rval = 8'00000000).

14.19.24. Executing OPT_CLEAN pass (remove unused cells and wires).
Finding unused cells or wires in module \register_file..
Finding unused cells or wires in module \program_counter..
Finding unused cells or wires in module \minirisc_cpu..
Finding unused cells or wires in module \instruction_register..
Finding unused cells or wires in module $paramod$815189997191ad7514d6e5f1f0b96020469174b2\instruction_memory..
Finding unused cells or wires in module \instruction_decoder..
Finding unused cells or wires in module \data_memory..
Finding unused cells or wires in module \control_unit..
Finding unused cells or wires in module \control_fsm..
Finding unused cells or wires in module \status_register..
Finding unused cells or wires in module \alu..
Removed 8 unused cells and 16 unused wires.
<suppressed ~9 debug messages>

14.19.25. Executing OPT_EXPR pass (perform const folding).
Optimizing module register_file.
Optimizing module program_counter.
Optimizing module minirisc_cpu.
Optimizing module instruction_register.
Optimizing module $paramod$815189997191ad7514d6e5f1f0b96020469174b2\instruction_memory.
Optimizing module instruction_decoder.
Optimizing module data_memory.
Optimizing module control_unit.
Optimizing module control_fsm.
Optimizing module status_register.
Optimizing module alu.

14.19.26. Rerunning OPT passes. (Maybe there is more to do..)

14.19.27. Executing OPT_MUXTREE pass (detect dead branches in mux trees).
Running muxtree optimizer on module \register_file..
  Creating internal representation of mux trees.
  Evaluating internal representation of mux trees.
  Analyzing evaluation results.
Running muxtree optimizer on module \program_counter..
  Creating internal representation of mux trees.
  Evaluating internal representation of mux trees.
  Analyzing evaluation results.
Running muxtree optimizer on module \minirisc_cpu..
  Creating internal representation of mux trees.
  Evaluating internal representation of mux trees.
  Analyzing evaluation results.
Running muxtree optimizer on module \instruction_register..
  Creating internal representation of mux trees.
  No muxes found in this module.
Running muxtree optimizer on module $paramod$815189997191ad7514d6e5f1f0b96020469174b2\instruction_memory..
  Creating internal representation of mux trees.
  Evaluating internal representation of mux trees.
  Analyzing evaluation results.
Running muxtree optimizer on module \instruction_decoder..
  Creating internal representation of mux trees.
  No muxes found in this module.
Running muxtree optimizer on module \data_memory..
  Creating internal representation of mux trees.
  Evaluating internal representation of mux trees.
  Analyzing evaluation results.
Running muxtree optimizer on module \control_unit..
  Creating internal representation of mux trees.
  Evaluating internal representation of mux trees.
  Analyzing evaluation results.
Running muxtree optimizer on module \control_fsm..
  Creating internal representation of mux trees.
  Evaluating internal representation of mux trees.
  Analyzing evaluation results.
Running muxtree optimizer on module \status_register..
  Creating internal representation of mux trees.
  No muxes found in this module.
Running muxtree optimizer on module \alu..
  Creating internal representation of mux trees.
  Evaluating internal representation of mux trees.
  Analyzing evaluation results.
Removed 0 multiplexer ports.
<suppressed ~318 debug messages>

14.19.28. Executing OPT_REDUCE pass (consolidate $*mux and $reduce_* inputs).
  Optimizing cells in module \register_file.
  Optimizing cells in module \program_counter.
  Optimizing cells in module \minirisc_cpu.
  Optimizing cells in module \instruction_register.
  Optimizing cells in module $paramod$815189997191ad7514d6e5f1f0b96020469174b2\instruction_memory.
  Optimizing cells in module \instruction_decoder.
  Optimizing cells in module \data_memory.
  Optimizing cells in module \control_unit.
  Optimizing cells in module \control_fsm.
  Optimizing cells in module \status_register.
  Optimizing cells in module \alu.
Performed a total of 0 changes.

14.19.29. Executing OPT_MERGE pass (detect identical cells).
Finding identical cells in module `\register_file'.
Computing hashes of 54 cells of `\register_file'.
Finding duplicate cells in `\register_file'.
Finding identical cells in module `\program_counter'.
Computing hashes of 3 cells of `\program_counter'.
Finding duplicate cells in `\program_counter'.
Finding identical cells in module `\minirisc_cpu'.
Computing hashes of 20 cells of `\minirisc_cpu'.
Finding duplicate cells in `\minirisc_cpu'.
Finding identical cells in module `\instruction_register'.
Computing hashes of 1 cells of `\instruction_register'.
Finding duplicate cells in `\instruction_register'.
Finding identical cells in module `$paramod$815189997191ad7514d6e5f1f0b96020469174b2\instruction_memory'.
Computing hashes of 12 cells of `$paramod$815189997191ad7514d6e5f1f0b96020469174b2\instruction_memory'.
Finding duplicate cells in `$paramod$815189997191ad7514d6e5f1f0b96020469174b2\instruction_memory'.
Finding identical cells in module `\instruction_decoder'.
Computing hashes of 0 cells of `\instruction_decoder'.
Finding duplicate cells in `\instruction_decoder'.
Finding identical cells in module `\data_memory'.
Computing hashes of 1080 cells of `\data_memory'.
Finding duplicate cells in `\data_memory'.
Finding identical cells in module `\control_unit'.
Computing hashes of 9 cells of `\control_unit'.
Finding duplicate cells in `\control_unit'.
Finding identical cells in module `\control_fsm'.
Computing hashes of 8 cells of `\control_fsm'.
Finding duplicate cells in `\control_fsm'.
Finding identical cells in module `\status_register'.
Computing hashes of 2 cells of `\status_register'.
Finding duplicate cells in `\status_register'.
Finding identical cells in module `\alu'.
Computing hashes of 13 cells of `\alu'.
Finding duplicate cells in `\alu'.
Removed a total of 0 cells.

14.19.30. Executing OPT_SHARE pass.

14.19.31. Executing OPT_DFF pass (perform DFF optimizations).

14.19.32. Executing OPT_CLEAN pass (remove unused cells and wires).
Finding unused cells or wires in module \register_file..
Finding unused cells or wires in module \program_counter..
Finding unused cells or wires in module \minirisc_cpu..
Finding unused cells or wires in module \instruction_register..
Finding unused cells or wires in module $paramod$815189997191ad7514d6e5f1f0b96020469174b2\instruction_memory..
Finding unused cells or wires in module \instruction_decoder..
Finding unused cells or wires in module \data_memory..
Finding unused cells or wires in module \control_unit..
Finding unused cells or wires in module \control_fsm..
Finding unused cells or wires in module \status_register..
Finding unused cells or wires in module \alu..

14.19.33. Executing OPT_EXPR pass (perform const folding).
Optimizing module register_file.
Optimizing module program_counter.
Optimizing module minirisc_cpu.
Optimizing module instruction_register.
Optimizing module $paramod$815189997191ad7514d6e5f1f0b96020469174b2\instruction_memory.
Optimizing module instruction_decoder.
Optimizing module data_memory.
Optimizing module control_unit.
Optimizing module control_fsm.
Optimizing module status_register.
Optimizing module alu.

14.19.34. Finished fast OPT passes. (There is nothing left to do.)

14.20. Executing TECHMAP pass (map to technology primitives).

14.20.1. Executing Verilog-2005 frontend: /opt/homebrew/bin/../share/yosys/techmap.v
Parsing Verilog input from `/opt/homebrew/bin/../share/yosys/techmap.v' to AST representation.
Generating RTLIL representation for module `\_90_simplemap_bool_ops'.
Generating RTLIL representation for module `\_90_simplemap_reduce_ops'.
Generating RTLIL representation for module `\_90_simplemap_logic_ops'.
Generating RTLIL representation for module `\_90_simplemap_compare_ops'.
Generating RTLIL representation for module `\_90_simplemap_various'.
Generating RTLIL representation for module `\_90_simplemap_registers'.
Generating RTLIL representation for module `\_90_shift_ops_shr_shl_sshl_sshr'.
Generating RTLIL representation for module `\_90_shift_shiftx'.
Generating RTLIL representation for module `\_90_fa'.
Generating RTLIL representation for module `\_90_lcu_brent_kung'.
Generating RTLIL representation for module `\_90_alu'.
Generating RTLIL representation for module `\_90_macc'.
Generating RTLIL representation for module `\_90_alumacc'.
Generating RTLIL representation for module `$__div_mod_u'.
Generating RTLIL representation for module `$__div_mod_trunc'.
Generating RTLIL representation for module `\_90_div'.
Generating RTLIL representation for module `\_90_mod'.
Generating RTLIL representation for module `$__div_mod_floor'.
Generating RTLIL representation for module `\_90_divfloor'.
Generating RTLIL representation for module `\_90_modfloor'.
Generating RTLIL representation for module `\_90_pow'.
Generating RTLIL representation for module `\_90_demux'.
Generating RTLIL representation for module `\_90_lut'.
Generating RTLIL representation for module `$connect'.
Generating RTLIL representation for module `$input_port'.
Successfully finished Verilog frontend.

14.20.2. Continuing TECHMAP pass.
Using template $paramod$4ccbe221165818e15f326ddee3d1183c7924e12f\_90_alu for cells of type $alu.
Using template $paramod$a1bc51c02ce12ac21eb18988e83292af48ed7d72\_90_alu for cells of type $alu.
Using extmapper simplemap for cells of type $and.
Using extmapper simplemap for cells of type $or.
Using extmapper simplemap for cells of type $xor.
Using extmapper simplemap for cells of type $logic_not.
Using extmapper simplemap for cells of type $eq.
Using extmapper simplemap for cells of type $pmux.
Using extmapper simplemap for cells of type $not.
Using extmapper simplemap for cells of type $mux.
Using extmapper simplemap for cells of type $pos.
Using template $paramod\_90_fa\WIDTH=32'00000000000000000000000000001000 for cells of type $fa.
Using template $paramod\_90_lcu_brent_kung\WIDTH=32'00000000000000000000000000001000 for cells of type $lcu.
Using template $paramod\_90_fa\WIDTH=32'00000000000000000000000000001001 for cells of type $fa.
Using template $paramod\_90_lcu_brent_kung\WIDTH=32'00000000000000000000000000001001 for cells of type $lcu.
Using extmapper simplemap for cells of type $sdffe.
Using extmapper simplemap for cells of type $sdff.
Using extmapper simplemap for cells of type $dffe.
Using extmapper simplemap for cells of type $logic_and.
Using extmapper simplemap for cells of type $logic_or.
Using template $paramod$c3cd1564c35d873179656addd6052d7ea8b6d991\_90_alu for cells of type $alu.
Using extmapper simplemap for cells of type $sdffce.
Using extmapper simplemap for cells of type $reduce_bool.
No more expansions possible.
<suppressed ~1701 debug messages>

14.21. Executing OPT pass (performing simple optimizations).

14.21.1. Executing OPT_EXPR pass (perform const folding).
Optimizing module register_file.
Optimizing module program_counter.
<suppressed ~67 debug messages>
Optimizing module minirisc_cpu.
<suppressed ~6 debug messages>
Optimizing module instruction_register.
Optimizing module $paramod$815189997191ad7514d6e5f1f0b96020469174b2\instruction_memory.
<suppressed ~2 debug messages>
Optimizing module instruction_decoder.
Optimizing module data_memory.
Optimizing module control_unit.
<suppressed ~1 debug messages>
Optimizing module control_fsm.
<suppressed ~29 debug messages>
Optimizing module status_register.
Optimizing module alu.
<suppressed ~93 debug messages>

14.21.2. Executing OPT_MERGE pass (detect identical cells).
Finding identical cells in module `\register_file'.
Computing hashes of 208 cells of `\register_file'.
Finding duplicate cells in `\register_file'.
Finding identical cells in module `\program_counter'.
Computing hashes of 43 cells of `\program_counter'.
Finding duplicate cells in `\program_counter'.
Computing hashes of 42 cells of `\program_counter'.
Finding duplicate cells in `\program_counter'.
<suppressed ~3 debug messages>
Finding identical cells in module `\minirisc_cpu'.
Computing hashes of 76 cells of `\minirisc_cpu'.
Finding duplicate cells in `\minirisc_cpu'.
Computing hashes of 74 cells of `\minirisc_cpu'.
Finding duplicate cells in `\minirisc_cpu'.
<suppressed ~6 debug messages>
Finding identical cells in module `\instruction_register'.
Computing hashes of 16 cells of `\instruction_register'.
Finding duplicate cells in `\instruction_register'.
Finding identical cells in module `$paramod$815189997191ad7514d6e5f1f0b96020469174b2\instruction_memory'.
Computing hashes of 103 cells of `$paramod$815189997191ad7514d6e5f1f0b96020469174b2\instruction_memory'.
Finding duplicate cells in `$paramod$815189997191ad7514d6e5f1f0b96020469174b2\instruction_memory'.
Computing hashes of 98 cells of `$paramod$815189997191ad7514d6e5f1f0b96020469174b2\instruction_memory'.
Finding duplicate cells in `$paramod$815189997191ad7514d6e5f1f0b96020469174b2\instruction_memory'.
Computing hashes of 95 cells of `$paramod$815189997191ad7514d6e5f1f0b96020469174b2\instruction_memory'.
Finding duplicate cells in `$paramod$815189997191ad7514d6e5f1f0b96020469174b2\instruction_memory'.
<suppressed ~24 debug messages>
Finding identical cells in module `\instruction_decoder'.
Computing hashes of 0 cells of `\instruction_decoder'.
Finding duplicate cells in `\instruction_decoder'.
Finding identical cells in module `\data_memory'.
Computing hashes of 4664 cells of `\data_memory'.
Finding duplicate cells in `\data_memory'.
Finding identical cells in module `\control_unit'.
Computing hashes of 39 cells of `\control_unit'.
Finding duplicate cells in `\control_unit'.
Computing hashes of 33 cells of `\control_unit'.
Finding duplicate cells in `\control_unit'.
Computing hashes of 30 cells of `\control_unit'.
Finding duplicate cells in `\control_unit'.
<suppressed ~27 debug messages>
Finding identical cells in module `\control_fsm'.
Computing hashes of 35 cells of `\control_fsm'.
Finding duplicate cells in `\control_fsm'.
Computing hashes of 32 cells of `\control_fsm'.
Finding duplicate cells in `\control_fsm'.
<suppressed ~9 debug messages>
Finding identical cells in module `\status_register'.
Computing hashes of 2 cells of `\status_register'.
Finding duplicate cells in `\status_register'.
Finding identical cells in module `\alu'.
Computing hashes of 253 cells of `\alu'.
Finding duplicate cells in `\alu'.
Computing hashes of 226 cells of `\alu'.
Finding duplicate cells in `\alu'.
<suppressed ~81 debug messages>
Removed a total of 50 cells.

14.21.3. Executing OPT_DFF pass (perform DFF optimizations).
Adding SRST signal on $auto$ff.cc:337:slice$5879 ($_SDFF_PP0_) from module control_fsm (D = $auto$simplemap.cc:189:logic_reduce$5952, Q = \state [2], rval = 1'0).
Adding SRST signal on $auto$ff.cc:337:slice$5877 ($_SDFF_PP0_) from module control_fsm (D = $auto$simplemap.cc:189:logic_reduce$5924, Q = \state [0], rval = 1'0).
Adding SRST signal on $auto$ff.cc:337:slice$5878 ($_SDFF_PP0_) from module control_fsm (D = $auto$simplemap.cc:189:logic_reduce$5938, Q = \state [1], rval = 1'0).

14.21.4. Executing OPT_CLEAN pass (remove unused cells and wires).
Finding unused cells or wires in module \register_file..
Finding unused cells or wires in module \program_counter..
Finding unused cells or wires in module \minirisc_cpu..
Finding unused cells or wires in module \instruction_register..
Finding unused cells or wires in module $paramod$815189997191ad7514d6e5f1f0b96020469174b2\instruction_memory..
Finding unused cells or wires in module \instruction_decoder..
Finding unused cells or wires in module \data_memory..
Finding unused cells or wires in module \control_unit..
Finding unused cells or wires in module \control_fsm..
Finding unused cells or wires in module \status_register..
Finding unused cells or wires in module \alu..
Removed 22 unused cells and 205 unused wires.
<suppressed ~30 debug messages>

14.21.5. Rerunning OPT passes. (Removed registers in this run.)

14.21.6. Executing OPT_EXPR pass (perform const folding).
Optimizing module register_file.
Optimizing module program_counter.
Optimizing module minirisc_cpu.
Optimizing module instruction_register.
Optimizing module $paramod$815189997191ad7514d6e5f1f0b96020469174b2\instruction_memory.
<suppressed ~1 debug messages>
Optimizing module instruction_decoder.
Optimizing module data_memory.
Optimizing module control_unit.
Optimizing module control_fsm.
Optimizing module status_register.
Optimizing module alu.

14.21.7. Executing OPT_MERGE pass (detect identical cells).
Finding identical cells in module `\register_file'.
Computing hashes of 208 cells of `\register_file'.
Finding duplicate cells in `\register_file'.
Finding identical cells in module `\program_counter'.
Computing hashes of 32 cells of `\program_counter'.
Finding duplicate cells in `\program_counter'.
Finding identical cells in module `\minirisc_cpu'.
Computing hashes of 74 cells of `\minirisc_cpu'.
Finding duplicate cells in `\minirisc_cpu'.
Finding identical cells in module `\instruction_register'.
Computing hashes of 16 cells of `\instruction_register'.
Finding duplicate cells in `\instruction_register'.
Finding identical cells in module `$paramod$815189997191ad7514d6e5f1f0b96020469174b2\instruction_memory'.
Computing hashes of 94 cells of `$paramod$815189997191ad7514d6e5f1f0b96020469174b2\instruction_memory'.
Finding duplicate cells in `$paramod$815189997191ad7514d6e5f1f0b96020469174b2\instruction_memory'.
Finding identical cells in module `\instruction_decoder'.
Computing hashes of 0 cells of `\instruction_decoder'.
Finding duplicate cells in `\instruction_decoder'.
Finding identical cells in module `\data_memory'.
Computing hashes of 4664 cells of `\data_memory'.
Finding duplicate cells in `\data_memory'.
Finding identical cells in module `\control_unit'.
Computing hashes of 30 cells of `\control_unit'.
Finding duplicate cells in `\control_unit'.
Finding identical cells in module `\control_fsm'.
Computing hashes of 35 cells of `\control_fsm'.
Finding duplicate cells in `\control_fsm'.
Computing hashes of 33 cells of `\control_fsm'.
Finding duplicate cells in `\control_fsm'.
Computing hashes of 31 cells of `\control_fsm'.
Finding duplicate cells in `\control_fsm'.
<suppressed ~12 debug messages>
Finding identical cells in module `\status_register'.
Computing hashes of 2 cells of `\status_register'.
Finding duplicate cells in `\status_register'.
Finding identical cells in module `\alu'.
Computing hashes of 217 cells of `\alu'.
Finding duplicate cells in `\alu'.
Removed a total of 4 cells.

14.21.8. Executing OPT_DFF pass (perform DFF optimizations).

14.21.9. Executing OPT_CLEAN pass (remove unused cells and wires).
Finding unused cells or wires in module \register_file..
Finding unused cells or wires in module \program_counter..
Finding unused cells or wires in module \minirisc_cpu..
Finding unused cells or wires in module \instruction_register..
Finding unused cells or wires in module $paramod$815189997191ad7514d6e5f1f0b96020469174b2\instruction_memory..
Finding unused cells or wires in module \instruction_decoder..
Finding unused cells or wires in module \data_memory..
Finding unused cells or wires in module \control_unit..
Finding unused cells or wires in module \control_fsm..
Finding unused cells or wires in module \status_register..
Finding unused cells or wires in module \alu..
Removed 0 unused cells and 4 unused wires.
<suppressed ~1 debug messages>

14.21.10. Finished fast OPT passes.

14.22. Executing ABC pass (technology mapping using ABC).

14.22.1. Extracting gate netlist of module `\register_file' to `<abc-temp-dir>/input.blif'..

14.22.1.1. Executed ABC.
Extracted 144 gates and 220 wires to a netlist network with 75 inputs and 32 outputs.
Running ABC script: <abc-temp-dir>/abc.script
ABC: ======== ABC command line "source <abc-temp-dir>/abc.script"
ABC: + read_blif <abc-temp-dir>/input.blif 
ABC: + read_library <abc-temp-dir>/stdcells.genlib 
ABC: + strash 
ABC: + &get -n 
ABC: + &fraig -x 
ABC: + &put 
ABC: + scorr 
ABC: Warning: The network is combinational (run "fraig" or "fraig_sweep").
ABC: + dc2 
ABC: + dretime 
ABC: + strash 
ABC: + &get -n 
ABC: + &dch -f 
ABC: + &nf 
ABC: + &put 
ABC: + write_blif <abc-temp-dir>/output.blif 

14.22.1.2. Re-integrating ABC results.
ABC RESULTS:               AND cells:       10
ABC RESULTS:            ANDNOT cells:        4
ABC RESULTS:               MUX cells:      112
ABC RESULTS:               NOR cells:        1
ABC RESULTS:                OR cells:        8
ABC RESULTS:        internal signals:      113
ABC RESULTS:           input signals:       75
ABC RESULTS:          output signals:       32
Removing temp directory.

14.22.2. Extracting gate netlist of module `\program_counter' to `<abc-temp-dir>/input.blif'..

14.22.2.1. Executed ABC.
Extracted 24 gates and 41 wires to a netlist network with 17 inputs and 8 outputs.
Running ABC script: <abc-temp-dir>/abc.script
ABC: ======== ABC command line "source <abc-temp-dir>/abc.script"
ABC: + read_blif <abc-temp-dir>/input.blif 
ABC: + read_library <abc-temp-dir>/stdcells.genlib 
ABC: + strash 
ABC: + &get -n 
ABC: + &fraig -x 
ABC: + &put 
ABC: + scorr 
ABC: Warning: The network is combinational (run "fraig" or "fraig_sweep").
ABC: + dc2 
ABC: + dretime 
ABC: + strash 
ABC: + &get -n 
ABC: + &dch -f 
ABC: + &nf 
ABC: + &put 
ABC: + write_blif <abc-temp-dir>/output.blif 

14.22.2.2. Re-integrating ABC results.
ABC RESULTS:               AND cells:        5
ABC RESULTS:               MUX cells:        8
ABC RESULTS:              NAND cells:        1
ABC RESULTS:               NOT cells:        1
ABC RESULTS:              XNOR cells:        1
ABC RESULTS:               XOR cells:        6
ABC RESULTS:        internal signals:       16
ABC RESULTS:           input signals:       17
ABC RESULTS:          output signals:        8
Removing temp directory.

14.22.3. Extracting gate netlist of module `\minirisc_cpu' to `<abc-temp-dir>/input.blif'..

14.22.3.1. Executed ABC.
Extracted 64 gates and 106 wires to a netlist network with 42 inputs and 12 outputs.
Running ABC script: <abc-temp-dir>/abc.script
ABC: ======== ABC command line "source <abc-temp-dir>/abc.script"
ABC: + read_blif <abc-temp-dir>/input.blif 
ABC: + read_library <abc-temp-dir>/stdcells.genlib 
ABC: + strash 
ABC: + &get -n 
ABC: + &fraig -x 
ABC: + &put 
ABC: + scorr 
ABC: Warning: The network is combinational (run "fraig" or "fraig_sweep").
ABC: + dc2 
ABC: + dretime 
ABC: + strash 
ABC: + &get -n 
ABC: + &dch -f 
ABC: + &nf 
ABC: + &put 
ABC: + write_blif <abc-temp-dir>/output.blif 

14.22.3.2. Re-integrating ABC results.
ABC RESULTS:               AND cells:       22
ABC RESULTS:            ANDNOT cells:        2
ABC RESULTS:              NAND cells:       40
ABC RESULTS:               NOR cells:        1
ABC RESULTS:                OR cells:        1
ABC RESULTS:        internal signals:       52
ABC RESULTS:           input signals:       42
ABC RESULTS:          output signals:       12
Removing temp directory.

14.22.4. Extracting gate netlist of module `\instruction_register' to `<abc-temp-dir>/input.blif'..

14.22.4.1. Executed ABC.
Extracted 0 gates and 0 wires to a netlist network with 0 inputs and 0 outputs.
Don't call ABC as there is nothing to map.
Removing temp directory.

14.22.5. Extracting gate netlist of module `$paramod$815189997191ad7514d6e5f1f0b96020469174b2\instruction_memory' to `<abc-temp-dir>/input.blif'..

14.22.5.1. Executed ABC.
Extracted 94 gates and 104 wires to a netlist network with 8 inputs and 14 outputs.
Running ABC script: <abc-temp-dir>/abc.script
ABC: ======== ABC command line "source <abc-temp-dir>/abc.script"
ABC: + read_blif <abc-temp-dir>/input.blif 
ABC: + read_library <abc-temp-dir>/stdcells.genlib 
ABC: + strash 
ABC: + &get -n 
ABC: + &fraig -x 
ABC: + &put 
ABC: + scorr 
ABC: Warning: The network is combinational (run "fraig" or "fraig_sweep").
ABC: + dc2 
ABC: + dretime 
ABC: + strash 
ABC: + &get -n 
ABC: + &dch -f 
ABC: + &nf 
ABC: + &put 
ABC: + write_blif <abc-temp-dir>/output.blif 

14.22.5.2. Re-integrating ABC results.
ABC RESULTS:               AND cells:       13
ABC RESULTS:            ANDNOT cells:        9
ABC RESULTS:               MUX cells:        2
ABC RESULTS:              NAND cells:        8
ABC RESULTS:               NOR cells:        4
ABC RESULTS:               NOT cells:        1
ABC RESULTS:                OR cells:        3
ABC RESULTS:             ORNOT cells:        4
ABC RESULTS:               XOR cells:        1
ABC RESULTS:        internal signals:       82
ABC RESULTS:           input signals:        8
ABC RESULTS:          output signals:       14
Removing temp directory.

14.22.6. Extracting gate netlist of module `\instruction_decoder' to `<abc-temp-dir>/input.blif'..

14.22.6.1. Executed ABC.
Extracted 0 gates and 0 wires to a netlist network with 0 inputs and 0 outputs.
Don't call ABC as there is nothing to map.
Removing temp directory.

14.22.7. Extracting gate netlist of module `\data_memory' to `<abc-temp-dir>/input.blif'..

14.22.7.1. Executed ABC.
Extracted 2616 gates and 4675 wires to a netlist network with 2058 inputs and 264 outputs.
Running ABC script: <abc-temp-dir>/abc.script
ABC: ======== ABC command line "source <abc-temp-dir>/abc.script"
ABC: + read_blif <abc-temp-dir>/input.blif 
ABC: + read_library <abc-temp-dir>/stdcells.genlib 
ABC: + strash 
ABC: + &get -n 
ABC: + &fraig -x 
ABC: + &put 
ABC: + scorr 
ABC: Warning: The network is combinational (run "fraig" or "fraig_sweep").
ABC: + dc2 
ABC: + dretime 
ABC: + strash 
ABC: + &get -n 
ABC: + &dch -f 
ABC: + &nf 
ABC: + &put 
ABC: + write_blif <abc-temp-dir>/output.blif 

14.22.7.2. Re-integrating ABC results.
ABC RESULTS:               AND cells:     1682
ABC RESULTS:            ANDNOT cells:        8
ABC RESULTS:              NAND cells:     3364
ABC RESULTS:               NOR cells:        4
ABC RESULTS:        internal signals:     2353
ABC RESULTS:           input signals:     2058
ABC RESULTS:          output signals:      264
Removing temp directory.

14.22.8. Extracting gate netlist of module `\control_unit' to `<abc-temp-dir>/input.blif'..

14.22.8.1. Executed ABC.
Extracted 30 gates and 36 wires to a netlist network with 4 inputs and 12 outputs.
Running ABC script: <abc-temp-dir>/abc.script
ABC: ======== ABC command line "source <abc-temp-dir>/abc.script"
ABC: + read_blif <abc-temp-dir>/input.blif 
ABC: + read_library <abc-temp-dir>/stdcells.genlib 
ABC: + strash 
ABC: + &get -n 
ABC: + &fraig -x 
ABC: + &put 
ABC: + scorr 
ABC: Warning: The network is combinational (run "fraig" or "fraig_sweep").
ABC: + dc2 
ABC: + dretime 
ABC: + strash 
ABC: + &get -n 
ABC: + &dch -f 
ABC: + &nf 
ABC: + &put 
ABC: + write_blif <abc-temp-dir>/output.blif 

14.22.8.2. Re-integrating ABC results.
ABC RESULTS:               AND cells:       13
ABC RESULTS:            ANDNOT cells:        5
ABC RESULTS:               MUX cells:        1
ABC RESULTS:              NAND cells:        1
ABC RESULTS:               NOR cells:        2
ABC RESULTS:               NOT cells:        1
ABC RESULTS:                OR cells:        5
ABC RESULTS:        internal signals:       20
ABC RESULTS:           input signals:        4
ABC RESULTS:          output signals:       12
Removing temp directory.

14.22.9. Extracting gate netlist of module `\control_fsm' to `<abc-temp-dir>/input.blif'..

14.22.9.1. Executed ABC.
Extracted 28 gates and 33 wires to a netlist network with 5 inputs and 9 outputs.
Running ABC script: <abc-temp-dir>/abc.script
ABC: ======== ABC command line "source <abc-temp-dir>/abc.script"
ABC: + read_blif <abc-temp-dir>/input.blif 
ABC: + read_library <abc-temp-dir>/stdcells.genlib 
ABC: + strash 
ABC: + &get -n 
ABC: + &fraig -x 
ABC: + &put 
ABC: + scorr 
ABC: Warning: The network is combinational (run "fraig" or "fraig_sweep").
ABC: + dc2 
ABC: + dretime 
ABC: + strash 
ABC: + &get -n 
ABC: + &dch -f 
ABC: + &nf 
ABC: + &put 
ABC: + write_blif <abc-temp-dir>/output.blif 

14.22.9.2. Re-integrating ABC results.
ABC RESULTS:               AND cells:        2
ABC RESULTS:            ANDNOT cells:        7
ABC RESULTS:              NAND cells:        2
ABC RESULTS:               NOR cells:        4
ABC RESULTS:                OR cells:        2
ABC RESULTS:        internal signals:       19
ABC RESULTS:           input signals:        5
ABC RESULTS:          output signals:        9
Removing temp directory.

14.22.10. Extracting gate netlist of module `\status_register' to `<abc-temp-dir>/input.blif'..

14.22.10.1. Executed ABC.
Extracted 0 gates and 0 wires to a netlist network with 0 inputs and 0 outputs.
Don't call ABC as there is nothing to map.
Removing temp directory.

14.22.11. Extracting gate netlist of module `\alu' to `<abc-temp-dir>/input.blif'..

14.22.11.1. Executed ABC.
Extracted 217 gates and 237 wires to a netlist network with 19 inputs and 10 outputs.
Running ABC script: <abc-temp-dir>/abc.script
ABC: ======== ABC command line "source <abc-temp-dir>/abc.script"
ABC: + read_blif <abc-temp-dir>/input.blif 
ABC: + read_library <abc-temp-dir>/stdcells.genlib 
ABC: + strash 
ABC: + &get -n 
ABC: + &fraig -x 
ABC: + &put 
ABC: + scorr 
ABC: Warning: The network is combinational (run "fraig" or "fraig_sweep").
ABC: + dc2 
ABC: + dretime 
ABC: + strash 
ABC: + &get -n 
ABC: + &dch -f 
ABC: + &nf 
ABC: + &put 
ABC: + write_blif <abc-temp-dir>/output.blif 

14.22.11.2. Re-integrating ABC results.
ABC RESULTS:               AND cells:       41
ABC RESULTS:            ANDNOT cells:        4
ABC RESULTS:              NAND cells:       61
ABC RESULTS:               NOR cells:        3
ABC RESULTS:                OR cells:       23
ABC RESULTS:             ORNOT cells:       16
ABC RESULTS:              XNOR cells:        2
ABC RESULTS:               XOR cells:       11
ABC RESULTS:        internal signals:      208
ABC RESULTS:           input signals:       19
ABC RESULTS:          output signals:       10
Removing temp directory.
Removing global temp directory.

14.23. Executing OPT pass (performing simple optimizations).

14.23.1. Executing OPT_EXPR pass (perform const folding).
Optimizing module register_file.
Optimizing module program_counter.
Optimizing module minirisc_cpu.
Optimizing module instruction_register.
Optimizing module $paramod$815189997191ad7514d6e5f1f0b96020469174b2\instruction_memory.
Optimizing module instruction_decoder.
Optimizing module data_memory.
Optimizing module control_unit.
Optimizing module control_fsm.
Optimizing module status_register.
Optimizing module alu.

14.23.2. Executing OPT_MERGE pass (detect identical cells).
Finding identical cells in module `\register_file'.
Computing hashes of 199 cells of `\register_file'.
Finding duplicate cells in `\register_file'.
Finding identical cells in module `\program_counter'.
Computing hashes of 30 cells of `\program_counter'.
Finding duplicate cells in `\program_counter'.
Finding identical cells in module `\minirisc_cpu'.
Computing hashes of 76 cells of `\minirisc_cpu'.
Finding duplicate cells in `\minirisc_cpu'.
Finding identical cells in module `\instruction_register'.
Computing hashes of 16 cells of `\instruction_register'.
Finding duplicate cells in `\instruction_register'.
Finding identical cells in module `$paramod$815189997191ad7514d6e5f1f0b96020469174b2\instruction_memory'.
Computing hashes of 45 cells of `$paramod$815189997191ad7514d6e5f1f0b96020469174b2\instruction_memory'.
Finding duplicate cells in `$paramod$815189997191ad7514d6e5f1f0b96020469174b2\instruction_memory'.
Finding identical cells in module `\instruction_decoder'.
Computing hashes of 0 cells of `\instruction_decoder'.
Finding duplicate cells in `\instruction_decoder'.
Finding identical cells in module `\data_memory'.
Computing hashes of 7106 cells of `\data_memory'.
Finding duplicate cells in `\data_memory'.
Finding identical cells in module `\control_unit'.
Computing hashes of 28 cells of `\control_unit'.
Finding duplicate cells in `\control_unit'.
Finding identical cells in module `\control_fsm'.
Computing hashes of 20 cells of `\control_fsm'.
Finding duplicate cells in `\control_fsm'.
Finding identical cells in module `\status_register'.
Computing hashes of 2 cells of `\status_register'.
Finding duplicate cells in `\status_register'.
Finding identical cells in module `\alu'.
Computing hashes of 161 cells of `\alu'.
Finding duplicate cells in `\alu'.
Removed a total of 0 cells.

14.23.3. Executing OPT_DFF pass (perform DFF optimizations).

14.23.4. Executing OPT_CLEAN pass (remove unused cells and wires).
Finding unused cells or wires in module \register_file..
Finding unused cells or wires in module \program_counter..
Finding unused cells or wires in module \minirisc_cpu..
Finding unused cells or wires in module \instruction_register..
Finding unused cells or wires in module $paramod$815189997191ad7514d6e5f1f0b96020469174b2\instruction_memory..
Finding unused cells or wires in module \instruction_decoder..
Finding unused cells or wires in module \data_memory..
Finding unused cells or wires in module \control_unit..
Finding unused cells or wires in module \control_fsm..
Finding unused cells or wires in module \status_register..
Finding unused cells or wires in module \alu..
Removed 0 unused cells and 3395 unused wires.
<suppressed ~8 debug messages>

14.23.5. Finished fast OPT passes.

14.24. Executing HIERARCHY pass (managing design hierarchy).
Attribute `top' found on module `minirisc_cpu'. Setting top module to minirisc_cpu.

14.24.1. Analyzing design hierarchy..
Top module:  \minirisc_cpu
Used module:     \data_memory
Used module:     \status_register
Used module:     \alu
Used module:     \register_file
Used module:     \control_fsm
Used module:     \control_unit
Used module:     \instruction_decoder
Used module:     \instruction_register
Used module:     $paramod$815189997191ad7514d6e5f1f0b96020469174b2\instruction_memory
Used module:     \program_counter

14.24.2. Analyzing design hierarchy..
Top module:  \minirisc_cpu
Used module:     \data_memory
Used module:     \status_register
Used module:     \alu
Used module:     \register_file
Used module:     \control_fsm
Used module:     \control_unit
Used module:     \instruction_decoder
Used module:     \instruction_register
Used module:     $paramod$815189997191ad7514d6e5f1f0b96020469174b2\instruction_memory
Used module:     \program_counter
Removed 0 unused modules.

14.25. Printing statistics.

=== register_file ===

        +----------Local Count, excluding submodules.
        | 
      136 wires
      219 wire bits
       17 public wires
      100 public wire bits
        9 ports
       36 port bits
      199 cells
        4   $_ANDNOT_
       10   $_AND_
      112   $_MUX_
        1   $_NOR_
        8   $_OR_
       64   $_SDFFCE_PN0P_

=== program_counter ===

        +----------Local Count, excluding submodules.
        | 
       28 wires
       42 wire bits
        6 public wires
       20 public wire bits
        6 ports
       20 port bits
       30 cells
        5   $_AND_
        8   $_MUX_
        1   $_NAND_
        1   $_NOT_
        8   $_SDFFE_PP0P_
        1   $_XNOR_
        6   $_XOR_

=== minirisc_cpu ===

        +----------Local Count, excluding submodules.
        | 
       98 wires
      220 wire bits
       44 public wires
      166 public wire bits
        8 ports
       32 port bits
       66 cells
        2   $_ANDNOT_
       22   $_AND_
       40   $_NAND_
        1   $_NOR_
        1   $_OR_
       10 submodules
        1   $paramod$815189997191ad7514d6e5f1f0b96020469174b2\instruction_memory
        1   alu
        1   control_fsm
        1   control_unit
        1   data_memory
        1   instruction_decoder
        1   instruction_register
        1   program_counter
        1   register_file
        1   status_register

=== instruction_register ===

        +----------Local Count, excluding submodules.
        | 
        5 wires
       35 wire bits
        5 public wires
       35 public wire bits
        5 ports
       35 port bits
       16 cells
       16   $_SDFFE_PP0P_

=== $paramod$815189997191ad7514d6e5f1f0b96020469174b2\instruction_memory ===

        +----------Local Count, excluding submodules.
        | 
       33 wires
       55 wire bits
        2 public wires
       24 public wire bits
        2 ports
       24 port bits
       45 cells
        9   $_ANDNOT_
       13   $_AND_
        2   $_MUX_
        8   $_NAND_
        4   $_NOR_
        1   $_NOT_
        4   $_ORNOT_
        3   $_OR_
        1   $_XOR_

=== instruction_decoder ===

        +----------Local Count, excluding submodules.
        | 
        5 wires
       34 wire bits
        5 public wires
       34 public wire bits
        5 ports
       34 port bits

=== data_memory ===

        +----------Local Count, excluding submodules.
        | 
     5313 wires
     7157 wire bits
      263 public wires
     2107 public wire bits
        6 ports
       27 port bits
     7106 cells
        8   $_ANDNOT_
     1682   $_AND_
     2048   $_DFFE_PP_
     3364   $_NAND_
        4   $_NOR_

=== control_unit ===

        +----------Local Count, excluding submodules.
        | 
       26 wires
       32 wire bits
       10 public wires
       16 public wire bits
       10 ports
       16 port bits
       28 cells
        5   $_ANDNOT_
       13   $_AND_
        1   $_MUX_
        1   $_NAND_
        2   $_NOR_
        1   $_NOT_
        5   $_OR_

=== control_fsm ===

        +----------Local Count, excluding submodules.
        | 
       21 wires
       23 wire bits
        9 public wires
       11 public wire bits
        9 ports
       11 port bits
       20 cells
        7   $_ANDNOT_
        2   $_AND_
        2   $_NAND_
        4   $_NOR_
        2   $_OR_
        3   $_SDFF_PP0_

=== status_register ===

        +----------Local Count, excluding submodules.
        | 
        7 wires
        7 wire bits
        7 public wires
        7 public wire bits
        7 ports
        7 port bits
        2 cells
        2   $_SDFFE_PP0P_

=== alu ===

        +----------Local Count, excluding submodules.
        | 
      157 wires
      180 wire bits
        6 public wires
       29 public wire bits
        6 ports
       29 port bits
      161 cells
        4   $_ANDNOT_
       41   $_AND_
       61   $_NAND_
        3   $_NOR_
       16   $_ORNOT_
       23   $_OR_
        2   $_XNOR_
       11   $_XOR_

=== design hierarchy ===

        +----------Count including submodules.
        | 
     7673 minirisc_cpu
       45 $paramod$815189997191ad7514d6e5f1f0b96020469174b2\instruction_memory
      161 alu
       20 control_fsm
       28 control_unit
     7106 data_memory
       16 instruction_register
       30 program_counter
      199 register_file
        2 status_register

        +----------Count including submodules.
        | 
     5829 wires
     8004 wire bits
      374 public wires
     2549 public wire bits
       73 ports
      271 port bits
        - memories
        - memory bits
        - processes
     7673 cells
       39   $_ANDNOT_
     1788   $_AND_
     2048   $_DFFE_PP_
      123   $_MUX_
     3477   $_NAND_
       19   $_NOR_
        3   $_NOT_
       20   $_ORNOT_
       42   $_OR_
       64   $_SDFFCE_PN0P_
       26   $_SDFFE_PP0P_
        3   $_SDFF_PP0_
        3   $_XNOR_
       18   $_XOR_
       10 submodules
        1   $paramod$815189997191ad7514d6e5f1f0b96020469174b2\instruction_memory
        1   alu
        1   control_fsm
        1   control_unit
        1   data_memory
        1   instruction_decoder
        1   instruction_register
        1   program_counter
        1   register_file
        1   status_register

14.26. Executing CHECK pass (checking for obvious problems).
Checking module register_file...
Checking module program_counter...
Checking module minirisc_cpu...
Checking module instruction_register...
Checking module $paramod$815189997191ad7514d6e5f1f0b96020469174b2\instruction_memory...
Checking module instruction_decoder...
Checking module data_memory...
Checking module control_unit...
Checking module control_fsm...
Checking module status_register...
Checking module alu...
Found and reported 0 problems.

15. Executing FLATTEN pass (flatten design).
Deleting now unused module register_file.
Deleting now unused module program_counter.
Deleting now unused module instruction_register.
Deleting now unused module $paramod$815189997191ad7514d6e5f1f0b96020469174b2\instruction_memory.
Deleting now unused module instruction_decoder.
Deleting now unused module data_memory.
Deleting now unused module control_unit.
Deleting now unused module control_fsm.
Deleting now unused module status_register.
Deleting now unused module alu.
<suppressed ~10 debug messages>

16. Executing OPT pass (performing simple optimizations).

16.1. Executing OPT_EXPR pass (perform const folding).
Optimizing module minirisc_cpu.

16.2. Executing OPT_MERGE pass (detect identical cells).
Finding identical cells in module `\minirisc_cpu'.
Computing hashes of 7683 cells of `\minirisc_cpu'.
Finding duplicate cells in `\minirisc_cpu'.
Computing hashes of 7681 cells of `\minirisc_cpu'.
Finding duplicate cells in `\minirisc_cpu'.
Computing hashes of 7678 cells of `\minirisc_cpu'.
Finding duplicate cells in `\minirisc_cpu'.
<suppressed ~15 debug messages>
Removed a total of 5 cells.

16.3. Executing OPT_MUXTREE pass (detect dead branches in mux trees).
Running muxtree optimizer on module \minirisc_cpu..
  Creating internal representation of mux trees.
  No muxes found in this module.
Removed 0 multiplexer ports.

16.4. Executing OPT_REDUCE pass (consolidate $*mux and $reduce_* inputs).
  Optimizing cells in module \minirisc_cpu.
Performed a total of 0 changes.

16.5. Executing OPT_MERGE pass (detect identical cells).
Finding identical cells in module `\minirisc_cpu'.
Computing hashes of 7678 cells of `\minirisc_cpu'.
Finding duplicate cells in `\minirisc_cpu'.
Removed a total of 0 cells.

16.6. Executing OPT_DFF pass (perform DFF optimizations).
Setting constant 0-bit at position 0 on $flatten\u_ir.$auto$ff.cc:337:slice$10803 ($_SDFFE_PP0P_) from module minirisc_cpu.

16.7. Executing OPT_CLEAN pass (remove unused cells and wires).
Finding unused cells or wires in module \minirisc_cpu..
Removed 0 unused cells and 4 unused wires.
<suppressed ~1 debug messages>

16.8. Executing OPT_EXPR pass (perform const folding).
Optimizing module minirisc_cpu.
<suppressed ~32 debug messages>

16.9. Rerunning OPT passes. (Maybe there is more to do..)

16.10. Executing OPT_MUXTREE pass (detect dead branches in mux trees).
Running muxtree optimizer on module \minirisc_cpu..
  Creating internal representation of mux trees.
  No muxes found in this module.
Removed 0 multiplexer ports.

16.11. Executing OPT_REDUCE pass (consolidate $*mux and $reduce_* inputs).
  Optimizing cells in module \minirisc_cpu.
Performed a total of 0 changes.

16.12. Executing OPT_MERGE pass (detect identical cells).
Finding identical cells in module `\minirisc_cpu'.
Computing hashes of 7645 cells of `\minirisc_cpu'.
Finding duplicate cells in `\minirisc_cpu'.
Removed a total of 0 cells.

16.13. Executing OPT_DFF pass (perform DFF optimizations).

16.14. Executing OPT_CLEAN pass (remove unused cells and wires).
Finding unused cells or wires in module \minirisc_cpu..
Removed 0 unused cells and 32 unused wires.
<suppressed ~1 debug messages>

16.15. Executing OPT_EXPR pass (perform const folding).
Optimizing module minirisc_cpu.

16.16. Rerunning OPT passes. (Maybe there is more to do..)

16.17. Executing OPT_MUXTREE pass (detect dead branches in mux trees).
Running muxtree optimizer on module \minirisc_cpu..
  Creating internal representation of mux trees.
  No muxes found in this module.
Removed 0 multiplexer ports.

16.18. Executing OPT_REDUCE pass (consolidate $*mux and $reduce_* inputs).
  Optimizing cells in module \minirisc_cpu.
Performed a total of 0 changes.

16.19. Executing OPT_MERGE pass (detect identical cells).
Finding identical cells in module `\minirisc_cpu'.
Computing hashes of 7645 cells of `\minirisc_cpu'.
Finding duplicate cells in `\minirisc_cpu'.
Removed a total of 0 cells.

16.20. Executing OPT_DFF pass (perform DFF optimizations).

16.21. Executing OPT_CLEAN pass (remove unused cells and wires).
Finding unused cells or wires in module \minirisc_cpu..

16.22. Executing OPT_EXPR pass (perform const folding).
Optimizing module minirisc_cpu.

16.23. Finished fast OPT passes. (There is nothing left to do.)

17. Executing CHECK pass (checking for obvious problems).
Checking module minirisc_cpu...
Found and reported 0 problems.

18. Printing statistics.

=== minirisc_cpu ===

        +----------Local Count, excluding submodules.
        | 
     5793 wires
     7968 wire bits
      374 public wires
     2549 public wire bits
        8 ports
       32 port bits
     7645 cells
       39   $_ANDNOT_
     1786   $_AND_
     2048   $_DFFE_PP_
       91   $_MUX_
     3476   $_NAND_
       19   $_NOR_
        3   $_NOT_
       20   $_ORNOT_
       42   $_OR_
       64   $_SDFFCE_PN0P_
       24   $_SDFFE_PP0P_
        3   $_SDFF_PP0_
        3   $_XNOR_
       17   $_XOR_
       10   $scopeinfo

19. Executing LTP pass (find longest path).

Longest topological path in minirisc_cpu (length=23):
    0: \u_regfile.registers[7] [1]
    1: $flatten\u_regfile.$abc$11320$new_n143 (via $flatten\u_regfile.$abc$11320$auto$blifparse.cc:397:parse_blif$11356)
    2: $flatten\u_regfile.$abc$11320$new_n145 (via $flatten\u_regfile.$abc$11320$auto$blifparse.cc:397:parse_blif$11358)
    3: \u_alu.a [1] (via $flatten\u_regfile.$abc$11320$auto$blifparse.cc:397:parse_blif$11362)
    4: $flatten\u_alu.$abc$16701$new_n51 (via $flatten\u_alu.$abc$16701$auto$blifparse.cc:397:parse_blif$16723)
    5: $flatten\u_alu.$abc$16701$new_n72 (via $flatten\u_alu.$abc$16701$auto$blifparse.cc:397:parse_blif$16744)
    6: $flatten\u_alu.$abc$16701$new_n73 (via $flatten\u_alu.$abc$16701$auto$blifparse.cc:397:parse_blif$16745)
    7: $flatten\u_alu.$abc$16701$new_n74 (via $flatten\u_alu.$abc$16701$auto$blifparse.cc:397:parse_blif$16746)
    8: $flatten\u_alu.$abc$16701$new_n75 (via $flatten\u_alu.$abc$16701$auto$blifparse.cc:397:parse_blif$16747)
    9: $flatten\u_alu.$abc$16701$new_n76 (via $flatten\u_alu.$abc$16701$auto$blifparse.cc:397:parse_blif$16748)
   10: $flatten\u_alu.$abc$16701$new_n77 (via $flatten\u_alu.$abc$16701$auto$blifparse.cc:397:parse_blif$16749)
   11: $flatten\u_alu.$abc$16701$new_n78 (via $flatten\u_alu.$abc$16701$auto$blifparse.cc:397:parse_blif$16750)
   12: $flatten\u_alu.$abc$16701$new_n79 (via $flatten\u_alu.$abc$16701$auto$blifparse.cc:397:parse_blif$16751)
   13: $flatten\u_alu.$abc$16701$new_n80 (via $flatten\u_alu.$abc$16701$auto$blifparse.cc:397:parse_blif$16752)
   14: $flatten\u_alu.$abc$16701$new_n81 (via $flatten\u_alu.$abc$16701$auto$blifparse.cc:397:parse_blif$16753)
   15: $flatten\u_alu.$abc$16701$new_n85 (via $flatten\u_alu.$abc$16701$auto$blifparse.cc:397:parse_blif$16757)
   16: $flatten\u_alu.$abc$16701$new_n171 (via $flatten\u_alu.$abc$16701$auto$blifparse.cc:397:parse_blif$16843)
   17: $flatten\u_alu.$abc$16701$new_n173 (via $flatten\u_alu.$abc$16701$auto$blifparse.cc:397:parse_blif$16845)
   18: $flatten\u_alu.$abc$16701$new_n174 (via $flatten\u_alu.$abc$16701$auto$blifparse.cc:397:parse_blif$16846)
   19: $flatten\u_alu.$abc$16701$new_n180 (via $flatten\u_alu.$abc$16701$auto$blifparse.cc:397:parse_blif$16852)
   20: \alu_result [7] (via $flatten\u_alu.$abc$16701$auto$blifparse.cc:397:parse_blif$16853)
   21: $abc$11479$new_n108 (via $abc$11479$auto$blifparse.cc:397:parse_blif$11533)
   22: $abc$11479$new_n113 (via $abc$11479$auto$blifparse.cc:397:parse_blif$11538)
   23: \u_regfile.write_data [7] (via $abc$11479$auto$blifparse.cc:397:parse_blif$11539)
   ff: \u_regfile.registers[7] [7] (via $flatten\u_regfile.$auto$ff.cc:337:slice$11058)

End of script. Logfile hash: aa150dac22, time: 0.97s, user: 0.40s, system: 0.03s, MEM: 55.08 MB peak
Yosys 0.68+post (git sha1 c12172fbae8af5e20f6fb52e3d4e92d56ed587b6, Release, AppleClang clang++ 21.0.0.21000101)
Time spent: 59% 1x abc (0 sec), 8% 27x opt_expr (0 sec), ...
