
 /----------------------------------------------------------------------------\
 |  yosys -- Yosys Open SYnthesis Suite                                       |
 |  Copyright (C) 2012 - 2026  Claire Xenia Wolf <claire@yosyshq.com>         |
 |  Distributed under an ISC-like license, type "license" to see terms        |
 \----------------------------------------------------------------------------/
 Yosys 0.68+post (git sha1 c12172fbae8af5e20f6fb52e3d4e92d56ed587b6, Release, AppleClang clang++ 21.0.0.21000101)

-- Parsing `rtl/alu.v' using frontend ` -vlog2k' --

1. Executing Verilog-2005 frontend: rtl/alu.v
Parsing Verilog input from `rtl/alu.v' to AST representation.
Storing AST representation for module `$abstract\alu'.
Successfully finished Verilog frontend.

-- Parsing `rtl/and_gate.v' using frontend ` -vlog2k' --

2. Executing Verilog-2005 frontend: rtl/and_gate.v
Parsing Verilog input from `rtl/and_gate.v' to AST representation.
Storing AST representation for module `$abstract\and_gate'.
Successfully finished Verilog frontend.

-- Parsing `rtl/control_fsm.v' using frontend ` -vlog2k' --

3. Executing Verilog-2005 frontend: rtl/control_fsm.v
Parsing Verilog input from `rtl/control_fsm.v' to AST representation.
Storing AST representation for module `$abstract\control_fsm'.
Successfully finished Verilog frontend.

-- Parsing `rtl/control_unit.v' using frontend ` -vlog2k' --

4. Executing Verilog-2005 frontend: rtl/control_unit.v
Parsing Verilog input from `rtl/control_unit.v' to AST representation.
Storing AST representation for module `$abstract\control_unit'.
Successfully finished Verilog frontend.

-- Parsing `rtl/data_memory.v' using frontend ` -vlog2k' --

5. Executing Verilog-2005 frontend: rtl/data_memory.v
Parsing Verilog input from `rtl/data_memory.v' to AST representation.
Storing AST representation for module `$abstract\data_memory'.
Successfully finished Verilog frontend.

-- Parsing `rtl/instruction_decoder.v' using frontend ` -vlog2k' --

6. Executing Verilog-2005 frontend: rtl/instruction_decoder.v
Parsing Verilog input from `rtl/instruction_decoder.v' to AST representation.
Storing AST representation for module `$abstract\instruction_decoder'.
Successfully finished Verilog frontend.

-- Parsing `rtl/instruction_memory.v' using frontend ` -vlog2k' --

7. Executing Verilog-2005 frontend: rtl/instruction_memory.v
Parsing Verilog input from `rtl/instruction_memory.v' to AST representation.
Storing AST representation for module `$abstract\instruction_memory'.
Successfully finished Verilog frontend.

-- Parsing `rtl/instruction_register.v' using frontend ` -vlog2k' --

8. Executing Verilog-2005 frontend: rtl/instruction_register.v
Parsing Verilog input from `rtl/instruction_register.v' to AST representation.
Storing AST representation for module `$abstract\instruction_register'.
Successfully finished Verilog frontend.

-- Parsing `rtl/minirisc_cpu.v' using frontend ` -vlog2k' --

9. Executing Verilog-2005 frontend: rtl/minirisc_cpu.v
Parsing Verilog input from `rtl/minirisc_cpu.v' to AST representation.
Storing AST representation for module `$abstract\minirisc_cpu'.
Successfully finished Verilog frontend.

-- Parsing `rtl/program_counter.v' using frontend ` -vlog2k' --

10. Executing Verilog-2005 frontend: rtl/program_counter.v
Parsing Verilog input from `rtl/program_counter.v' to AST representation.
Storing AST representation for module `$abstract\program_counter'.
Successfully finished Verilog frontend.

-- Parsing `rtl/register_file.v' using frontend ` -vlog2k' --

11. Executing Verilog-2005 frontend: rtl/register_file.v
Parsing Verilog input from `rtl/register_file.v' to AST representation.
Storing AST representation for module `$abstract\register_file'.
Successfully finished Verilog frontend.

-- Parsing `rtl/status_register.v' using frontend ` -vlog2k' --

12. Executing Verilog-2005 frontend: rtl/status_register.v
Parsing Verilog input from `rtl/status_register.v' to AST representation.
Storing AST representation for module `$abstract\status_register'.
Successfully finished Verilog frontend.

-- Parsing `fpga/rtl/minirisc_fpga_top.v' using frontend ` -vlog2k' --

13. Executing Verilog-2005 frontend: fpga/rtl/minirisc_fpga_top.v
Parsing Verilog input from `fpga/rtl/minirisc_fpga_top.v' to AST representation.
Storing AST representation for module `$abstract\minirisc_fpga_top'.
Successfully finished Verilog frontend.

-- Parsing `fpga/rtl/minirisc_ice40_top.v' using frontend ` -vlog2k' --

14. Executing Verilog-2005 frontend: fpga/rtl/minirisc_ice40_top.v
Parsing Verilog input from `fpga/rtl/minirisc_ice40_top.v' to AST representation.
Storing AST representation for module `$abstract\minirisc_ice40_top'.
Successfully finished Verilog frontend.

-- Parsing `fpga/rtl/reset_sync.v' using frontend ` -vlog2k' --

15. Executing Verilog-2005 frontend: fpga/rtl/reset_sync.v
Parsing Verilog input from `fpga/rtl/reset_sync.v' to AST representation.
Storing AST representation for module `$abstract\reset_sync'.
Successfully finished Verilog frontend.

-- Parsing `fpga/rtl/uart_tx.v' using frontend ` -vlog2k' --

16. Executing Verilog-2005 frontend: fpga/rtl/uart_tx.v
Parsing Verilog input from `fpga/rtl/uart_tx.v' to AST representation.
Storing AST representation for module `$abstract\uart_tx'.
Successfully finished Verilog frontend.

-- Running command `hierarchy -check -top minirisc_ice40_top; synth_ice40 -top minirisc_ice40_top -json fpga/build/minirisc_ice40.json; stat' --

17. Executing HIERARCHY pass (managing design hierarchy).

18. Executing AST frontend in derive mode using pre-parsed AST for module `\minirisc_ice40_top'.
Generating RTLIL representation for module `\minirisc_ice40_top'.

18.1. Analyzing design hierarchy..
Top module:  \minirisc_ice40_top
Parameter \PROGRAM_FILE = 200'01110000011100100110111101100111011100100110000101101101011100110010111101110100011001010111001101110100010111110111000001110010011011110110011101110010011000010110110100101110011011010110010101101101
Parameter \CLK_FREQ_HZ = 50000000
Parameter \UART_BAUD = 115200

18.2. Executing AST frontend in derive mode using pre-parsed AST for module `\minirisc_fpga_top'.
Parameter \PROGRAM_FILE = 200'01110000011100100110111101100111011100100110000101101101011100110010111101110100011001010111001101110100010111110111000001110010011011110110011101110010011000010110110100101110011011010110010101101101
Parameter \CLK_FREQ_HZ = 50000000
Parameter \UART_BAUD = 115200
Generating RTLIL representation for module `$paramod$413c7a9f17710a8a794f37fb6d8b8a10bf06c6d6\minirisc_fpga_top'.

18.3. Analyzing design hierarchy..
Top module:  \minirisc_ice40_top
Used module:     $paramod$413c7a9f17710a8a794f37fb6d8b8a10bf06c6d6\minirisc_fpga_top
Parameter \CLK_FREQ_HZ = 50000000
Parameter \BAUD_RATE = 115200

18.4. Executing AST frontend in derive mode using pre-parsed AST for module `\uart_tx'.
Parameter \CLK_FREQ_HZ = 50000000
Parameter \BAUD_RATE = 115200
Generating RTLIL representation for module `$paramod$100788816723f265f32c3fe4faf589ec2cde347b\uart_tx'.
Parameter \PROGRAM_FILE = 200'01110000011100100110111101100111011100100110000101101101011100110010111101110100011001010111001101110100010111110111000001110010011011110110011101110010011000010110110100101110011011010110010101101101

18.5. Executing AST frontend in derive mode using pre-parsed AST for module `\minirisc_cpu'.
Parameter \PROGRAM_FILE = 200'01110000011100100110111101100111011100100110000101101101011100110010111101110100011001010111001101110100010111110111000001110010011011110110011101110010011000010110110100101110011011010110010101101101
Generating RTLIL representation for module `$paramod$7d8052ce042664084c842722ba9b8da125aa65fb\minirisc_cpu'.

18.6. Executing AST frontend in derive mode using pre-parsed AST for module `\reset_sync'.
Generating RTLIL representation for module `\reset_sync'.

18.7. Analyzing design hierarchy..
Top module:  \minirisc_ice40_top
Used module:     $paramod$413c7a9f17710a8a794f37fb6d8b8a10bf06c6d6\minirisc_fpga_top
Used module:         $paramod$100788816723f265f32c3fe4faf589ec2cde347b\uart_tx
Used module:         $paramod$7d8052ce042664084c842722ba9b8da125aa65fb\minirisc_cpu
Used module:         \reset_sync

18.8. Executing AST frontend in derive mode using pre-parsed AST for module `\data_memory'.
Generating RTLIL representation for module `\data_memory'.

18.9. Executing AST frontend in derive mode using pre-parsed AST for module `\status_register'.
Generating RTLIL representation for module `\status_register'.

18.10. Executing AST frontend in derive mode using pre-parsed AST for module `\alu'.
Generating RTLIL representation for module `\alu'.

18.11. Executing AST frontend in derive mode using pre-parsed AST for module `\register_file'.
Generating RTLIL representation for module `\register_file'.

18.12. Executing AST frontend in derive mode using pre-parsed AST for module `\control_fsm'.
Generating RTLIL representation for module `\control_fsm'.

18.13. Executing AST frontend in derive mode using pre-parsed AST for module `\control_unit'.
Generating RTLIL representation for module `\control_unit'.

18.14. Executing AST frontend in derive mode using pre-parsed AST for module `\instruction_decoder'.
Generating RTLIL representation for module `\instruction_decoder'.

18.15. Executing AST frontend in derive mode using pre-parsed AST for module `\instruction_register'.
Generating RTLIL representation for module `\instruction_register'.
Parameter \MEM_FILE = 200'01110000011100100110111101100111011100100110000101101101011100110010111101110100011001010111001101110100010111110111000001110010011011110110011101110010011000010110110100101110011011010110010101101101

18.16. Executing AST frontend in derive mode using pre-parsed AST for module `\instruction_memory'.
Parameter \MEM_FILE = 200'01110000011100100110111101100111011100100110000101101101011100110010111101110100011001010111001101110100010111110111000001110010011011110110011101110010011000010110110100101110011011010110010101101101
Generating RTLIL representation for module `$paramod$92fe2a251831b0d18e8a2edb8fff31acc8bb96bb\instruction_memory'.

18.17. Executing AST frontend in derive mode using pre-parsed AST for module `\program_counter'.
Generating RTLIL representation for module `\program_counter'.

18.18. Analyzing design hierarchy..
Top module:  \minirisc_ice40_top
Used module:     $paramod$413c7a9f17710a8a794f37fb6d8b8a10bf06c6d6\minirisc_fpga_top
Used module:         $paramod$100788816723f265f32c3fe4faf589ec2cde347b\uart_tx
Used module:         $paramod$7d8052ce042664084c842722ba9b8da125aa65fb\minirisc_cpu
Used module:             \data_memory
Used module:             \status_register
Used module:             \alu
Used module:             \register_file
Used module:             \control_fsm
Used module:             \control_unit
Used module:             \instruction_decoder
Used module:             \instruction_register
Used module:             $paramod$92fe2a251831b0d18e8a2edb8fff31acc8bb96bb\instruction_memory
Used module:             \program_counter
Used module:         \reset_sync

18.19. Analyzing design hierarchy..
Top module:  \minirisc_ice40_top
Used module:     $paramod$413c7a9f17710a8a794f37fb6d8b8a10bf06c6d6\minirisc_fpga_top
Used module:         $paramod$100788816723f265f32c3fe4faf589ec2cde347b\uart_tx
Used module:         $paramod$7d8052ce042664084c842722ba9b8da125aa65fb\minirisc_cpu
Used module:             \data_memory
Used module:             \status_register
Used module:             \alu
Used module:             \register_file
Used module:             \control_fsm
Used module:             \control_unit
Used module:             \instruction_decoder
Used module:             \instruction_register
Used module:             $paramod$92fe2a251831b0d18e8a2edb8fff31acc8bb96bb\instruction_memory
Used module:             \program_counter
Used module:         \reset_sync
Removing unused module `$abstract\uart_tx'.
Removing unused module `$abstract\reset_sync'.
Removing unused module `$abstract\minirisc_ice40_top'.
Removing unused module `$abstract\minirisc_fpga_top'.
Removing unused module `$abstract\status_register'.
Removing unused module `$abstract\register_file'.
Removing unused module `$abstract\program_counter'.
Removing unused module `$abstract\minirisc_cpu'.
Removing unused module `$abstract\instruction_register'.
Removing unused module `$abstract\instruction_memory'.
Removing unused module `$abstract\instruction_decoder'.
Removing unused module `$abstract\data_memory'.
Removing unused module `$abstract\control_unit'.
Removing unused module `$abstract\control_fsm'.
Removing unused module `$abstract\and_gate'.
Removing unused module `$abstract\alu'.
Removed 16 unused modules.

19. Executing SYNTH_ICE40 pass.

19.1. Executing Verilog-2005 frontend: /opt/homebrew/bin/../share/yosys/ice40/cells_sim.v
Parsing Verilog input from `/opt/homebrew/bin/../share/yosys/ice40/cells_sim.v' to AST representation.
Generating RTLIL representation for module `\SB_IO'.
Generating RTLIL representation for module `\SB_GB_IO'.
Generating RTLIL representation for module `\SB_GB'.
Generating RTLIL representation for module `\SB_LUT4'.
Generating RTLIL representation for module `\SB_CARRY'.
Generating RTLIL representation for module `\SB_DFF'.
Generating RTLIL representation for module `\SB_DFFE'.
Generating RTLIL representation for module `\SB_DFFSR'.
Generating RTLIL representation for module `\SB_DFFR'.
Generating RTLIL representation for module `\SB_DFFSS'.
Generating RTLIL representation for module `\SB_DFFS'.
Generating RTLIL representation for module `\SB_DFFESR'.
Generating RTLIL representation for module `\SB_DFFER'.
Generating RTLIL representation for module `\SB_DFFESS'.
Generating RTLIL representation for module `\SB_DFFES'.
Generating RTLIL representation for module `\SB_DFFN'.
Generating RTLIL representation for module `\SB_DFFNE'.
Generating RTLIL representation for module `\SB_DFFNSR'.
Generating RTLIL representation for module `\SB_DFFNR'.
Generating RTLIL representation for module `\SB_DFFNSS'.
Generating RTLIL representation for module `\SB_DFFNS'.
Generating RTLIL representation for module `\SB_DFFNESR'.
Generating RTLIL representation for module `\SB_DFFNER'.
Generating RTLIL representation for module `\SB_DFFNESS'.
Generating RTLIL representation for module `\SB_DFFNES'.
Generating RTLIL representation for module `\SB_RAM40_4K'.
Generating RTLIL representation for module `\SB_RAM40_4KNR'.
Generating RTLIL representation for module `\SB_RAM40_4KNW'.
Generating RTLIL representation for module `\SB_RAM40_4KNRNW'.
Generating RTLIL representation for module `\ICESTORM_LC'.
Generating RTLIL representation for module `\SB_PLL40_CORE'.
Generating RTLIL representation for module `\SB_PLL40_PAD'.
Generating RTLIL representation for module `\SB_PLL40_2_PAD'.
Generating RTLIL representation for module `\SB_PLL40_2F_CORE'.
Generating RTLIL representation for module `\SB_PLL40_2F_PAD'.
Generating RTLIL representation for module `\SB_WARMBOOT'.
Generating RTLIL representation for module `\SB_SPRAM256KA'.
Generating RTLIL representation for module `\SB_HFOSC'.
Generating RTLIL representation for module `\SB_LFOSC'.
Generating RTLIL representation for module `\SB_RGBA_DRV'.
Generating RTLIL representation for module `\SB_LED_DRV_CUR'.
Generating RTLIL representation for module `\SB_RGB_DRV'.
Generating RTLIL representation for module `\SB_I2C'.
Generating RTLIL representation for module `\SB_SPI'.
Generating RTLIL representation for module `\SB_LEDDA_IP'.
Generating RTLIL representation for module `\SB_FILTER_50NS'.
Generating RTLIL representation for module `\SB_IO_I3C'.
Generating RTLIL representation for module `\SB_IO_OD'.
Generating RTLIL representation for module `\SB_MAC16'.
Generating RTLIL representation for module `\ICESTORM_RAM'.
Successfully finished Verilog frontend.

19.2. Executing HIERARCHY pass (managing design hierarchy).

19.2.1. Analyzing design hierarchy..
Top module:  \minirisc_ice40_top
Used module:     $paramod$413c7a9f17710a8a794f37fb6d8b8a10bf06c6d6\minirisc_fpga_top
Used module:         $paramod$100788816723f265f32c3fe4faf589ec2cde347b\uart_tx
Used module:         $paramod$7d8052ce042664084c842722ba9b8da125aa65fb\minirisc_cpu
Used module:             \data_memory
Used module:             \status_register
Used module:             \alu
Used module:             \register_file
Used module:             \control_fsm
Used module:             \control_unit
Used module:             \instruction_decoder
Used module:             \instruction_register
Used module:             $paramod$92fe2a251831b0d18e8a2edb8fff31acc8bb96bb\instruction_memory
Used module:             \program_counter
Used module:         \reset_sync

19.2.2. Analyzing design hierarchy..
Top module:  \minirisc_ice40_top
Used module:     $paramod$413c7a9f17710a8a794f37fb6d8b8a10bf06c6d6\minirisc_fpga_top
Used module:         $paramod$100788816723f265f32c3fe4faf589ec2cde347b\uart_tx
Used module:         $paramod$7d8052ce042664084c842722ba9b8da125aa65fb\minirisc_cpu
Used module:             \data_memory
Used module:             \status_register
Used module:             \alu
Used module:             \register_file
Used module:             \control_fsm
Used module:             \control_unit
Used module:             \instruction_decoder
Used module:             \instruction_register
Used module:             $paramod$92fe2a251831b0d18e8a2edb8fff31acc8bb96bb\instruction_memory
Used module:             \program_counter
Used module:         \reset_sync
Removed 0 unused modules.

19.3. Executing PROC pass (convert processes to netlists).

19.3.1. Executing PROC_CLEAN pass (remove empty switches from decision trees).
Removing empty process `$paramod$92fe2a251831b0d18e8a2edb8fff31acc8bb96bb\instruction_memory.$proc$rtl/instruction_memory.v:10$855'.
Cleaned up 0 empty switches.

19.3.2. Executing PROC_RMDEAD pass (remove dead branches from decision trees).
Marked 1 switch rules as full_case in process $proc$rtl/instruction_register.v:10$852 in module instruction_register.
Removed 1 dead cases from process $proc$rtl/control_unit.v:19$851 in module control_unit.
Marked 1 switch rules as full_case in process $proc$rtl/control_unit.v:19$851 in module control_unit.
Marked 2 switch rules as full_case in process $proc$rtl/control_fsm.v:40$845 in module control_fsm.
Marked 1 switch rules as full_case in process $proc$rtl/control_fsm.v:26$844 in module control_fsm.
Marked 2 switch rules as full_case in process $proc$rtl/register_file.v:23$818 in module register_file.
Marked 1 switch rules as full_case in process $proc$rtl/alu.v:10$800 in module alu.
Marked 1 switch rules as full_case in process $proc$rtl/status_register.v:13$799 in module status_register.
Marked 1 switch rules as full_case in process $proc$rtl/data_memory.v:32$279 in module data_memory.
Marked 1 switch rules as full_case in process $proc$fpga/rtl/reset_sync.v:14$19 in module reset_sync.
Removed 1 dead cases from process $proc$rtl/minirisc_cpu.v:305$12 in module $paramod$7d8052ce042664084c842722ba9b8da125aa65fb\minirisc_cpu.
Marked 1 switch rules as full_case in process $proc$rtl/minirisc_cpu.v:305$12 in module $paramod$7d8052ce042664084c842722ba9b8da125aa65fb\minirisc_cpu.
Marked 4 switch rules as full_case in process $proc$fpga/rtl/uart_tx.v:47$8 in module $paramod$100788816723f265f32c3fe4faf589ec2cde347b\uart_tx.
Marked 1 switch rules as full_case in process $proc$fpga/rtl/minirisc_fpga_top.v:140$3 in module $paramod$413c7a9f17710a8a794f37fb6d8b8a10bf06c6d6\minirisc_fpga_top.
Marked 2 switch rules as full_case in process $proc$rtl/program_counter.v:10$856 in module program_counter.
Removed a total of 2 dead cases.

19.3.3. Executing PROC_PRUNE pass (remove redundant assignments in processes).
Removed 5 redundant assignments.
Promoted 286 assignments to connections.

19.3.4. Executing PROC_INIT pass (extract init attributes).

19.3.5. Executing PROC_ARST pass (detect async resets in processes).
Found async reset \async_reset in `\reset_sync.$proc$fpga/rtl/reset_sync.v:14$19'.

19.3.6. Executing PROC_ROM pass (convert switches to ROMs).
Converted 1 switch.
<suppressed ~22 debug messages>

19.3.7. Executing PROC_MUX pass (convert decision trees to multiplexers).
Creating decoders for process `\instruction_register.$proc$rtl/instruction_register.v:10$852'.
     1/1: $0\instruction_out[15:0]
Creating decoders for process `\control_unit.$proc$rtl/control_unit.v:19$851'.
     1/1: { $1\halt[0:0] $1\jump_zero[0:0] $1\jump[0:0] $1\mem_write_req[0:0] $1\mem_read_req[0:0] $1\flag_write_req[0:0] $1\reg_write_req[0:0] $1\wb_sel[1:0] $1\alu_op[2:0] }
Creating decoders for process `\control_fsm.$proc$rtl/control_fsm.v:40$845'.
     1/2: $2\next_state[2:0]
     2/2: $1\next_state[2:0]
Creating decoders for process `\control_fsm.$proc$rtl/control_fsm.v:26$844'.
     1/1: $0\state[2:0]
Creating decoders for process `\register_file.$proc$rtl/register_file.v:23$818'.
     1/15: $2$memwr$\registers$rtl/register_file.v:34$815_EN[7:0]$843
     2/15: $2$memwr$\registers$rtl/register_file.v:34$815_DATA[7:0]$842
     3/15: $2$memwr$\registers$rtl/register_file.v:34$815_ADDR[2:0]$841
     4/15: $1\i[31:0]
     5/15: $1$memwr$\registers$rtl/register_file.v:28$814_EN[7:0]$837
     6/15: $1$memwr$\registers$rtl/register_file.v:28$813_EN[7:0]$836
     7/15: $1$memwr$\registers$rtl/register_file.v:28$812_EN[7:0]$835
     8/15: $1$memwr$\registers$rtl/register_file.v:28$811_EN[7:0]$834
     9/15: $1$memwr$\registers$rtl/register_file.v:28$810_EN[7:0]$833
    10/15: $1$memwr$\registers$rtl/register_file.v:28$809_EN[7:0]$832
    11/15: $1$memwr$\registers$rtl/register_file.v:28$808_EN[7:0]$831
    12/15: $1$memwr$\registers$rtl/register_file.v:28$807_EN[7:0]$830
    13/15: $1$memwr$\registers$rtl/register_file.v:34$815_EN[7:0]$840
    14/15: $1$memwr$\registers$rtl/register_file.v:34$815_DATA[7:0]$839
    15/15: $1$memwr$\registers$rtl/register_file.v:34$815_ADDR[2:0]$838
Creating decoders for process `\alu.$proc$rtl/alu.v:10$800'.
     1/2: $1\carry[0:0]
     2/2: $1\result[7:0]
Creating decoders for process `\status_register.$proc$rtl/status_register.v:13$799'.
     1/2: $0\carry_flag[0:0]
     2/2: $0\zero_flag[0:0]
Creating decoders for process `\data_memory.$proc$rtl/data_memory.v:19$542'.
Creating decoders for process `\data_memory.$proc$rtl/data_memory.v:32$279'.
     1/3: $1$memwr$\memory$rtl/data_memory.v:35$276_EN[7:0]$285
     2/3: $1$memwr$\memory$rtl/data_memory.v:35$276_DATA[7:0]$284
     3/3: $1$memwr$\memory$rtl/data_memory.v:35$276_ADDR[7:0]$283
Creating decoders for process `\reset_sync.$proc$fpga/rtl/reset_sync.v:14$19'.
     1/1: $0\reset_ff[1:0]
Creating decoders for process `$paramod$7d8052ce042664084c842722ba9b8da125aa65fb\minirisc_cpu.$proc$rtl/minirisc_cpu.v:305$12'.
     1/1: $1\writeback_data[7:0]
Creating decoders for process `$paramod$100788816723f265f32c3fe4faf589ec2cde347b\uart_tx.$proc$fpga/rtl/uart_tx.v:47$8'.
     1/5: $0\clk_count[31:0]
     2/5: $0\data_reg[7:0]
     3/5: $0\bit_index[3:0]
     4/5: $0\busy[0:0]
     5/5: $0\tx[0:0]
Creating decoders for process `$paramod$413c7a9f17710a8a794f37fb6d8b8a10bf06c6d6\minirisc_fpga_top.$proc$fpga/rtl/minirisc_fpga_top.v:140$3'.
     1/2: $0\uart_start[0:0]
     2/2: $0\halted_previous[0:0]
Creating decoders for process `\program_counter.$proc$rtl/program_counter.v:10$856'.
     1/1: $0\pc[7:0]

19.3.8. Executing PROC_DLATCH pass (convert process syncs to latches).
No latch inferred for signal `\control_unit.\alu_op' from process `\control_unit.$proc$rtl/control_unit.v:19$851'.
No latch inferred for signal `\control_unit.\wb_sel' from process `\control_unit.$proc$rtl/control_unit.v:19$851'.
No latch inferred for signal `\control_unit.\reg_write_req' from process `\control_unit.$proc$rtl/control_unit.v:19$851'.
No latch inferred for signal `\control_unit.\flag_write_req' from process `\control_unit.$proc$rtl/control_unit.v:19$851'.
No latch inferred for signal `\control_unit.\mem_read_req' from process `\control_unit.$proc$rtl/control_unit.v:19$851'.
No latch inferred for signal `\control_unit.\mem_write_req' from process `\control_unit.$proc$rtl/control_unit.v:19$851'.
No latch inferred for signal `\control_unit.\jump' from process `\control_unit.$proc$rtl/control_unit.v:19$851'.
No latch inferred for signal `\control_unit.\jump_zero' from process `\control_unit.$proc$rtl/control_unit.v:19$851'.
No latch inferred for signal `\control_unit.\halt' from process `\control_unit.$proc$rtl/control_unit.v:19$851'.
No latch inferred for signal `\control_fsm.\next_state' from process `\control_fsm.$proc$rtl/control_fsm.v:40$845'.
No latch inferred for signal `\alu.\result' from process `\alu.$proc$rtl/alu.v:10$800'.
No latch inferred for signal `\alu.\zero' from process `\alu.$proc$rtl/alu.v:10$800'.
No latch inferred for signal `\alu.\carry' from process `\alu.$proc$rtl/alu.v:10$800'.
No latch inferred for signal `\data_memory.\i' from process `\data_memory.$proc$rtl/data_memory.v:19$542'.
No latch inferred for signal `\data_memory.$memwr$\memory$rtl/data_memory.v:21$20_EN' from process `\data_memory.$proc$rtl/data_memory.v:19$542'.
No latch inferred for signal `\data_memory.$memwr$\memory$rtl/data_memory.v:21$21_EN' from process `\data_memory.$proc$rtl/data_memory.v:19$542'.
No latch inferred for signal `\data_memory.$memwr$\memory$rtl/data_memory.v:21$22_EN' from process `\data_memory.$proc$rtl/data_memory.v:19$542'.
No latch inferred for signal `\data_memory.$memwr$\memory$rtl/data_memory.v:21$23_EN' from process `\data_memory.$proc$rtl/data_memory.v:19$542'.
No latch inferred for signal `\data_memory.$memwr$\memory$rtl/data_memory.v:21$24_EN' from process `\data_memory.$proc$rtl/data_memory.v:19$542'.
No latch inferred for signal `\data_memory.$memwr$\memory$rtl/data_memory.v:21$25_EN' from process `\data_memory.$proc$rtl/data_memory.v:19$542'.
No latch inferred for signal `\data_memory.$memwr$\memory$rtl/data_memory.v:21$26_EN' from process `\data_memory.$proc$rtl/data_memory.v:19$542'.
No latch inferred for signal `\data_memory.$memwr$\memory$rtl/data_memory.v:21$27_EN' from process `\data_memory.$proc$rtl/data_memory.v:19$542'.
No latch inferred for signal `\data_memory.$memwr$\memory$rtl/data_memory.v:21$28_EN' from process `\data_memory.$proc$rtl/data_memory.v:19$542'.
No latch inferred for signal `\data_memory.$memwr$\memory$rtl/data_memory.v:21$29_EN' from process `\data_memory.$proc$rtl/data_memory.v:19$542'.
No latch inferred for signal `\data_memory.$memwr$\memory$rtl/data_memory.v:21$30_EN' from process `\data_memory.$proc$rtl/data_memory.v:19$542'.
No latch inferred for signal `\data_memory.$memwr$\memory$rtl/data_memory.v:21$31_EN' from process `\data_memory.$proc$rtl/data_memory.v:19$542'.
No latch inferred for signal `\data_memory.$memwr$\memory$rtl/data_memory.v:21$32_EN' from process `\data_memory.$proc$rtl/data_memory.v:19$542'.
No latch inferred for signal `\data_memory.$memwr$\memory$rtl/data_memory.v:21$33_EN' from process `\data_memory.$proc$rtl/data_memory.v:19$542'.
No latch inferred for signal `\data_memory.$memwr$\memory$rtl/data_memory.v:21$34_EN' from process `\data_memory.$proc$rtl/data_memory.v:19$542'.
No latch inferred for signal `\data_memory.$memwr$\memory$rtl/data_memory.v:21$35_EN' from process `\data_memory.$proc$rtl/data_memory.v:19$542'.
No latch inferred for signal `\data_memory.$memwr$\memory$rtl/data_memory.v:21$36_EN' from process `\data_memory.$proc$rtl/data_memory.v:19$542'.
No latch inferred for signal `\data_memory.$memwr$\memory$rtl/data_memory.v:21$37_EN' from process `\data_memory.$proc$rtl/data_memory.v:19$542'.
No latch inferred for signal `\data_memory.$memwr$\memory$rtl/data_memory.v:21$38_EN' from process `\data_memory.$proc$rtl/data_memory.v:19$542'.
No latch inferred for signal `\data_memory.$memwr$\memory$rtl/data_memory.v:21$39_EN' from process `\data_memory.$proc$rtl/data_memory.v:19$542'.
No latch inferred for signal `\data_memory.$memwr$\memory$rtl/data_memory.v:21$40_EN' from process `\data_memory.$proc$rtl/data_memory.v:19$542'.
No latch inferred for signal `\data_memory.$memwr$\memory$rtl/data_memory.v:21$41_EN' from process `\data_memory.$proc$rtl/data_memory.v:19$542'.
No latch inferred for signal `\data_memory.$memwr$\memory$rtl/data_memory.v:21$42_EN' from process `\data_memory.$proc$rtl/data_memory.v:19$542'.
No latch inferred for signal `\data_memory.$memwr$\memory$rtl/data_memory.v:21$43_EN' from process `\data_memory.$proc$rtl/data_memory.v:19$542'.
No latch inferred for signal `\data_memory.$memwr$\memory$rtl/data_memory.v:21$44_EN' from process `\data_memory.$proc$rtl/data_memory.v:19$542'.
No latch inferred for signal `\data_memory.$memwr$\memory$rtl/data_memory.v:21$45_EN' from process `\data_memory.$proc$rtl/data_memory.v:19$542'.
No latch inferred for signal `\data_memory.$memwr$\memory$rtl/data_memory.v:21$46_EN' from process `\data_memory.$proc$rtl/data_memory.v:19$542'.
No latch inferred for signal `\data_memory.$memwr$\memory$rtl/data_memory.v:21$47_EN' from process `\data_memory.$proc$rtl/data_memory.v:19$542'.
No latch inferred for signal `\data_memory.$memwr$\memory$rtl/data_memory.v:21$48_EN' from process `\data_memory.$proc$rtl/data_memory.v:19$542'.
No latch inferred for signal `\data_memory.$memwr$\memory$rtl/data_memory.v:21$49_EN' from process `\data_memory.$proc$rtl/data_memory.v:19$542'.
No latch inferred for signal `\data_memory.$memwr$\memory$rtl/data_memory.v:21$50_EN' from process `\data_memory.$proc$rtl/data_memory.v:19$542'.
No latch inferred for signal `\data_memory.$memwr$\memory$rtl/data_memory.v:21$51_EN' from process `\data_memory.$proc$rtl/data_memory.v:19$542'.
No latch inferred for signal `\data_memory.$memwr$\memory$rtl/data_memory.v:21$52_EN' from process `\data_memory.$proc$rtl/data_memory.v:19$542'.
No latch inferred for signal `\data_memory.$memwr$\memory$rtl/data_memory.v:21$53_EN' from process `\data_memory.$proc$rtl/data_memory.v:19$542'.
No latch inferred for signal `\data_memory.$memwr$\memory$rtl/data_memory.v:21$54_EN' from process `\data_memory.$proc$rtl/data_memory.v:19$542'.
No latch inferred for signal `\data_memory.$memwr$\memory$rtl/data_memory.v:21$55_EN' from process `\data_memory.$proc$rtl/data_memory.v:19$542'.
No latch inferred for signal `\data_memory.$memwr$\memory$rtl/data_memory.v:21$56_EN' from process `\data_memory.$proc$rtl/data_memory.v:19$542'.
No latch inferred for signal `\data_memory.$memwr$\memory$rtl/data_memory.v:21$57_EN' from process `\data_memory.$proc$rtl/data_memory.v:19$542'.
No latch inferred for signal `\data_memory.$memwr$\memory$rtl/data_memory.v:21$58_EN' from process `\data_memory.$proc$rtl/data_memory.v:19$542'.
No latch inferred for signal `\data_memory.$memwr$\memory$rtl/data_memory.v:21$59_EN' from process `\data_memory.$proc$rtl/data_memory.v:19$542'.
No latch inferred for signal `\data_memory.$memwr$\memory$rtl/data_memory.v:21$60_EN' from process `\data_memory.$proc$rtl/data_memory.v:19$542'.
No latch inferred for signal `\data_memory.$memwr$\memory$rtl/data_memory.v:21$61_EN' from process `\data_memory.$proc$rtl/data_memory.v:19$542'.
No latch inferred for signal `\data_memory.$memwr$\memory$rtl/data_memory.v:21$62_EN' from process `\data_memory.$proc$rtl/data_memory.v:19$542'.
No latch inferred for signal `\data_memory.$memwr$\memory$rtl/data_memory.v:21$63_EN' from process `\data_memory.$proc$rtl/data_memory.v:19$542'.
No latch inferred for signal `\data_memory.$memwr$\memory$rtl/data_memory.v:21$64_EN' from process `\data_memory.$proc$rtl/data_memory.v:19$542'.
No latch inferred for signal `\data_memory.$memwr$\memory$rtl/data_memory.v:21$65_EN' from process `\data_memory.$proc$rtl/data_memory.v:19$542'.
No latch inferred for signal `\data_memory.$memwr$\memory$rtl/data_memory.v:21$66_EN' from process `\data_memory.$proc$rtl/data_memory.v:19$542'.
No latch inferred for signal `\data_memory.$memwr$\memory$rtl/data_memory.v:21$67_EN' from process `\data_memory.$proc$rtl/data_memory.v:19$542'.
No latch inferred for signal `\data_memory.$memwr$\memory$rtl/data_memory.v:21$68_EN' from process `\data_memory.$proc$rtl/data_memory.v:19$542'.
No latch inferred for signal `\data_memory.$memwr$\memory$rtl/data_memory.v:21$69_EN' from process `\data_memory.$proc$rtl/data_memory.v:19$542'.
No latch inferred for signal `\data_memory.$memwr$\memory$rtl/data_memory.v:21$70_EN' from process `\data_memory.$proc$rtl/data_memory.v:19$542'.
No latch inferred for signal `\data_memory.$memwr$\memory$rtl/data_memory.v:21$71_EN' from process `\data_memory.$proc$rtl/data_memory.v:19$542'.
No latch inferred for signal `\data_memory.$memwr$\memory$rtl/data_memory.v:21$72_EN' from process `\data_memory.$proc$rtl/data_memory.v:19$542'.
No latch inferred for signal `\data_memory.$memwr$\memory$rtl/data_memory.v:21$73_EN' from process `\data_memory.$proc$rtl/data_memory.v:19$542'.
No latch inferred for signal `\data_memory.$memwr$\memory$rtl/data_memory.v:21$74_EN' from process `\data_memory.$proc$rtl/data_memory.v:19$542'.
No latch inferred for signal `\data_memory.$memwr$\memory$rtl/data_memory.v:21$75_EN' from process `\data_memory.$proc$rtl/data_memory.v:19$542'.
No latch inferred for signal `\data_memory.$memwr$\memory$rtl/data_memory.v:21$76_EN' from process `\data_memory.$proc$rtl/data_memory.v:19$542'.
No latch inferred for signal `\data_memory.$memwr$\memory$rtl/data_memory.v:21$77_EN' from process `\data_memory.$proc$rtl/data_memory.v:19$542'.
No latch inferred for signal `\data_memory.$memwr$\memory$rtl/data_memory.v:21$78_EN' from process `\data_memory.$proc$rtl/data_memory.v:19$542'.
No latch inferred for signal `\data_memory.$memwr$\memory$rtl/data_memory.v:21$79_EN' from process `\data_memory.$proc$rtl/data_memory.v:19$542'.
No latch inferred for signal `\data_memory.$memwr$\memory$rtl/data_memory.v:21$80_EN' from process `\data_memory.$proc$rtl/data_memory.v:19$542'.
No latch inferred for signal `\data_memory.$memwr$\memory$rtl/data_memory.v:21$81_EN' from process `\data_memory.$proc$rtl/data_memory.v:19$542'.
No latch inferred for signal `\data_memory.$memwr$\memory$rtl/data_memory.v:21$82_EN' from process `\data_memory.$proc$rtl/data_memory.v:19$542'.
No latch inferred for signal `\data_memory.$memwr$\memory$rtl/data_memory.v:21$83_EN' from process `\data_memory.$proc$rtl/data_memory.v:19$542'.
No latch inferred for signal `\data_memory.$memwr$\memory$rtl/data_memory.v:21$84_EN' from process `\data_memory.$proc$rtl/data_memory.v:19$542'.
No latch inferred for signal `\data_memory.$memwr$\memory$rtl/data_memory.v:21$85_EN' from process `\data_memory.$proc$rtl/data_memory.v:19$542'.
No latch inferred for signal `\data_memory.$memwr$\memory$rtl/data_memory.v:21$86_EN' from process `\data_memory.$proc$rtl/data_memory.v:19$542'.
No latch inferred for signal `\data_memory.$memwr$\memory$rtl/data_memory.v:21$87_EN' from process `\data_memory.$proc$rtl/data_memory.v:19$542'.
No latch inferred for signal `\data_memory.$memwr$\memory$rtl/data_memory.v:21$88_EN' from process `\data_memory.$proc$rtl/data_memory.v:19$542'.
No latch inferred for signal `\data_memory.$memwr$\memory$rtl/data_memory.v:21$89_EN' from process `\data_memory.$proc$rtl/data_memory.v:19$542'.
No latch inferred for signal `\data_memory.$memwr$\memory$rtl/data_memory.v:21$90_EN' from process `\data_memory.$proc$rtl/data_memory.v:19$542'.
No latch inferred for signal `\data_memory.$memwr$\memory$rtl/data_memory.v:21$91_EN' from process `\data_memory.$proc$rtl/data_memory.v:19$542'.
No latch inferred for signal `\data_memory.$memwr$\memory$rtl/data_memory.v:21$92_EN' from process `\data_memory.$proc$rtl/data_memory.v:19$542'.
No latch inferred for signal `\data_memory.$memwr$\memory$rtl/data_memory.v:21$93_EN' from process `\data_memory.$proc$rtl/data_memory.v:19$542'.
No latch inferred for signal `\data_memory.$memwr$\memory$rtl/data_memory.v:21$94_EN' from process `\data_memory.$proc$rtl/data_memory.v:19$542'.
No latch inferred for signal `\data_memory.$memwr$\memory$rtl/data_memory.v:21$95_EN' from process `\data_memory.$proc$rtl/data_memory.v:19$542'.
No latch inferred for signal `\data_memory.$memwr$\memory$rtl/data_memory.v:21$96_EN' from process `\data_memory.$proc$rtl/data_memory.v:19$542'.
No latch inferred for signal `\data_memory.$memwr$\memory$rtl/data_memory.v:21$97_EN' from process `\data_memory.$proc$rtl/data_memory.v:19$542'.
No latch inferred for signal `\data_memory.$memwr$\memory$rtl/data_memory.v:21$98_EN' from process `\data_memory.$proc$rtl/data_memory.v:19$542'.
No latch inferred for signal `\data_memory.$memwr$\memory$rtl/data_memory.v:21$99_EN' from process `\data_memory.$proc$rtl/data_memory.v:19$542'.
No latch inferred for signal `\data_memory.$memwr$\memory$rtl/data_memory.v:21$100_EN' from process `\data_memory.$proc$rtl/data_memory.v:19$542'.
No latch inferred for signal `\data_memory.$memwr$\memory$rtl/data_memory.v:21$101_EN' from process `\data_memory.$proc$rtl/data_memory.v:19$542'.
No latch inferred for signal `\data_memory.$memwr$\memory$rtl/data_memory.v:21$102_EN' from process `\data_memory.$proc$rtl/data_memory.v:19$542'.
No latch inferred for signal `\data_memory.$memwr$\memory$rtl/data_memory.v:21$103_EN' from process `\data_memory.$proc$rtl/data_memory.v:19$542'.
No latch inferred for signal `\data_memory.$memwr$\memory$rtl/data_memory.v:21$104_EN' from process `\data_memory.$proc$rtl/data_memory.v:19$542'.
No latch inferred for signal `\data_memory.$memwr$\memory$rtl/data_memory.v:21$105_EN' from process `\data_memory.$proc$rtl/data_memory.v:19$542'.
No latch inferred for signal `\data_memory.$memwr$\memory$rtl/data_memory.v:21$106_EN' from process `\data_memory.$proc$rtl/data_memory.v:19$542'.
No latch inferred for signal `\data_memory.$memwr$\memory$rtl/data_memory.v:21$107_EN' from process `\data_memory.$proc$rtl/data_memory.v:19$542'.
No latch inferred for signal `\data_memory.$memwr$\memory$rtl/data_memory.v:21$108_EN' from process `\data_memory.$proc$rtl/data_memory.v:19$542'.
No latch inferred for signal `\data_memory.$memwr$\memory$rtl/data_memory.v:21$109_EN' from process `\data_memory.$proc$rtl/data_memory.v:19$542'.
No latch inferred for signal `\data_memory.$memwr$\memory$rtl/data_memory.v:21$110_EN' from process `\data_memory.$proc$rtl/data_memory.v:19$542'.
No latch inferred for signal `\data_memory.$memwr$\memory$rtl/data_memory.v:21$111_EN' from process `\data_memory.$proc$rtl/data_memory.v:19$542'.
No latch inferred for signal `\data_memory.$memwr$\memory$rtl/data_memory.v:21$112_EN' from process `\data_memory.$proc$rtl/data_memory.v:19$542'.
No latch inferred for signal `\data_memory.$memwr$\memory$rtl/data_memory.v:21$113_EN' from process `\data_memory.$proc$rtl/data_memory.v:19$542'.
No latch inferred for signal `\data_memory.$memwr$\memory$rtl/data_memory.v:21$114_EN' from process `\data_memory.$proc$rtl/data_memory.v:19$542'.
No latch inferred for signal `\data_memory.$memwr$\memory$rtl/data_memory.v:21$115_EN' from process `\data_memory.$proc$rtl/data_memory.v:19$542'.
No latch inferred for signal `\data_memory.$memwr$\memory$rtl/data_memory.v:21$116_EN' from process `\data_memory.$proc$rtl/data_memory.v:19$542'.
No latch inferred for signal `\data_memory.$memwr$\memory$rtl/data_memory.v:21$117_EN' from process `\data_memory.$proc$rtl/data_memory.v:19$542'.
No latch inferred for signal `\data_memory.$memwr$\memory$rtl/data_memory.v:21$118_EN' from process `\data_memory.$proc$rtl/data_memory.v:19$542'.
No latch inferred for signal `\data_memory.$memwr$\memory$rtl/data_memory.v:21$119_EN' from process `\data_memory.$proc$rtl/data_memory.v:19$542'.
No latch inferred for signal `\data_memory.$memwr$\memory$rtl/data_memory.v:21$120_EN' from process `\data_memory.$proc$rtl/data_memory.v:19$542'.
No latch inferred for signal `\data_memory.$memwr$\memory$rtl/data_memory.v:21$121_EN' from process `\data_memory.$proc$rtl/data_memory.v:19$542'.
No latch inferred for signal `\data_memory.$memwr$\memory$rtl/data_memory.v:21$122_EN' from process `\data_memory.$proc$rtl/data_memory.v:19$542'.
No latch inferred for signal `\data_memory.$memwr$\memory$rtl/data_memory.v:21$123_EN' from process `\data_memory.$proc$rtl/data_memory.v:19$542'.
No latch inferred for signal `\data_memory.$memwr$\memory$rtl/data_memory.v:21$124_EN' from process `\data_memory.$proc$rtl/data_memory.v:19$542'.
No latch inferred for signal `\data_memory.$memwr$\memory$rtl/data_memory.v:21$125_EN' from process `\data_memory.$proc$rtl/data_memory.v:19$542'.
No latch inferred for signal `\data_memory.$memwr$\memory$rtl/data_memory.v:21$126_EN' from process `\data_memory.$proc$rtl/data_memory.v:19$542'.
No latch inferred for signal `\data_memory.$memwr$\memory$rtl/data_memory.v:21$127_EN' from process `\data_memory.$proc$rtl/data_memory.v:19$542'.
No latch inferred for signal `\data_memory.$memwr$\memory$rtl/data_memory.v:21$128_EN' from process `\data_memory.$proc$rtl/data_memory.v:19$542'.
No latch inferred for signal `\data_memory.$memwr$\memory$rtl/data_memory.v:21$129_EN' from process `\data_memory.$proc$rtl/data_memory.v:19$542'.
No latch inferred for signal `\data_memory.$memwr$\memory$rtl/data_memory.v:21$130_EN' from process `\data_memory.$proc$rtl/data_memory.v:19$542'.
No latch inferred for signal `\data_memory.$memwr$\memory$rtl/data_memory.v:21$131_EN' from process `\data_memory.$proc$rtl/data_memory.v:19$542'.
No latch inferred for signal `\data_memory.$memwr$\memory$rtl/data_memory.v:21$132_EN' from process `\data_memory.$proc$rtl/data_memory.v:19$542'.
No latch inferred for signal `\data_memory.$memwr$\memory$rtl/data_memory.v:21$133_EN' from process `\data_memory.$proc$rtl/data_memory.v:19$542'.
No latch inferred for signal `\data_memory.$memwr$\memory$rtl/data_memory.v:21$134_EN' from process `\data_memory.$proc$rtl/data_memory.v:19$542'.
No latch inferred for signal `\data_memory.$memwr$\memory$rtl/data_memory.v:21$135_EN' from process `\data_memory.$proc$rtl/data_memory.v:19$542'.
No latch inferred for signal `\data_memory.$memwr$\memory$rtl/data_memory.v:21$136_EN' from process `\data_memory.$proc$rtl/data_memory.v:19$542'.
No latch inferred for signal `\data_memory.$memwr$\memory$rtl/data_memory.v:21$137_EN' from process `\data_memory.$proc$rtl/data_memory.v:19$542'.
No latch inferred for signal `\data_memory.$memwr$\memory$rtl/data_memory.v:21$138_EN' from process `\data_memory.$proc$rtl/data_memory.v:19$542'.
No latch inferred for signal `\data_memory.$memwr$\memory$rtl/data_memory.v:21$139_EN' from process `\data_memory.$proc$rtl/data_memory.v:19$542'.
No latch inferred for signal `\data_memory.$memwr$\memory$rtl/data_memory.v:21$140_EN' from process `\data_memory.$proc$rtl/data_memory.v:19$542'.
No latch inferred for signal `\data_memory.$memwr$\memory$rtl/data_memory.v:21$141_EN' from process `\data_memory.$proc$rtl/data_memory.v:19$542'.
No latch inferred for signal `\data_memory.$memwr$\memory$rtl/data_memory.v:21$142_EN' from process `\data_memory.$proc$rtl/data_memory.v:19$542'.
No latch inferred for signal `\data_memory.$memwr$\memory$rtl/data_memory.v:21$143_EN' from process `\data_memory.$proc$rtl/data_memory.v:19$542'.
No latch inferred for signal `\data_memory.$memwr$\memory$rtl/data_memory.v:21$144_EN' from process `\data_memory.$proc$rtl/data_memory.v:19$542'.
No latch inferred for signal `\data_memory.$memwr$\memory$rtl/data_memory.v:21$145_EN' from process `\data_memory.$proc$rtl/data_memory.v:19$542'.
No latch inferred for signal `\data_memory.$memwr$\memory$rtl/data_memory.v:21$146_EN' from process `\data_memory.$proc$rtl/data_memory.v:19$542'.
No latch inferred for signal `\data_memory.$memwr$\memory$rtl/data_memory.v:21$147_EN' from process `\data_memory.$proc$rtl/data_memory.v:19$542'.
No latch inferred for signal `\data_memory.$memwr$\memory$rtl/data_memory.v:21$148_EN' from process `\data_memory.$proc$rtl/data_memory.v:19$542'.
No latch inferred for signal `\data_memory.$memwr$\memory$rtl/data_memory.v:21$149_EN' from process `\data_memory.$proc$rtl/data_memory.v:19$542'.
No latch inferred for signal `\data_memory.$memwr$\memory$rtl/data_memory.v:21$150_EN' from process `\data_memory.$proc$rtl/data_memory.v:19$542'.
No latch inferred for signal `\data_memory.$memwr$\memory$rtl/data_memory.v:21$151_EN' from process `\data_memory.$proc$rtl/data_memory.v:19$542'.
No latch inferred for signal `\data_memory.$memwr$\memory$rtl/data_memory.v:21$152_EN' from process `\data_memory.$proc$rtl/data_memory.v:19$542'.
No latch inferred for signal `\data_memory.$memwr$\memory$rtl/data_memory.v:21$153_EN' from process `\data_memory.$proc$rtl/data_memory.v:19$542'.
No latch inferred for signal `\data_memory.$memwr$\memory$rtl/data_memory.v:21$154_EN' from process `\data_memory.$proc$rtl/data_memory.v:19$542'.
No latch inferred for signal `\data_memory.$memwr$\memory$rtl/data_memory.v:21$155_EN' from process `\data_memory.$proc$rtl/data_memory.v:19$542'.
No latch inferred for signal `\data_memory.$memwr$\memory$rtl/data_memory.v:21$156_EN' from process `\data_memory.$proc$rtl/data_memory.v:19$542'.
No latch inferred for signal `\data_memory.$memwr$\memory$rtl/data_memory.v:21$157_EN' from process `\data_memory.$proc$rtl/data_memory.v:19$542'.
No latch inferred for signal `\data_memory.$memwr$\memory$rtl/data_memory.v:21$158_EN' from process `\data_memory.$proc$rtl/data_memory.v:19$542'.
No latch inferred for signal `\data_memory.$memwr$\memory$rtl/data_memory.v:21$159_EN' from process `\data_memory.$proc$rtl/data_memory.v:19$542'.
No latch inferred for signal `\data_memory.$memwr$\memory$rtl/data_memory.v:21$160_EN' from process `\data_memory.$proc$rtl/data_memory.v:19$542'.
No latch inferred for signal `\data_memory.$memwr$\memory$rtl/data_memory.v:21$161_EN' from process `\data_memory.$proc$rtl/data_memory.v:19$542'.
No latch inferred for signal `\data_memory.$memwr$\memory$rtl/data_memory.v:21$162_EN' from process `\data_memory.$proc$rtl/data_memory.v:19$542'.
No latch inferred for signal `\data_memory.$memwr$\memory$rtl/data_memory.v:21$163_EN' from process `\data_memory.$proc$rtl/data_memory.v:19$542'.
No latch inferred for signal `\data_memory.$memwr$\memory$rtl/data_memory.v:21$164_EN' from process `\data_memory.$proc$rtl/data_memory.v:19$542'.
No latch inferred for signal `\data_memory.$memwr$\memory$rtl/data_memory.v:21$165_EN' from process `\data_memory.$proc$rtl/data_memory.v:19$542'.
No latch inferred for signal `\data_memory.$memwr$\memory$rtl/data_memory.v:21$166_EN' from process `\data_memory.$proc$rtl/data_memory.v:19$542'.
No latch inferred for signal `\data_memory.$memwr$\memory$rtl/data_memory.v:21$167_EN' from process `\data_memory.$proc$rtl/data_memory.v:19$542'.
No latch inferred for signal `\data_memory.$memwr$\memory$rtl/data_memory.v:21$168_EN' from process `\data_memory.$proc$rtl/data_memory.v:19$542'.
No latch inferred for signal `\data_memory.$memwr$\memory$rtl/data_memory.v:21$169_EN' from process `\data_memory.$proc$rtl/data_memory.v:19$542'.
No latch inferred for signal `\data_memory.$memwr$\memory$rtl/data_memory.v:21$170_EN' from process `\data_memory.$proc$rtl/data_memory.v:19$542'.
No latch inferred for signal `\data_memory.$memwr$\memory$rtl/data_memory.v:21$171_EN' from process `\data_memory.$proc$rtl/data_memory.v:19$542'.
No latch inferred for signal `\data_memory.$memwr$\memory$rtl/data_memory.v:21$172_EN' from process `\data_memory.$proc$rtl/data_memory.v:19$542'.
No latch inferred for signal `\data_memory.$memwr$\memory$rtl/data_memory.v:21$173_EN' from process `\data_memory.$proc$rtl/data_memory.v:19$542'.
No latch inferred for signal `\data_memory.$memwr$\memory$rtl/data_memory.v:21$174_EN' from process `\data_memory.$proc$rtl/data_memory.v:19$542'.
No latch inferred for signal `\data_memory.$memwr$\memory$rtl/data_memory.v:21$175_EN' from process `\data_memory.$proc$rtl/data_memory.v:19$542'.
No latch inferred for signal `\data_memory.$memwr$\memory$rtl/data_memory.v:21$176_EN' from process `\data_memory.$proc$rtl/data_memory.v:19$542'.
No latch inferred for signal `\data_memory.$memwr$\memory$rtl/data_memory.v:21$177_EN' from process `\data_memory.$proc$rtl/data_memory.v:19$542'.
No latch inferred for signal `\data_memory.$memwr$\memory$rtl/data_memory.v:21$178_EN' from process `\data_memory.$proc$rtl/data_memory.v:19$542'.
No latch inferred for signal `\data_memory.$memwr$\memory$rtl/data_memory.v:21$179_EN' from process `\data_memory.$proc$rtl/data_memory.v:19$542'.
No latch inferred for signal `\data_memory.$memwr$\memory$rtl/data_memory.v:21$180_EN' from process `\data_memory.$proc$rtl/data_memory.v:19$542'.
No latch inferred for signal `\data_memory.$memwr$\memory$rtl/data_memory.v:21$181_EN' from process `\data_memory.$proc$rtl/data_memory.v:19$542'.
No latch inferred for signal `\data_memory.$memwr$\memory$rtl/data_memory.v:21$182_EN' from process `\data_memory.$proc$rtl/data_memory.v:19$542'.
No latch inferred for signal `\data_memory.$memwr$\memory$rtl/data_memory.v:21$183_EN' from process `\data_memory.$proc$rtl/data_memory.v:19$542'.
No latch inferred for signal `\data_memory.$memwr$\memory$rtl/data_memory.v:21$184_EN' from process `\data_memory.$proc$rtl/data_memory.v:19$542'.
No latch inferred for signal `\data_memory.$memwr$\memory$rtl/data_memory.v:21$185_EN' from process `\data_memory.$proc$rtl/data_memory.v:19$542'.
No latch inferred for signal `\data_memory.$memwr$\memory$rtl/data_memory.v:21$186_EN' from process `\data_memory.$proc$rtl/data_memory.v:19$542'.
No latch inferred for signal `\data_memory.$memwr$\memory$rtl/data_memory.v:21$187_EN' from process `\data_memory.$proc$rtl/data_memory.v:19$542'.
No latch inferred for signal `\data_memory.$memwr$\memory$rtl/data_memory.v:21$188_EN' from process `\data_memory.$proc$rtl/data_memory.v:19$542'.
No latch inferred for signal `\data_memory.$memwr$\memory$rtl/data_memory.v:21$189_EN' from process `\data_memory.$proc$rtl/data_memory.v:19$542'.
No latch inferred for signal `\data_memory.$memwr$\memory$rtl/data_memory.v:21$190_EN' from process `\data_memory.$proc$rtl/data_memory.v:19$542'.
No latch inferred for signal `\data_memory.$memwr$\memory$rtl/data_memory.v:21$191_EN' from process `\data_memory.$proc$rtl/data_memory.v:19$542'.
No latch inferred for signal `\data_memory.$memwr$\memory$rtl/data_memory.v:21$192_EN' from process `\data_memory.$proc$rtl/data_memory.v:19$542'.
No latch inferred for signal `\data_memory.$memwr$\memory$rtl/data_memory.v:21$193_EN' from process `\data_memory.$proc$rtl/data_memory.v:19$542'.
No latch inferred for signal `\data_memory.$memwr$\memory$rtl/data_memory.v:21$194_EN' from process `\data_memory.$proc$rtl/data_memory.v:19$542'.
No latch inferred for signal `\data_memory.$memwr$\memory$rtl/data_memory.v:21$195_EN' from process `\data_memory.$proc$rtl/data_memory.v:19$542'.
No latch inferred for signal `\data_memory.$memwr$\memory$rtl/data_memory.v:21$196_EN' from process `\data_memory.$proc$rtl/data_memory.v:19$542'.
No latch inferred for signal `\data_memory.$memwr$\memory$rtl/data_memory.v:21$197_EN' from process `\data_memory.$proc$rtl/data_memory.v:19$542'.
No latch inferred for signal `\data_memory.$memwr$\memory$rtl/data_memory.v:21$198_EN' from process `\data_memory.$proc$rtl/data_memory.v:19$542'.
No latch inferred for signal `\data_memory.$memwr$\memory$rtl/data_memory.v:21$199_EN' from process `\data_memory.$proc$rtl/data_memory.v:19$542'.
No latch inferred for signal `\data_memory.$memwr$\memory$rtl/data_memory.v:21$200_EN' from process `\data_memory.$proc$rtl/data_memory.v:19$542'.
No latch inferred for signal `\data_memory.$memwr$\memory$rtl/data_memory.v:21$201_EN' from process `\data_memory.$proc$rtl/data_memory.v:19$542'.
No latch inferred for signal `\data_memory.$memwr$\memory$rtl/data_memory.v:21$202_EN' from process `\data_memory.$proc$rtl/data_memory.v:19$542'.
No latch inferred for signal `\data_memory.$memwr$\memory$rtl/data_memory.v:21$203_EN' from process `\data_memory.$proc$rtl/data_memory.v:19$542'.
No latch inferred for signal `\data_memory.$memwr$\memory$rtl/data_memory.v:21$204_EN' from process `\data_memory.$proc$rtl/data_memory.v:19$542'.
No latch inferred for signal `\data_memory.$memwr$\memory$rtl/data_memory.v:21$205_EN' from process `\data_memory.$proc$rtl/data_memory.v:19$542'.
No latch inferred for signal `\data_memory.$memwr$\memory$rtl/data_memory.v:21$206_EN' from process `\data_memory.$proc$rtl/data_memory.v:19$542'.
No latch inferred for signal `\data_memory.$memwr$\memory$rtl/data_memory.v:21$207_EN' from process `\data_memory.$proc$rtl/data_memory.v:19$542'.
No latch inferred for signal `\data_memory.$memwr$\memory$rtl/data_memory.v:21$208_EN' from process `\data_memory.$proc$rtl/data_memory.v:19$542'.
No latch inferred for signal `\data_memory.$memwr$\memory$rtl/data_memory.v:21$209_EN' from process `\data_memory.$proc$rtl/data_memory.v:19$542'.
No latch inferred for signal `\data_memory.$memwr$\memory$rtl/data_memory.v:21$210_EN' from process `\data_memory.$proc$rtl/data_memory.v:19$542'.
No latch inferred for signal `\data_memory.$memwr$\memory$rtl/data_memory.v:21$211_EN' from process `\data_memory.$proc$rtl/data_memory.v:19$542'.
No latch inferred for signal `\data_memory.$memwr$\memory$rtl/data_memory.v:21$212_EN' from process `\data_memory.$proc$rtl/data_memory.v:19$542'.
No latch inferred for signal `\data_memory.$memwr$\memory$rtl/data_memory.v:21$213_EN' from process `\data_memory.$proc$rtl/data_memory.v:19$542'.
No latch inferred for signal `\data_memory.$memwr$\memory$rtl/data_memory.v:21$214_EN' from process `\data_memory.$proc$rtl/data_memory.v:19$542'.
No latch inferred for signal `\data_memory.$memwr$\memory$rtl/data_memory.v:21$215_EN' from process `\data_memory.$proc$rtl/data_memory.v:19$542'.
No latch inferred for signal `\data_memory.$memwr$\memory$rtl/data_memory.v:21$216_EN' from process `\data_memory.$proc$rtl/data_memory.v:19$542'.
No latch inferred for signal `\data_memory.$memwr$\memory$rtl/data_memory.v:21$217_EN' from process `\data_memory.$proc$rtl/data_memory.v:19$542'.
No latch inferred for signal `\data_memory.$memwr$\memory$rtl/data_memory.v:21$218_EN' from process `\data_memory.$proc$rtl/data_memory.v:19$542'.
No latch inferred for signal `\data_memory.$memwr$\memory$rtl/data_memory.v:21$219_EN' from process `\data_memory.$proc$rtl/data_memory.v:19$542'.
No latch inferred for signal `\data_memory.$memwr$\memory$rtl/data_memory.v:21$220_EN' from process `\data_memory.$proc$rtl/data_memory.v:19$542'.
No latch inferred for signal `\data_memory.$memwr$\memory$rtl/data_memory.v:21$221_EN' from process `\data_memory.$proc$rtl/data_memory.v:19$542'.
No latch inferred for signal `\data_memory.$memwr$\memory$rtl/data_memory.v:21$222_EN' from process `\data_memory.$proc$rtl/data_memory.v:19$542'.
No latch inferred for signal `\data_memory.$memwr$\memory$rtl/data_memory.v:21$223_EN' from process `\data_memory.$proc$rtl/data_memory.v:19$542'.
No latch inferred for signal `\data_memory.$memwr$\memory$rtl/data_memory.v:21$224_EN' from process `\data_memory.$proc$rtl/data_memory.v:19$542'.
No latch inferred for signal `\data_memory.$memwr$\memory$rtl/data_memory.v:21$225_EN' from process `\data_memory.$proc$rtl/data_memory.v:19$542'.
No latch inferred for signal `\data_memory.$memwr$\memory$rtl/data_memory.v:21$226_EN' from process `\data_memory.$proc$rtl/data_memory.v:19$542'.
No latch inferred for signal `\data_memory.$memwr$\memory$rtl/data_memory.v:21$227_EN' from process `\data_memory.$proc$rtl/data_memory.v:19$542'.
No latch inferred for signal `\data_memory.$memwr$\memory$rtl/data_memory.v:21$228_EN' from process `\data_memory.$proc$rtl/data_memory.v:19$542'.
No latch inferred for signal `\data_memory.$memwr$\memory$rtl/data_memory.v:21$229_EN' from process `\data_memory.$proc$rtl/data_memory.v:19$542'.
No latch inferred for signal `\data_memory.$memwr$\memory$rtl/data_memory.v:21$230_EN' from process `\data_memory.$proc$rtl/data_memory.v:19$542'.
No latch inferred for signal `\data_memory.$memwr$\memory$rtl/data_memory.v:21$231_EN' from process `\data_memory.$proc$rtl/data_memory.v:19$542'.
No latch inferred for signal `\data_memory.$memwr$\memory$rtl/data_memory.v:21$232_EN' from process `\data_memory.$proc$rtl/data_memory.v:19$542'.
No latch inferred for signal `\data_memory.$memwr$\memory$rtl/data_memory.v:21$233_EN' from process `\data_memory.$proc$rtl/data_memory.v:19$542'.
No latch inferred for signal `\data_memory.$memwr$\memory$rtl/data_memory.v:21$234_EN' from process `\data_memory.$proc$rtl/data_memory.v:19$542'.
No latch inferred for signal `\data_memory.$memwr$\memory$rtl/data_memory.v:21$235_EN' from process `\data_memory.$proc$rtl/data_memory.v:19$542'.
No latch inferred for signal `\data_memory.$memwr$\memory$rtl/data_memory.v:21$236_EN' from process `\data_memory.$proc$rtl/data_memory.v:19$542'.
No latch inferred for signal `\data_memory.$memwr$\memory$rtl/data_memory.v:21$237_EN' from process `\data_memory.$proc$rtl/data_memory.v:19$542'.
No latch inferred for signal `\data_memory.$memwr$\memory$rtl/data_memory.v:21$238_EN' from process `\data_memory.$proc$rtl/data_memory.v:19$542'.
No latch inferred for signal `\data_memory.$memwr$\memory$rtl/data_memory.v:21$239_EN' from process `\data_memory.$proc$rtl/data_memory.v:19$542'.
No latch inferred for signal `\data_memory.$memwr$\memory$rtl/data_memory.v:21$240_EN' from process `\data_memory.$proc$rtl/data_memory.v:19$542'.
No latch inferred for signal `\data_memory.$memwr$\memory$rtl/data_memory.v:21$241_EN' from process `\data_memory.$proc$rtl/data_memory.v:19$542'.
No latch inferred for signal `\data_memory.$memwr$\memory$rtl/data_memory.v:21$242_EN' from process `\data_memory.$proc$rtl/data_memory.v:19$542'.
No latch inferred for signal `\data_memory.$memwr$\memory$rtl/data_memory.v:21$243_EN' from process `\data_memory.$proc$rtl/data_memory.v:19$542'.
No latch inferred for signal `\data_memory.$memwr$\memory$rtl/data_memory.v:21$244_EN' from process `\data_memory.$proc$rtl/data_memory.v:19$542'.
No latch inferred for signal `\data_memory.$memwr$\memory$rtl/data_memory.v:21$245_EN' from process `\data_memory.$proc$rtl/data_memory.v:19$542'.
No latch inferred for signal `\data_memory.$memwr$\memory$rtl/data_memory.v:21$246_EN' from process `\data_memory.$proc$rtl/data_memory.v:19$542'.
No latch inferred for signal `\data_memory.$memwr$\memory$rtl/data_memory.v:21$247_EN' from process `\data_memory.$proc$rtl/data_memory.v:19$542'.
No latch inferred for signal `\data_memory.$memwr$\memory$rtl/data_memory.v:21$248_EN' from process `\data_memory.$proc$rtl/data_memory.v:19$542'.
No latch inferred for signal `\data_memory.$memwr$\memory$rtl/data_memory.v:21$249_EN' from process `\data_memory.$proc$rtl/data_memory.v:19$542'.
No latch inferred for signal `\data_memory.$memwr$\memory$rtl/data_memory.v:21$250_EN' from process `\data_memory.$proc$rtl/data_memory.v:19$542'.
No latch inferred for signal `\data_memory.$memwr$\memory$rtl/data_memory.v:21$251_EN' from process `\data_memory.$proc$rtl/data_memory.v:19$542'.
No latch inferred for signal `\data_memory.$memwr$\memory$rtl/data_memory.v:21$252_EN' from process `\data_memory.$proc$rtl/data_memory.v:19$542'.
No latch inferred for signal `\data_memory.$memwr$\memory$rtl/data_memory.v:21$253_EN' from process `\data_memory.$proc$rtl/data_memory.v:19$542'.
No latch inferred for signal `\data_memory.$memwr$\memory$rtl/data_memory.v:21$254_EN' from process `\data_memory.$proc$rtl/data_memory.v:19$542'.
No latch inferred for signal `\data_memory.$memwr$\memory$rtl/data_memory.v:21$255_EN' from process `\data_memory.$proc$rtl/data_memory.v:19$542'.
No latch inferred for signal `\data_memory.$memwr$\memory$rtl/data_memory.v:21$256_EN' from process `\data_memory.$proc$rtl/data_memory.v:19$542'.
No latch inferred for signal `\data_memory.$memwr$\memory$rtl/data_memory.v:21$257_EN' from process `\data_memory.$proc$rtl/data_memory.v:19$542'.
No latch inferred for signal `\data_memory.$memwr$\memory$rtl/data_memory.v:21$258_EN' from process `\data_memory.$proc$rtl/data_memory.v:19$542'.
No latch inferred for signal `\data_memory.$memwr$\memory$rtl/data_memory.v:21$259_EN' from process `\data_memory.$proc$rtl/data_memory.v:19$542'.
No latch inferred for signal `\data_memory.$memwr$\memory$rtl/data_memory.v:21$260_EN' from process `\data_memory.$proc$rtl/data_memory.v:19$542'.
No latch inferred for signal `\data_memory.$memwr$\memory$rtl/data_memory.v:21$261_EN' from process `\data_memory.$proc$rtl/data_memory.v:19$542'.
No latch inferred for signal `\data_memory.$memwr$\memory$rtl/data_memory.v:21$262_EN' from process `\data_memory.$proc$rtl/data_memory.v:19$542'.
No latch inferred for signal `\data_memory.$memwr$\memory$rtl/data_memory.v:21$263_EN' from process `\data_memory.$proc$rtl/data_memory.v:19$542'.
No latch inferred for signal `\data_memory.$memwr$\memory$rtl/data_memory.v:21$264_EN' from process `\data_memory.$proc$rtl/data_memory.v:19$542'.
No latch inferred for signal `\data_memory.$memwr$\memory$rtl/data_memory.v:21$265_EN' from process `\data_memory.$proc$rtl/data_memory.v:19$542'.
No latch inferred for signal `\data_memory.$memwr$\memory$rtl/data_memory.v:21$266_EN' from process `\data_memory.$proc$rtl/data_memory.v:19$542'.
No latch inferred for signal `\data_memory.$memwr$\memory$rtl/data_memory.v:21$267_EN' from process `\data_memory.$proc$rtl/data_memory.v:19$542'.
No latch inferred for signal `\data_memory.$memwr$\memory$rtl/data_memory.v:21$268_EN' from process `\data_memory.$proc$rtl/data_memory.v:19$542'.
No latch inferred for signal `\data_memory.$memwr$\memory$rtl/data_memory.v:21$269_EN' from process `\data_memory.$proc$rtl/data_memory.v:19$542'.
No latch inferred for signal `\data_memory.$memwr$\memory$rtl/data_memory.v:21$270_EN' from process `\data_memory.$proc$rtl/data_memory.v:19$542'.
No latch inferred for signal `\data_memory.$memwr$\memory$rtl/data_memory.v:21$271_EN' from process `\data_memory.$proc$rtl/data_memory.v:19$542'.
No latch inferred for signal `\data_memory.$memwr$\memory$rtl/data_memory.v:21$272_EN' from process `\data_memory.$proc$rtl/data_memory.v:19$542'.
No latch inferred for signal `\data_memory.$memwr$\memory$rtl/data_memory.v:21$273_EN' from process `\data_memory.$proc$rtl/data_memory.v:19$542'.
No latch inferred for signal `\data_memory.$memwr$\memory$rtl/data_memory.v:21$274_EN' from process `\data_memory.$proc$rtl/data_memory.v:19$542'.
No latch inferred for signal `\data_memory.$memwr$\memory$rtl/data_memory.v:21$275_EN' from process `\data_memory.$proc$rtl/data_memory.v:19$542'.
No latch inferred for signal `$paramod$7d8052ce042664084c842722ba9b8da125aa65fb\minirisc_cpu.\writeback_data' from process `$paramod$7d8052ce042664084c842722ba9b8da125aa65fb\minirisc_cpu.$proc$rtl/minirisc_cpu.v:305$12'.

19.3.9. Executing PROC_DFF pass (convert process syncs to FFs).
Creating register for signal `\instruction_register.\instruction_out' using process `\instruction_register.$proc$rtl/instruction_register.v:10$852'.
  created $dff cell `$procdff$1458' with positive edge clock.
Creating register for signal `\control_fsm.\state' using process `\control_fsm.$proc$rtl/control_fsm.v:26$844'.
  created $dff cell `$procdff$1459' with positive edge clock.
Creating register for signal `\register_file.\i' using process `\register_file.$proc$rtl/register_file.v:23$818'.
  created $dff cell `$procdff$1460' with positive edge clock.
Creating register for signal `\register_file.$memwr$\registers$rtl/register_file.v:28$807_EN' using process `\register_file.$proc$rtl/register_file.v:23$818'.
  created $dff cell `$procdff$1461' with positive edge clock.
Creating register for signal `\register_file.$memwr$\registers$rtl/register_file.v:28$808_EN' using process `\register_file.$proc$rtl/register_file.v:23$818'.
  created $dff cell `$procdff$1462' with positive edge clock.
Creating register for signal `\register_file.$memwr$\registers$rtl/register_file.v:28$809_EN' using process `\register_file.$proc$rtl/register_file.v:23$818'.
  created $dff cell `$procdff$1463' with positive edge clock.
Creating register for signal `\register_file.$memwr$\registers$rtl/register_file.v:28$810_EN' using process `\register_file.$proc$rtl/register_file.v:23$818'.
  created $dff cell `$procdff$1464' with positive edge clock.
Creating register for signal `\register_file.$memwr$\registers$rtl/register_file.v:28$811_EN' using process `\register_file.$proc$rtl/register_file.v:23$818'.
  created $dff cell `$procdff$1465' with positive edge clock.
Creating register for signal `\register_file.$memwr$\registers$rtl/register_file.v:28$812_EN' using process `\register_file.$proc$rtl/register_file.v:23$818'.
  created $dff cell `$procdff$1466' with positive edge clock.
Creating register for signal `\register_file.$memwr$\registers$rtl/register_file.v:28$813_EN' using process `\register_file.$proc$rtl/register_file.v:23$818'.
  created $dff cell `$procdff$1467' with positive edge clock.
Creating register for signal `\register_file.$memwr$\registers$rtl/register_file.v:28$814_EN' using process `\register_file.$proc$rtl/register_file.v:23$818'.
  created $dff cell `$procdff$1468' with positive edge clock.
Creating register for signal `\register_file.$memwr$\registers$rtl/register_file.v:34$815_ADDR' using process `\register_file.$proc$rtl/register_file.v:23$818'.
  created $dff cell `$procdff$1469' with positive edge clock.
Creating register for signal `\register_file.$memwr$\registers$rtl/register_file.v:34$815_DATA' using process `\register_file.$proc$rtl/register_file.v:23$818'.
  created $dff cell `$procdff$1470' with positive edge clock.
Creating register for signal `\register_file.$memwr$\registers$rtl/register_file.v:34$815_EN' using process `\register_file.$proc$rtl/register_file.v:23$818'.
  created $dff cell `$procdff$1471' with positive edge clock.
Creating register for signal `\status_register.\zero_flag' using process `\status_register.$proc$rtl/status_register.v:13$799'.
  created $dff cell `$procdff$1472' with positive edge clock.
Creating register for signal `\status_register.\carry_flag' using process `\status_register.$proc$rtl/status_register.v:13$799'.
  created $dff cell `$procdff$1473' with positive edge clock.
Creating register for signal `\data_memory.$memwr$\memory$rtl/data_memory.v:35$276_ADDR' using process `\data_memory.$proc$rtl/data_memory.v:32$279'.
  created $dff cell `$procdff$1474' with positive edge clock.
Creating register for signal `\data_memory.$memwr$\memory$rtl/data_memory.v:35$276_DATA' using process `\data_memory.$proc$rtl/data_memory.v:32$279'.
  created $dff cell `$procdff$1475' with positive edge clock.
Creating register for signal `\data_memory.$memwr$\memory$rtl/data_memory.v:35$276_EN' using process `\data_memory.$proc$rtl/data_memory.v:32$279'.
  created $dff cell `$procdff$1476' with positive edge clock.
Creating register for signal `\reset_sync.\reset_ff' using process `\reset_sync.$proc$fpga/rtl/reset_sync.v:14$19'.
  created $adff cell `$procdff$1479' with positive edge clock and positive level reset.
Creating register for signal `$paramod$100788816723f265f32c3fe4faf589ec2cde347b\uart_tx.\tx' using process `$paramod$100788816723f265f32c3fe4faf589ec2cde347b\uart_tx.$proc$fpga/rtl/uart_tx.v:47$8'.
  created $dff cell `$procdff$1480' with positive edge clock.
Creating register for signal `$paramod$100788816723f265f32c3fe4faf589ec2cde347b\uart_tx.\busy' using process `$paramod$100788816723f265f32c3fe4faf589ec2cde347b\uart_tx.$proc$fpga/rtl/uart_tx.v:47$8'.
  created $dff cell `$procdff$1481' with positive edge clock.
Creating register for signal `$paramod$100788816723f265f32c3fe4faf589ec2cde347b\uart_tx.\clk_count' using process `$paramod$100788816723f265f32c3fe4faf589ec2cde347b\uart_tx.$proc$fpga/rtl/uart_tx.v:47$8'.
  created $dff cell `$procdff$1482' with positive edge clock.
Creating register for signal `$paramod$100788816723f265f32c3fe4faf589ec2cde347b\uart_tx.\bit_index' using process `$paramod$100788816723f265f32c3fe4faf589ec2cde347b\uart_tx.$proc$fpga/rtl/uart_tx.v:47$8'.
  created $dff cell `$procdff$1483' with positive edge clock.
Creating register for signal `$paramod$100788816723f265f32c3fe4faf589ec2cde347b\uart_tx.\data_reg' using process `$paramod$100788816723f265f32c3fe4faf589ec2cde347b\uart_tx.$proc$fpga/rtl/uart_tx.v:47$8'.
  created $dff cell `$procdff$1484' with positive edge clock.
Creating register for signal `$paramod$413c7a9f17710a8a794f37fb6d8b8a10bf06c6d6\minirisc_fpga_top.\uart_start' using process `$paramod$413c7a9f17710a8a794f37fb6d8b8a10bf06c6d6\minirisc_fpga_top.$proc$fpga/rtl/minirisc_fpga_top.v:140$3'.
  created $dff cell `$procdff$1485' with positive edge clock.
Creating register for signal `$paramod$413c7a9f17710a8a794f37fb6d8b8a10bf06c6d6\minirisc_fpga_top.\halted_previous' using process `$paramod$413c7a9f17710a8a794f37fb6d8b8a10bf06c6d6\minirisc_fpga_top.$proc$fpga/rtl/minirisc_fpga_top.v:140$3'.
  created $dff cell `$procdff$1486' with positive edge clock.
Creating register for signal `\program_counter.\pc' using process `\program_counter.$proc$rtl/program_counter.v:10$856'.
  created $dff cell `$procdff$1487' with positive edge clock.

19.3.10. Executing PROC_MEMWR pass (convert process memory writes to cells).

19.3.11. Executing PROC_CLEAN pass (remove empty switches from decision trees).
Found and cleaned up 2 empty switches in `\instruction_register.$proc$rtl/instruction_register.v:10$852'.
Removing empty process `instruction_register.$proc$rtl/instruction_register.v:10$852'.
Found and cleaned up 1 empty switch in `\control_unit.$proc$rtl/control_unit.v:19$851'.
Removing empty process `control_unit.$proc$rtl/control_unit.v:19$851'.
Found and cleaned up 2 empty switches in `\control_fsm.$proc$rtl/control_fsm.v:40$845'.
Removing empty process `control_fsm.$proc$rtl/control_fsm.v:40$845'.
Found and cleaned up 1 empty switch in `\control_fsm.$proc$rtl/control_fsm.v:26$844'.
Removing empty process `control_fsm.$proc$rtl/control_fsm.v:26$844'.
Found and cleaned up 2 empty switches in `\register_file.$proc$rtl/register_file.v:23$818'.
Removing empty process `register_file.$proc$rtl/register_file.v:23$818'.
Found and cleaned up 1 empty switch in `\alu.$proc$rtl/alu.v:10$800'.
Removing empty process `alu.$proc$rtl/alu.v:10$800'.
Found and cleaned up 2 empty switches in `\status_register.$proc$rtl/status_register.v:13$799'.
Removing empty process `status_register.$proc$rtl/status_register.v:13$799'.
Removing empty process `data_memory.$proc$rtl/data_memory.v:19$542'.
Found and cleaned up 1 empty switch in `\data_memory.$proc$rtl/data_memory.v:32$279'.
Removing empty process `data_memory.$proc$rtl/data_memory.v:32$279'.
Removing empty process `reset_sync.$proc$fpga/rtl/reset_sync.v:14$19'.
Found and cleaned up 1 empty switch in `$paramod$7d8052ce042664084c842722ba9b8da125aa65fb\minirisc_cpu.$proc$rtl/minirisc_cpu.v:305$12'.
Removing empty process `$paramod$7d8052ce042664084c842722ba9b8da125aa65fb\minirisc_cpu.$proc$rtl/minirisc_cpu.v:305$12'.
Found and cleaned up 5 empty switches in `$paramod$100788816723f265f32c3fe4faf589ec2cde347b\uart_tx.$proc$fpga/rtl/uart_tx.v:47$8'.
Removing empty process `$paramod$100788816723f265f32c3fe4faf589ec2cde347b\uart_tx.$proc$fpga/rtl/uart_tx.v:47$8'.
Found and cleaned up 2 empty switches in `$paramod$413c7a9f17710a8a794f37fb6d8b8a10bf06c6d6\minirisc_fpga_top.$proc$fpga/rtl/minirisc_fpga_top.v:140$3'.
Removing empty process `$paramod$413c7a9f17710a8a794f37fb6d8b8a10bf06c6d6\minirisc_fpga_top.$proc$fpga/rtl/minirisc_fpga_top.v:140$3'.
Found and cleaned up 3 empty switches in `\program_counter.$proc$rtl/program_counter.v:10$856'.
Removing empty process `program_counter.$proc$rtl/program_counter.v:10$856'.
Cleaned up 23 empty switches.

19.3.12. Executing OPT_EXPR pass (perform const folding).
Optimizing module $paramod$92fe2a251831b0d18e8a2edb8fff31acc8bb96bb\instruction_memory.
Optimizing module instruction_register.
Optimizing module instruction_decoder.
Optimizing module control_unit.
Optimizing module control_fsm.
<suppressed ~2 debug messages>
Optimizing module register_file.
Optimizing module alu.
<suppressed ~3 debug messages>
Optimizing module status_register.
Optimizing module data_memory.
Optimizing module reset_sync.
<suppressed ~1 debug messages>
Optimizing module $paramod$7d8052ce042664084c842722ba9b8da125aa65fb\minirisc_cpu.
<suppressed ~1 debug messages>
Optimizing module $paramod$100788816723f265f32c3fe4faf589ec2cde347b\uart_tx.
<suppressed ~8 debug messages>
Optimizing module $paramod$413c7a9f17710a8a794f37fb6d8b8a10bf06c6d6\minirisc_fpga_top.
Optimizing module minirisc_ice40_top.
Optimizing module program_counter.

19.4. Executing CHECK pass (checking for obvious problems).
Checking module $paramod$92fe2a251831b0d18e8a2edb8fff31acc8bb96bb\instruction_memory...
Checking module instruction_register...
Checking module instruction_decoder...
Checking module control_unit...
Checking module control_fsm...
Checking module register_file...
Checking module alu...
Checking module status_register...
Checking module data_memory...
Checking module reset_sync...
Checking module $paramod$7d8052ce042664084c842722ba9b8da125aa65fb\minirisc_cpu...
Checking module $paramod$100788816723f265f32c3fe4faf589ec2cde347b\uart_tx...
Checking module $paramod$413c7a9f17710a8a794f37fb6d8b8a10bf06c6d6\minirisc_fpga_top...
Checking module minirisc_ice40_top...
Checking module program_counter...
Found and reported 0 problems.

19.5. Executing FLATTEN pass (flatten design).
Deleting now unused module $paramod$92fe2a251831b0d18e8a2edb8fff31acc8bb96bb\instruction_memory.
Deleting now unused module instruction_register.
Deleting now unused module instruction_decoder.
Deleting now unused module control_unit.
Deleting now unused module control_fsm.
Deleting now unused module register_file.
Deleting now unused module alu.
Deleting now unused module status_register.
Deleting now unused module data_memory.
Deleting now unused module reset_sync.
Deleting now unused module $paramod$7d8052ce042664084c842722ba9b8da125aa65fb\minirisc_cpu.
Deleting now unused module $paramod$100788816723f265f32c3fe4faf589ec2cde347b\uart_tx.
Deleting now unused module $paramod$413c7a9f17710a8a794f37fb6d8b8a10bf06c6d6\minirisc_fpga_top.
Deleting now unused module program_counter.
<suppressed ~14 debug messages>

19.6. Executing TRIBUF pass.

19.7. Executing DEMINOUT pass (demote inout ports to input or output).

19.8. Executing OPT_EXPR pass (perform const folding).
Optimizing module minirisc_ice40_top.

19.9. Executing OPT_CLEAN pass (remove unused cells and wires).
Finding unused cells or wires in module \minirisc_ice40_top..
Removed 18 unused cells and 678 unused wires.
<suppressed ~22 debug messages>

19.10. Executing CHECK pass (checking for obvious problems).
Checking module minirisc_ice40_top...
Found and reported 0 problems.

19.11. Executing OPT pass (performing simple optimizations).

19.11.1. Executing OPT_EXPR pass (perform const folding).
Optimizing module minirisc_ice40_top.

19.11.2. Executing OPT_MERGE pass (detect identical cells).
Finding identical cells in module `\minirisc_ice40_top'.
Computing hashes of 425 cells of `\minirisc_ice40_top'.
Finding duplicate cells in `\minirisc_ice40_top'.
Computing hashes of 403 cells of `\minirisc_ice40_top'.
Finding duplicate cells in `\minirisc_ice40_top'.
<suppressed ~66 debug messages>
Removed a total of 22 cells.

19.11.3. Executing OPT_MUXTREE pass (detect dead branches in mux trees).
Running muxtree optimizer on module \minirisc_ice40_top..
  Creating internal representation of mux trees.
  Evaluating internal representation of mux trees.
      Replacing known input bits on port A of cell $flatten\fpga_core.\uart_tx_inst.$procmux$1409: \fpga_core.uart_tx_inst.busy -> 1'1
      Replacing known input bits on port B of cell $flatten\fpga_core.\uart_tx_inst.$procmux$1399: { \fpga_core.uart_tx_inst.busy \fpga_core.uart_tx_inst.busy \fpga_core.uart_tx_inst.busy \fpga_core.uart_tx_inst.busy \fpga_core.uart_tx_inst.busy \fpga_core.uart_tx_inst.busy \fpga_core.uart_tx_inst.busy \fpga_core.uart_tx_inst.busy \fpga_core.uart_tx_inst.busy } -> 9'111111111
      Replacing known input bits on port A of cell $flatten\fpga_core.\uart_tx_inst.$procmux$1412: \fpga_core.uart_tx_inst.busy -> 1'0
  Analyzing evaluation results.
    dead port 1/2 on $mux $flatten\fpga_core.\cpu_inst.\u_regfile.$procmux$1270.
    dead port 1/2 on $mux $flatten\fpga_core.\cpu_inst.\u_regfile.$procmux$1276.
    dead port 1/2 on $mux $flatten\fpga_core.\cpu_inst.\u_regfile.$procmux$1282.
    dead port 2/2 on $mux $flatten\fpga_core.\cpu_inst.\u_fsm.$procmux$1255.
Removed 4 multiplexer ports.
<suppressed ~87 debug messages>

19.11.4. Executing OPT_REDUCE pass (consolidate $*mux and $reduce_* inputs).
  Optimizing cells in module \minirisc_ice40_top.
    Consolidated identical input bits for $mux cell $flatten\fpga_core.\cpu_inst.\u_dmem.$procmux$1345:
      Old ports: A=8'00000000, B=8'11111111, Y=$flatten\fpga_core.\cpu_inst.\u_dmem.$0$memwr$\memory$rtl/data_memory.v:35$276_EN[7:0]$282
      New ports: A=1'0, B=1'1, Y=$flatten\fpga_core.\cpu_inst.\u_dmem.$0$memwr$\memory$rtl/data_memory.v:35$276_EN[7:0]$282 [0]
      New connections: $flatten\fpga_core.\cpu_inst.\u_dmem.$0$memwr$\memory$rtl/data_memory.v:35$276_EN[7:0]$282 [7:1] = { $flatten\fpga_core.\cpu_inst.\u_dmem.$0$memwr$\memory$rtl/data_memory.v:35$276_EN[7:0]$282 [0] $flatten\fpga_core.\cpu_inst.\u_dmem.$0$memwr$\memory$rtl/data_memory.v:35$276_EN[7:0]$282 [0] $flatten\fpga_core.\cpu_inst.\u_dmem.$0$memwr$\memory$rtl/data_memory.v:35$276_EN[7:0]$282 [0] $flatten\fpga_core.\cpu_inst.\u_dmem.$0$memwr$\memory$rtl/data_memory.v:35$276_EN[7:0]$282 [0] $flatten\fpga_core.\cpu_inst.\u_dmem.$0$memwr$\memory$rtl/data_memory.v:35$276_EN[7:0]$282 [0] $flatten\fpga_core.\cpu_inst.\u_dmem.$0$memwr$\memory$rtl/data_memory.v:35$276_EN[7:0]$282 [0] $flatten\fpga_core.\cpu_inst.\u_dmem.$0$memwr$\memory$rtl/data_memory.v:35$276_EN[7:0]$282 [0] }
    Consolidated identical input bits for $mux cell $flatten\fpga_core.\cpu_inst.\u_regfile.$procmux$1267:
      Old ports: A=8'00000000, B=8'11111111, Y=$flatten\fpga_core.\cpu_inst.\u_regfile.$procmux$1267_Y
      New ports: A=1'0, B=1'1, Y=$flatten\fpga_core.\cpu_inst.\u_regfile.$procmux$1267_Y [0]
      New connections: $flatten\fpga_core.\cpu_inst.\u_regfile.$procmux$1267_Y [7:1] = { $flatten\fpga_core.\cpu_inst.\u_regfile.$procmux$1267_Y [0] $flatten\fpga_core.\cpu_inst.\u_regfile.$procmux$1267_Y [0] $flatten\fpga_core.\cpu_inst.\u_regfile.$procmux$1267_Y [0] $flatten\fpga_core.\cpu_inst.\u_regfile.$procmux$1267_Y [0] $flatten\fpga_core.\cpu_inst.\u_regfile.$procmux$1267_Y [0] $flatten\fpga_core.\cpu_inst.\u_regfile.$procmux$1267_Y [0] $flatten\fpga_core.\cpu_inst.\u_regfile.$procmux$1267_Y [0] }
    Consolidated identical input bits for $mux cell $flatten\fpga_core.\cpu_inst.\u_regfile.$procmux$1288:
      Old ports: A=8'00000000, B=8'11111111, Y=$flatten\fpga_core.\cpu_inst.\u_regfile.$0$memwr$\registers$rtl/register_file.v:28$814_EN[7:0]$826
      New ports: A=1'0, B=1'1, Y=$flatten\fpga_core.\cpu_inst.\u_regfile.$0$memwr$\registers$rtl/register_file.v:28$814_EN[7:0]$826 [0]
      New connections: $flatten\fpga_core.\cpu_inst.\u_regfile.$0$memwr$\registers$rtl/register_file.v:28$814_EN[7:0]$826 [7:1] = { $flatten\fpga_core.\cpu_inst.\u_regfile.$0$memwr$\registers$rtl/register_file.v:28$814_EN[7:0]$826 [0] $flatten\fpga_core.\cpu_inst.\u_regfile.$0$memwr$\registers$rtl/register_file.v:28$814_EN[7:0]$826 [0] $flatten\fpga_core.\cpu_inst.\u_regfile.$0$memwr$\registers$rtl/register_file.v:28$814_EN[7:0]$826 [0] $flatten\fpga_core.\cpu_inst.\u_regfile.$0$memwr$\registers$rtl/register_file.v:28$814_EN[7:0]$826 [0] $flatten\fpga_core.\cpu_inst.\u_regfile.$0$memwr$\registers$rtl/register_file.v:28$814_EN[7:0]$826 [0] $flatten\fpga_core.\cpu_inst.\u_regfile.$0$memwr$\registers$rtl/register_file.v:28$814_EN[7:0]$826 [0] $flatten\fpga_core.\cpu_inst.\u_regfile.$0$memwr$\registers$rtl/register_file.v:28$814_EN[7:0]$826 [0] }
    Consolidated identical input bits for $mux cell $flatten\fpga_core.\cpu_inst.\u_regfile.$procmux$1291:
      Old ports: A=8'00000000, B=8'11111111, Y=$flatten\fpga_core.\cpu_inst.\u_regfile.$0$memwr$\registers$rtl/register_file.v:28$813_EN[7:0]$825
      New ports: A=1'0, B=1'1, Y=$flatten\fpga_core.\cpu_inst.\u_regfile.$0$memwr$\registers$rtl/register_file.v:28$813_EN[7:0]$825 [0]
      New connections: $flatten\fpga_core.\cpu_inst.\u_regfile.$0$memwr$\registers$rtl/register_file.v:28$813_EN[7:0]$825 [7:1] = { $flatten\fpga_core.\cpu_inst.\u_regfile.$0$memwr$\registers$rtl/register_file.v:28$813_EN[7:0]$825 [0] $flatten\fpga_core.\cpu_inst.\u_regfile.$0$memwr$\registers$rtl/register_file.v:28$813_EN[7:0]$825 [0] $flatten\fpga_core.\cpu_inst.\u_regfile.$0$memwr$\registers$rtl/register_file.v:28$813_EN[7:0]$825 [0] $flatten\fpga_core.\cpu_inst.\u_regfile.$0$memwr$\registers$rtl/register_file.v:28$813_EN[7:0]$825 [0] $flatten\fpga_core.\cpu_inst.\u_regfile.$0$memwr$\registers$rtl/register_file.v:28$813_EN[7:0]$825 [0] $flatten\fpga_core.\cpu_inst.\u_regfile.$0$memwr$\registers$rtl/register_file.v:28$813_EN[7:0]$825 [0] $flatten\fpga_core.\cpu_inst.\u_regfile.$0$memwr$\registers$rtl/register_file.v:28$813_EN[7:0]$825 [0] }
    Consolidated identical input bits for $mux cell $flatten\fpga_core.\cpu_inst.\u_regfile.$procmux$1294:
      Old ports: A=8'00000000, B=8'11111111, Y=$flatten\fpga_core.\cpu_inst.\u_regfile.$0$memwr$\registers$rtl/register_file.v:28$812_EN[7:0]$824
      New ports: A=1'0, B=1'1, Y=$flatten\fpga_core.\cpu_inst.\u_regfile.$0$memwr$\registers$rtl/register_file.v:28$812_EN[7:0]$824 [0]
      New connections: $flatten\fpga_core.\cpu_inst.\u_regfile.$0$memwr$\registers$rtl/register_file.v:28$812_EN[7:0]$824 [7:1] = { $flatten\fpga_core.\cpu_inst.\u_regfile.$0$memwr$\registers$rtl/register_file.v:28$812_EN[7:0]$824 [0] $flatten\fpga_core.\cpu_inst.\u_regfile.$0$memwr$\registers$rtl/register_file.v:28$812_EN[7:0]$824 [0] $flatten\fpga_core.\cpu_inst.\u_regfile.$0$memwr$\registers$rtl/register_file.v:28$812_EN[7:0]$824 [0] $flatten\fpga_core.\cpu_inst.\u_regfile.$0$memwr$\registers$rtl/register_file.v:28$812_EN[7:0]$824 [0] $flatten\fpga_core.\cpu_inst.\u_regfile.$0$memwr$\registers$rtl/register_file.v:28$812_EN[7:0]$824 [0] $flatten\fpga_core.\cpu_inst.\u_regfile.$0$memwr$\registers$rtl/register_file.v:28$812_EN[7:0]$824 [0] $flatten\fpga_core.\cpu_inst.\u_regfile.$0$memwr$\registers$rtl/register_file.v:28$812_EN[7:0]$824 [0] }
    Consolidated identical input bits for $mux cell $flatten\fpga_core.\cpu_inst.\u_regfile.$procmux$1297:
      Old ports: A=8'00000000, B=8'11111111, Y=$flatten\fpga_core.\cpu_inst.\u_regfile.$0$memwr$\registers$rtl/register_file.v:28$811_EN[7:0]$823
      New ports: A=1'0, B=1'1, Y=$flatten\fpga_core.\cpu_inst.\u_regfile.$0$memwr$\registers$rtl/register_file.v:28$811_EN[7:0]$823 [0]
      New connections: $flatten\fpga_core.\cpu_inst.\u_regfile.$0$memwr$\registers$rtl/register_file.v:28$811_EN[7:0]$823 [7:1] = { $flatten\fpga_core.\cpu_inst.\u_regfile.$0$memwr$\registers$rtl/register_file.v:28$811_EN[7:0]$823 [0] $flatten\fpga_core.\cpu_inst.\u_regfile.$0$memwr$\registers$rtl/register_file.v:28$811_EN[7:0]$823 [0] $flatten\fpga_core.\cpu_inst.\u_regfile.$0$memwr$\registers$rtl/register_file.v:28$811_EN[7:0]$823 [0] $flatten\fpga_core.\cpu_inst.\u_regfile.$0$memwr$\registers$rtl/register_file.v:28$811_EN[7:0]$823 [0] $flatten\fpga_core.\cpu_inst.\u_regfile.$0$memwr$\registers$rtl/register_file.v:28$811_EN[7:0]$823 [0] $flatten\fpga_core.\cpu_inst.\u_regfile.$0$memwr$\registers$rtl/register_file.v:28$811_EN[7:0]$823 [0] $flatten\fpga_core.\cpu_inst.\u_regfile.$0$memwr$\registers$rtl/register_file.v:28$811_EN[7:0]$823 [0] }
    Consolidated identical input bits for $mux cell $flatten\fpga_core.\cpu_inst.\u_regfile.$procmux$1300:
      Old ports: A=8'00000000, B=8'11111111, Y=$flatten\fpga_core.\cpu_inst.\u_regfile.$0$memwr$\registers$rtl/register_file.v:28$810_EN[7:0]$822
      New ports: A=1'0, B=1'1, Y=$flatten\fpga_core.\cpu_inst.\u_regfile.$0$memwr$\registers$rtl/register_file.v:28$810_EN[7:0]$822 [0]
      New connections: $flatten\fpga_core.\cpu_inst.\u_regfile.$0$memwr$\registers$rtl/register_file.v:28$810_EN[7:0]$822 [7:1] = { $flatten\fpga_core.\cpu_inst.\u_regfile.$0$memwr$\registers$rtl/register_file.v:28$810_EN[7:0]$822 [0] $flatten\fpga_core.\cpu_inst.\u_regfile.$0$memwr$\registers$rtl/register_file.v:28$810_EN[7:0]$822 [0] $flatten\fpga_core.\cpu_inst.\u_regfile.$0$memwr$\registers$rtl/register_file.v:28$810_EN[7:0]$822 [0] $flatten\fpga_core.\cpu_inst.\u_regfile.$0$memwr$\registers$rtl/register_file.v:28$810_EN[7:0]$822 [0] $flatten\fpga_core.\cpu_inst.\u_regfile.$0$memwr$\registers$rtl/register_file.v:28$810_EN[7:0]$822 [0] $flatten\fpga_core.\cpu_inst.\u_regfile.$0$memwr$\registers$rtl/register_file.v:28$810_EN[7:0]$822 [0] $flatten\fpga_core.\cpu_inst.\u_regfile.$0$memwr$\registers$rtl/register_file.v:28$810_EN[7:0]$822 [0] }
    Consolidated identical input bits for $mux cell $flatten\fpga_core.\cpu_inst.\u_regfile.$procmux$1303:
      Old ports: A=8'00000000, B=8'11111111, Y=$flatten\fpga_core.\cpu_inst.\u_regfile.$0$memwr$\registers$rtl/register_file.v:28$809_EN[7:0]$821
      New ports: A=1'0, B=1'1, Y=$flatten\fpga_core.\cpu_inst.\u_regfile.$0$memwr$\registers$rtl/register_file.v:28$809_EN[7:0]$821 [0]
      New connections: $flatten\fpga_core.\cpu_inst.\u_regfile.$0$memwr$\registers$rtl/register_file.v:28$809_EN[7:0]$821 [7:1] = { $flatten\fpga_core.\cpu_inst.\u_regfile.$0$memwr$\registers$rtl/register_file.v:28$809_EN[7:0]$821 [0] $flatten\fpga_core.\cpu_inst.\u_regfile.$0$memwr$\registers$rtl/register_file.v:28$809_EN[7:0]$821 [0] $flatten\fpga_core.\cpu_inst.\u_regfile.$0$memwr$\registers$rtl/register_file.v:28$809_EN[7:0]$821 [0] $flatten\fpga_core.\cpu_inst.\u_regfile.$0$memwr$\registers$rtl/register_file.v:28$809_EN[7:0]$821 [0] $flatten\fpga_core.\cpu_inst.\u_regfile.$0$memwr$\registers$rtl/register_file.v:28$809_EN[7:0]$821 [0] $flatten\fpga_core.\cpu_inst.\u_regfile.$0$memwr$\registers$rtl/register_file.v:28$809_EN[7:0]$821 [0] $flatten\fpga_core.\cpu_inst.\u_regfile.$0$memwr$\registers$rtl/register_file.v:28$809_EN[7:0]$821 [0] }
    Consolidated identical input bits for $mux cell $flatten\fpga_core.\cpu_inst.\u_regfile.$procmux$1306:
      Old ports: A=8'00000000, B=8'11111111, Y=$flatten\fpga_core.\cpu_inst.\u_regfile.$0$memwr$\registers$rtl/register_file.v:28$808_EN[7:0]$820
      New ports: A=1'0, B=1'1, Y=$flatten\fpga_core.\cpu_inst.\u_regfile.$0$memwr$\registers$rtl/register_file.v:28$808_EN[7:0]$820 [0]
      New connections: $flatten\fpga_core.\cpu_inst.\u_regfile.$0$memwr$\registers$rtl/register_file.v:28$808_EN[7:0]$820 [7:1] = { $flatten\fpga_core.\cpu_inst.\u_regfile.$0$memwr$\registers$rtl/register_file.v:28$808_EN[7:0]$820 [0] $flatten\fpga_core.\cpu_inst.\u_regfile.$0$memwr$\registers$rtl/register_file.v:28$808_EN[7:0]$820 [0] $flatten\fpga_core.\cpu_inst.\u_regfile.$0$memwr$\registers$rtl/register_file.v:28$808_EN[7:0]$820 [0] $flatten\fpga_core.\cpu_inst.\u_regfile.$0$memwr$\registers$rtl/register_file.v:28$808_EN[7:0]$820 [0] $flatten\fpga_core.\cpu_inst.\u_regfile.$0$memwr$\registers$rtl/register_file.v:28$808_EN[7:0]$820 [0] $flatten\fpga_core.\cpu_inst.\u_regfile.$0$memwr$\registers$rtl/register_file.v:28$808_EN[7:0]$820 [0] $flatten\fpga_core.\cpu_inst.\u_regfile.$0$memwr$\registers$rtl/register_file.v:28$808_EN[7:0]$820 [0] }
    Consolidated identical input bits for $mux cell $flatten\fpga_core.\cpu_inst.\u_regfile.$procmux$1309:
      Old ports: A=8'00000000, B=8'11111111, Y=$flatten\fpga_core.\cpu_inst.\u_regfile.$0$memwr$\registers$rtl/register_file.v:28$807_EN[7:0]$819
      New ports: A=1'0, B=1'1, Y=$flatten\fpga_core.\cpu_inst.\u_regfile.$0$memwr$\registers$rtl/register_file.v:28$807_EN[7:0]$819 [0]
      New connections: $flatten\fpga_core.\cpu_inst.\u_regfile.$0$memwr$\registers$rtl/register_file.v:28$807_EN[7:0]$819 [7:1] = { $flatten\fpga_core.\cpu_inst.\u_regfile.$0$memwr$\registers$rtl/register_file.v:28$807_EN[7:0]$819 [0] $flatten\fpga_core.\cpu_inst.\u_regfile.$0$memwr$\registers$rtl/register_file.v:28$807_EN[7:0]$819 [0] $flatten\fpga_core.\cpu_inst.\u_regfile.$0$memwr$\registers$rtl/register_file.v:28$807_EN[7:0]$819 [0] $flatten\fpga_core.\cpu_inst.\u_regfile.$0$memwr$\registers$rtl/register_file.v:28$807_EN[7:0]$819 [0] $flatten\fpga_core.\cpu_inst.\u_regfile.$0$memwr$\registers$rtl/register_file.v:28$807_EN[7:0]$819 [0] $flatten\fpga_core.\cpu_inst.\u_regfile.$0$memwr$\registers$rtl/register_file.v:28$807_EN[7:0]$819 [0] $flatten\fpga_core.\cpu_inst.\u_regfile.$0$memwr$\registers$rtl/register_file.v:28$807_EN[7:0]$819 [0] }
    New ctrl vector for $pmux cell $flatten\fpga_core.\uart_tx_inst.$procmux$1399: $auto$opt_reduce.cc:137:opt_pmux$1513
  Optimizing cells in module \minirisc_ice40_top.
    Consolidated identical input bits for $mux cell $flatten\fpga_core.\cpu_inst.\u_regfile.$procmux$1312:
      Old ports: A=$flatten\fpga_core.\cpu_inst.\u_regfile.$2$memwr$\registers$rtl/register_file.v:34$815_EN[7:0]$843, B=8'00000000, Y=$flatten\fpga_core.\cpu_inst.\u_regfile.$0$memwr$\registers$rtl/register_file.v:34$815_EN[7:0]$829
      New ports: A=$flatten\fpga_core.\cpu_inst.\u_regfile.$procmux$1267_Y [0], B=1'0, Y=$flatten\fpga_core.\cpu_inst.\u_regfile.$0$memwr$\registers$rtl/register_file.v:34$815_EN[7:0]$829 [0]
      New connections: $flatten\fpga_core.\cpu_inst.\u_regfile.$0$memwr$\registers$rtl/register_file.v:34$815_EN[7:0]$829 [7:1] = { $flatten\fpga_core.\cpu_inst.\u_regfile.$0$memwr$\registers$rtl/register_file.v:34$815_EN[7:0]$829 [0] $flatten\fpga_core.\cpu_inst.\u_regfile.$0$memwr$\registers$rtl/register_file.v:34$815_EN[7:0]$829 [0] $flatten\fpga_core.\cpu_inst.\u_regfile.$0$memwr$\registers$rtl/register_file.v:34$815_EN[7:0]$829 [0] $flatten\fpga_core.\cpu_inst.\u_regfile.$0$memwr$\registers$rtl/register_file.v:34$815_EN[7:0]$829 [0] $flatten\fpga_core.\cpu_inst.\u_regfile.$0$memwr$\registers$rtl/register_file.v:34$815_EN[7:0]$829 [0] $flatten\fpga_core.\cpu_inst.\u_regfile.$0$memwr$\registers$rtl/register_file.v:34$815_EN[7:0]$829 [0] $flatten\fpga_core.\cpu_inst.\u_regfile.$0$memwr$\registers$rtl/register_file.v:34$815_EN[7:0]$829 [0] }
  Optimizing cells in module \minirisc_ice40_top.
Performed a total of 12 changes.

19.11.5. Executing OPT_MERGE pass (detect identical cells).
Finding identical cells in module `\minirisc_ice40_top'.
Computing hashes of 400 cells of `\minirisc_ice40_top'.
Finding duplicate cells in `\minirisc_ice40_top'.
Computing hashes of 393 cells of `\minirisc_ice40_top'.
Finding duplicate cells in `\minirisc_ice40_top'.
<suppressed ~21 debug messages>
Removed a total of 7 cells.

19.11.6. Executing OPT_DFF pass (perform DFF optimizations).

19.11.7. Executing OPT_CLEAN pass (remove unused cells and wires).
Finding unused cells or wires in module \minirisc_ice40_top..
Removed 0 unused cells and 33 unused wires.
<suppressed ~1 debug messages>

19.11.8. Executing OPT_EXPR pass (perform const folding).
Optimizing module minirisc_ice40_top.

19.11.9. Rerunning OPT passes. (Maybe there is more to do..)

19.11.10. Executing OPT_MUXTREE pass (detect dead branches in mux trees).
Running muxtree optimizer on module \minirisc_ice40_top..
  Creating internal representation of mux trees.
  Evaluating internal representation of mux trees.
  Analyzing evaluation results.
Removed 0 multiplexer ports.
<suppressed ~69 debug messages>

19.11.11. Executing OPT_REDUCE pass (consolidate $*mux and $reduce_* inputs).
  Optimizing cells in module \minirisc_ice40_top.
Performed a total of 0 changes.

19.11.12. Executing OPT_MERGE pass (detect identical cells).
Finding identical cells in module `\minirisc_ice40_top'.
Computing hashes of 393 cells of `\minirisc_ice40_top'.
Finding duplicate cells in `\minirisc_ice40_top'.
Removed a total of 0 cells.

19.11.13. Executing OPT_DFF pass (perform DFF optimizations).

19.11.14. Executing OPT_CLEAN pass (remove unused cells and wires).
Finding unused cells or wires in module \minirisc_ice40_top..

19.11.15. Executing OPT_EXPR pass (perform const folding).
Optimizing module minirisc_ice40_top.

19.11.16. Finished fast OPT passes. (There is nothing left to do.)

19.12. Executing FSM pass (extract and optimize FSM).

19.12.1. Executing FSM_DETECT pass (finding FSMs in design).
Not marking minirisc_ice40_top.fpga_core.cpu_inst.u_fsm.state as FSM state register:
    Register is connected to module port.
    Users of register don't seem to benefit from recoding.
Found FSM state register minirisc_ice40_top.fpga_core.uart_tx_inst.bit_index.

19.12.2. Executing FSM_EXTRACT pass (extracting FSM from design).
Extracting FSM `\fpga_core.uart_tx_inst.bit_index' from module `\minirisc_ice40_top'.
  found $dff cell for state register: $flatten\fpga_core.\uart_tx_inst.$procdff$1483
  root of input selection tree: $flatten\fpga_core.\uart_tx_inst.$0\bit_index[3:0]
  found reset state: 4'0000 (guessed from mux tree)
  found ctrl input: \fpga_core.reset_sync_inst.reset_ff [1]
  found ctrl input: \fpga_core.uart_tx_inst.busy
  found state code: 4'0000
  found ctrl input: $flatten\fpga_core.\uart_tx_inst.$eq$fpga/rtl/uart_tx.v:94$10_Y
  found ctrl input: $flatten\fpga_core.\uart_tx_inst.$procmux$1378_CMP
  found ctrl input: $flatten\fpga_core.\uart_tx_inst.$procmux$1379_CMP
  found ctrl input: $flatten\fpga_core.\uart_tx_inst.$procmux$1380_CMP
  found ctrl input: $flatten\fpga_core.\uart_tx_inst.$procmux$1381_CMP
  found ctrl input: $flatten\fpga_core.\uart_tx_inst.$procmux$1382_CMP
  found ctrl input: $flatten\fpga_core.\uart_tx_inst.$procmux$1383_CMP
  found ctrl input: $flatten\fpga_core.\uart_tx_inst.$procmux$1384_CMP
  found ctrl input: $flatten\fpga_core.\uart_tx_inst.$procmux$1385_CMP
  found ctrl input: $flatten\fpga_core.\uart_tx_inst.$procmux$1386_CMP
  found ctrl input: $flatten\fpga_core.\uart_tx_inst.$procmux$1387_CMP
  found state code: 4'1001
  found state code: 4'1000
  found state code: 4'0111
  found state code: 4'0110
  found state code: 4'0101
  found state code: 4'0100
  found state code: 4'0011
  found state code: 4'0010
  found state code: 4'0001
  found ctrl output: $flatten\fpga_core.\uart_tx_inst.$procmux$1378_CMP
  found ctrl output: $flatten\fpga_core.\uart_tx_inst.$procmux$1379_CMP
  found ctrl output: $flatten\fpga_core.\uart_tx_inst.$procmux$1380_CMP
  found ctrl output: $flatten\fpga_core.\uart_tx_inst.$procmux$1381_CMP
  found ctrl output: $flatten\fpga_core.\uart_tx_inst.$procmux$1382_CMP
  found ctrl output: $flatten\fpga_core.\uart_tx_inst.$procmux$1383_CMP
  found ctrl output: $flatten\fpga_core.\uart_tx_inst.$procmux$1384_CMP
  found ctrl output: $flatten\fpga_core.\uart_tx_inst.$procmux$1385_CMP
  found ctrl output: $flatten\fpga_core.\uart_tx_inst.$procmux$1386_CMP
  found ctrl output: $flatten\fpga_core.\uart_tx_inst.$procmux$1387_CMP
  ctrl inputs: { \fpga_core.reset_sync_inst.reset_ff [1] $flatten\fpga_core.\uart_tx_inst.$eq$fpga/rtl/uart_tx.v:94$10_Y \fpga_core.uart_tx_inst.busy }
  ctrl outputs: { $flatten\fpga_core.\uart_tx_inst.$procmux$1387_CMP $flatten\fpga_core.\uart_tx_inst.$procmux$1386_CMP $flatten\fpga_core.\uart_tx_inst.$procmux$1385_CMP $flatten\fpga_core.\uart_tx_inst.$procmux$1384_CMP $flatten\fpga_core.\uart_tx_inst.$procmux$1383_CMP $flatten\fpga_core.\uart_tx_inst.$procmux$1382_CMP $flatten\fpga_core.\uart_tx_inst.$procmux$1381_CMP $flatten\fpga_core.\uart_tx_inst.$procmux$1380_CMP $flatten\fpga_core.\uart_tx_inst.$procmux$1379_CMP $flatten\fpga_core.\uart_tx_inst.$procmux$1378_CMP $flatten\fpga_core.\uart_tx_inst.$0\bit_index[3:0] }
  transition:     4'0000 3'0-0 ->     4'0000 14'10000000000000
  transition:     4'0000 3'001 ->     4'0000 14'10000000000000
  transition:     4'0000 3'011 ->     4'0001 14'10000000000001
  transition:     4'0000 3'1-- ->     4'0000 14'10000000000000
  transition:     4'1000 3'0-0 ->     4'0000 14'00000000100000
  transition:     4'1000 3'001 ->     4'1000 14'00000000101000
  transition:     4'1000 3'011 ->     4'1001 14'00000000101001
  transition:     4'1000 3'1-- ->     4'0000 14'00000000100000
  transition:     4'0100 3'0-0 ->     4'0000 14'00001000000000
  transition:     4'0100 3'001 ->     4'0100 14'00001000000100
  transition:     4'0100 3'011 ->     4'0101 14'00001000000101
  transition:     4'0100 3'1-- ->     4'0000 14'00001000000000
  transition:     4'0010 3'0-0 ->     4'0000 14'00100000000000
  transition:     4'0010 3'001 ->     4'0010 14'00100000000010
  transition:     4'0010 3'011 ->     4'0011 14'00100000000011
  transition:     4'0010 3'1-- ->     4'0000 14'00100000000000
  transition:     4'0110 3'0-0 ->     4'0000 14'00000010000000
  transition:     4'0110 3'001 ->     4'0110 14'00000010000110
  transition:     4'0110 3'011 ->     4'0111 14'00000010000111
  transition:     4'0110 3'1-- ->     4'0000 14'00000010000000
  transition:     4'0001 3'0-0 ->     4'0000 14'01000000000000
  transition:     4'0001 3'001 ->     4'0001 14'01000000000001
  transition:     4'0001 3'011 ->     4'0010 14'01000000000010
  transition:     4'0001 3'1-- ->     4'0000 14'01000000000000
  transition:     4'1001 3'0-0 ->     4'0000 14'00000000010000
  transition:     4'1001 3'001 ->     4'1001 14'00000000011001
  transition:     4'1001 3'011 ->     4'0000 14'00000000010000
  transition:     4'1001 3'1-- ->     4'0000 14'00000000010000
  transition:     4'0101 3'0-0 ->     4'0000 14'00000100000000
  transition:     4'0101 3'001 ->     4'0101 14'00000100000101
  transition:     4'0101 3'011 ->     4'0110 14'00000100000110
  transition:     4'0101 3'1-- ->     4'0000 14'00000100000000
  transition:     4'0011 3'0-0 ->     4'0000 14'00010000000000
  transition:     4'0011 3'001 ->     4'0011 14'00010000000011
  transition:     4'0011 3'011 ->     4'0100 14'00010000000100
  transition:     4'0011 3'1-- ->     4'0000 14'00010000000000
  transition:     4'0111 3'0-0 ->     4'0000 14'00000001000000
  transition:     4'0111 3'001 ->     4'0111 14'00000001000111
  transition:     4'0111 3'011 ->     4'1000 14'00000001001000
  transition:     4'0111 3'1-- ->     4'0000 14'00000001000000

19.12.3. Executing FSM_OPT pass (simple optimizations of FSMs).
Optimizing FSM `$fsm$\fpga_core.uart_tx_inst.bit_index$1514' from module `\minirisc_ice40_top'.

19.12.4. Executing OPT_CLEAN pass (remove unused cells and wires).
Finding unused cells or wires in module \minirisc_ice40_top..
Removed 15 unused cells and 15 unused wires.
<suppressed ~16 debug messages>

19.12.5. Executing FSM_OPT pass (simple optimizations of FSMs).
Optimizing FSM `$fsm$\fpga_core.uart_tx_inst.bit_index$1514' from module `\minirisc_ice40_top'.
  Removing unused output signal $flatten\fpga_core.\uart_tx_inst.$0\bit_index[3:0] [0].
  Removing unused output signal $flatten\fpga_core.\uart_tx_inst.$0\bit_index[3:0] [1].
  Removing unused output signal $flatten\fpga_core.\uart_tx_inst.$0\bit_index[3:0] [2].
  Removing unused output signal $flatten\fpga_core.\uart_tx_inst.$0\bit_index[3:0] [3].
  Removing unused output signal $flatten\fpga_core.\uart_tx_inst.$procmux$1378_CMP.

19.12.6. Executing FSM_RECODE pass (re-assigning FSM state encoding).
Recoding FSM `$fsm$\fpga_core.uart_tx_inst.bit_index$1514' from module `\minirisc_ice40_top' using `auto' encoding:
  mapping auto encoding to `one-hot` for this FSM.
  0000 -> ---------1
  1000 -> --------1-
  0100 -> -------1--
  0010 -> ------1---
  0110 -> -----1----
  0001 -> ----1-----
  1001 -> ---1------
  0101 -> --1-------
  0011 -> -1--------
  0111 -> 1---------

19.12.7. Executing FSM_INFO pass (dumping all available information on FSM cells).

FSM `$fsm$\fpga_core.uart_tx_inst.bit_index$1514' from module `minirisc_ice40_top':
-------------------------------------

  Information on FSM $fsm$\fpga_core.uart_tx_inst.bit_index$1514 (\fpga_core.uart_tx_inst.bit_index):

  Number of input signals:    3
  Number of output signals:   9
  Number of state bits:      10

  Input signals:
    0: \fpga_core.uart_tx_inst.busy
    1: $flatten\fpga_core.\uart_tx_inst.$eq$fpga/rtl/uart_tx.v:94$10_Y
    2: \fpga_core.reset_sync_inst.reset_ff [1]

  Output signals:
    0: $flatten\fpga_core.\uart_tx_inst.$procmux$1379_CMP
    1: $flatten\fpga_core.\uart_tx_inst.$procmux$1380_CMP
    2: $flatten\fpga_core.\uart_tx_inst.$procmux$1381_CMP
    3: $flatten\fpga_core.\uart_tx_inst.$procmux$1382_CMP
    4: $flatten\fpga_core.\uart_tx_inst.$procmux$1383_CMP
    5: $flatten\fpga_core.\uart_tx_inst.$procmux$1384_CMP
    6: $flatten\fpga_core.\uart_tx_inst.$procmux$1385_CMP
    7: $flatten\fpga_core.\uart_tx_inst.$procmux$1386_CMP
    8: $flatten\fpga_core.\uart_tx_inst.$procmux$1387_CMP

  State encoding:
    0: 10'---------1  <RESET STATE>
    1: 10'--------1-
    2: 10'-------1--
    3: 10'------1---
    4: 10'-----1----
    5: 10'----1-----
    6: 10'---1------
    7: 10'--1-------
    8: 10'-1--------
    9: 10'1---------

  Transition Table (state_in, ctrl_in, state_out, ctrl_out):
      0:     0 3'0-0   ->     0 9'100000000
      1:     0 3'001   ->     0 9'100000000
      2:     0 3'1--   ->     0 9'100000000
      3:     0 3'011   ->     5 9'100000000
      4:     1 3'0-0   ->     0 9'000000001
      5:     1 3'1--   ->     0 9'000000001
      6:     1 3'001   ->     1 9'000000001
      7:     1 3'011   ->     6 9'000000001
      8:     2 3'0-0   ->     0 9'000010000
      9:     2 3'1--   ->     0 9'000010000
     10:     2 3'001   ->     2 9'000010000
     11:     2 3'011   ->     7 9'000010000
     12:     3 3'0-0   ->     0 9'001000000
     13:     3 3'1--   ->     0 9'001000000
     14:     3 3'001   ->     3 9'001000000
     15:     3 3'011   ->     8 9'001000000
     16:     4 3'0-0   ->     0 9'000000100
     17:     4 3'1--   ->     0 9'000000100
     18:     4 3'001   ->     4 9'000000100
     19:     4 3'011   ->     9 9'000000100
     20:     5 3'0-0   ->     0 9'010000000
     21:     5 3'1--   ->     0 9'010000000
     22:     5 3'011   ->     3 9'010000000
     23:     5 3'001   ->     5 9'010000000
     24:     6 3'0-0   ->     0 9'000000000
     25:     6 3'011   ->     0 9'000000000
     26:     6 3'1--   ->     0 9'000000000
     27:     6 3'001   ->     6 9'000000000
     28:     7 3'0-0   ->     0 9'000001000
     29:     7 3'1--   ->     0 9'000001000
     30:     7 3'011   ->     4 9'000001000
     31:     7 3'001   ->     7 9'000001000
     32:     8 3'0-0   ->     0 9'000100000
     33:     8 3'1--   ->     0 9'000100000
     34:     8 3'011   ->     2 9'000100000
     35:     8 3'001   ->     8 9'000100000
     36:     9 3'0-0   ->     0 9'000000010
     37:     9 3'1--   ->     0 9'000000010
     38:     9 3'011   ->     1 9'000000010
     39:     9 3'001   ->     9 9'000000010

-------------------------------------

19.12.8. Executing FSM_MAP pass (mapping FSMs to basic logic).
Mapping FSM `$fsm$\fpga_core.uart_tx_inst.bit_index$1514' from module `\minirisc_ice40_top'.

19.13. Executing OPT pass (performing simple optimizations).

19.13.1. Executing OPT_EXPR pass (perform const folding).
Optimizing module minirisc_ice40_top.
<suppressed ~2 debug messages>

19.13.2. Executing OPT_MERGE pass (detect identical cells).
Finding identical cells in module `\minirisc_ice40_top'.
Computing hashes of 430 cells of `\minirisc_ice40_top'.
Finding duplicate cells in `\minirisc_ice40_top'.
Computing hashes of 412 cells of `\minirisc_ice40_top'.
Finding duplicate cells in `\minirisc_ice40_top'.
<suppressed ~54 debug messages>
Removed a total of 18 cells.

19.13.3. Executing OPT_MUXTREE pass (detect dead branches in mux trees).
Running muxtree optimizer on module \minirisc_ice40_top..
  Creating internal representation of mux trees.
  Evaluating internal representation of mux trees.
  Analyzing evaluation results.
Removed 0 multiplexer ports.
<suppressed ~64 debug messages>

19.13.4. Executing OPT_REDUCE pass (consolidate $*mux and $reduce_* inputs).
  Optimizing cells in module \minirisc_ice40_top.
Performed a total of 0 changes.

19.13.5. Executing OPT_MERGE pass (detect identical cells).
Finding identical cells in module `\minirisc_ice40_top'.
Computing hashes of 412 cells of `\minirisc_ice40_top'.
Finding duplicate cells in `\minirisc_ice40_top'.
Removed a total of 0 cells.

19.13.6. Executing OPT_DFF pass (perform DFF optimizations).
Adding SRST signal on $flatten\fpga_core.\uart_tx_inst.$procdff$1480 ($dff) from module minirisc_ice40_top (D = $flatten\fpga_core.\uart_tx_inst.$procmux$1437_Y, Q = \fpga_core.uart_tx_inst.tx, rval = 1'1).
Adding EN signal on $auto$ff.cc:337:slice$1624 ($sdff) from module minirisc_ice40_top (D = $flatten\fpga_core.\uart_tx_inst.$procmux$1437_Y, Q = \fpga_core.uart_tx_inst.tx).
Adding SRST signal on $flatten\fpga_core.\uart_tx_inst.$procdff$1481 ($dff) from module minirisc_ice40_top (D = $flatten\fpga_core.\uart_tx_inst.$procmux$1414_Y, Q = \fpga_core.uart_tx_inst.busy, rval = 1'0).
Adding SRST signal on $flatten\fpga_core.\uart_tx_inst.$procdff$1482 ($dff) from module minirisc_ice40_top (D = $flatten\fpga_core.\uart_tx_inst.$add$fpga/rtl/uart_tx.v:208$11_Y, Q = \fpga_core.uart_tx_inst.clk_count, rval = 0).
Adding SRST signal on $flatten\fpga_core.\uart_tx_inst.$procdff$1484 ($dff) from module minirisc_ice40_top (D = $flatten\fpga_core.\uart_tx_inst.$procmux$1370_Y, Q = \fpga_core.uart_tx_inst.data_reg, rval = 8'00000000).
Adding EN signal on $auto$ff.cc:337:slice$1634 ($sdff) from module minirisc_ice40_top (D = { \fpga_core.halted \fpga_core.cpu_inst.u_status.zero_flag \fpga_core.cpu_inst.u_status.carry_flag \fpga_core.cpu_inst.u_fsm.state \fpga_core.cpu_inst.u_pc.pc [1:0] }, Q = \fpga_core.uart_tx_inst.data_reg).
Adding SRST signal on $flatten\fpga_core.\cpu_inst.\u_pc.$procdff$1487 ($dff) from module minirisc_ice40_top (D = $flatten\fpga_core.\cpu_inst.\u_pc.$procmux$1453_Y, Q = \fpga_core.cpu_inst.u_pc.pc, rval = 8'00000000).
Adding EN signal on $auto$ff.cc:337:slice$1640 ($sdff) from module minirisc_ice40_top (D = $flatten\fpga_core.\cpu_inst.\u_pc.$procmux$1451_Y, Q = \fpga_core.cpu_inst.u_pc.pc).
Adding SRST signal on $flatten\fpga_core.\cpu_inst.\u_ir.$procdff$1458 ($dff) from module minirisc_ice40_top (D = $flatten\fpga_core.\cpu_inst.\u_ir.$procmux$1242_Y, Q = \fpga_core.cpu_inst.u_ir.instruction_out, rval = 16'0000000000000000).
Adding EN signal on $auto$ff.cc:337:slice$1642 ($sdff) from module minirisc_ice40_top (D = \fpga_core.cpu_inst.u_ir.instruction_in, Q = \fpga_core.cpu_inst.u_ir.instruction_out).
Adding SRST signal on $flatten\fpga_core.\cpu_inst.\u_fsm.$procdff$1459 ($dff) from module minirisc_ice40_top (D = \fpga_core.cpu_inst.u_fsm.next_state, Q = \fpga_core.cpu_inst.u_fsm.state, rval = 3'000).
Adding SRST signal on $flatten\fpga_core.$procdff$1485 ($dff) from module minirisc_ice40_top (D = $flatten\fpga_core.$procmux$1442_Y, Q = \fpga_core.uart_start, rval = 1'0).
Adding SRST signal on $flatten\fpga_core.$procdff$1486 ($dff) from module minirisc_ice40_top (D = \fpga_core.halted, Q = \fpga_core.halted_previous, rval = 1'0).
Adding SRST signal on $flatten\fpga_core.\cpu_inst.\u_status.$procdff$1473 ($dff) from module minirisc_ice40_top (D = $flatten\fpga_core.\cpu_inst.\u_status.$procmux$1334_Y, Q = \fpga_core.cpu_inst.u_status.carry_flag, rval = 1'0).
Adding EN signal on $auto$ff.cc:337:slice$1647 ($sdff) from module minirisc_ice40_top (D = \fpga_core.cpu_inst.u_status.carry_in, Q = \fpga_core.cpu_inst.u_status.carry_flag).
Adding SRST signal on $flatten\fpga_core.\cpu_inst.\u_status.$procdff$1472 ($dff) from module minirisc_ice40_top (D = $flatten\fpga_core.\cpu_inst.\u_status.$procmux$1339_Y, Q = \fpga_core.cpu_inst.u_status.zero_flag, rval = 1'0).
Adding EN signal on $auto$ff.cc:337:slice$1649 ($sdff) from module minirisc_ice40_top (D = \fpga_core.cpu_inst.u_status.zero_in, Q = \fpga_core.cpu_inst.u_status.zero_flag).

19.13.7. Executing OPT_CLEAN pass (remove unused cells and wires).
Finding unused cells or wires in module \minirisc_ice40_top..
Removed 19 unused cells and 51 unused wires.
<suppressed ~20 debug messages>

19.13.8. Executing OPT_EXPR pass (perform const folding).
Optimizing module minirisc_ice40_top.

19.13.9. Rerunning OPT passes. (Maybe there is more to do..)

19.13.10. Executing OPT_MUXTREE pass (detect dead branches in mux trees).
Running muxtree optimizer on module \minirisc_ice40_top..
  Creating internal representation of mux trees.
  Evaluating internal representation of mux trees.
  Analyzing evaluation results.
Removed 0 multiplexer ports.
<suppressed ~40 debug messages>

19.13.11. Executing OPT_REDUCE pass (consolidate $*mux and $reduce_* inputs).
  Optimizing cells in module \minirisc_ice40_top.
Performed a total of 0 changes.

19.13.12. Executing OPT_MERGE pass (detect identical cells).
Finding identical cells in module `\minirisc_ice40_top'.
Computing hashes of 398 cells of `\minirisc_ice40_top'.
Finding duplicate cells in `\minirisc_ice40_top'.
Computing hashes of 397 cells of `\minirisc_ice40_top'.
Finding duplicate cells in `\minirisc_ice40_top'.
<suppressed ~3 debug messages>
Removed a total of 1 cells.

19.13.13. Executing OPT_DFF pass (perform DFF optimizations).

19.13.14. Executing OPT_CLEAN pass (remove unused cells and wires).
Finding unused cells or wires in module \minirisc_ice40_top..
Removed 0 unused cells and 1 unused wires.
<suppressed ~1 debug messages>

19.13.15. Executing OPT_EXPR pass (perform const folding).
Optimizing module minirisc_ice40_top.

19.13.16. Rerunning OPT passes. (Maybe there is more to do..)

19.13.17. Executing OPT_MUXTREE pass (detect dead branches in mux trees).
Running muxtree optimizer on module \minirisc_ice40_top..
  Creating internal representation of mux trees.
  Evaluating internal representation of mux trees.
  Analyzing evaluation results.
Removed 0 multiplexer ports.
<suppressed ~40 debug messages>

19.13.18. Executing OPT_REDUCE pass (consolidate $*mux and $reduce_* inputs).
  Optimizing cells in module \minirisc_ice40_top.
Performed a total of 0 changes.

19.13.19. Executing OPT_MERGE pass (detect identical cells).
Finding identical cells in module `\minirisc_ice40_top'.
Computing hashes of 397 cells of `\minirisc_ice40_top'.
Finding duplicate cells in `\minirisc_ice40_top'.
Removed a total of 0 cells.

19.13.20. Executing OPT_DFF pass (perform DFF optimizations).

19.13.21. Executing OPT_CLEAN pass (remove unused cells and wires).
Finding unused cells or wires in module \minirisc_ice40_top..

19.13.22. Executing OPT_EXPR pass (perform const folding).
Optimizing module minirisc_ice40_top.

19.13.23. Finished fast OPT passes. (There is nothing left to do.)

19.14. Executing WREDUCE pass (reducing word size of cells).
Removed top 24 address bits (of 32) from memory init port minirisc_ice40_top.$flatten\fpga_core.\cpu_inst.\u_dmem.$meminit$\memory$rtl/data_memory.v:21$335 (fpga_core.cpu_inst.u_dmem.memory).
Removed top 24 address bits (of 32) from memory init port minirisc_ice40_top.$flatten\fpga_core.\cpu_inst.\u_dmem.$meminit$\memory$rtl/data_memory.v:21$336 (fpga_core.cpu_inst.u_dmem.memory).
Removed top 24 address bits (of 32) from memory init port minirisc_ice40_top.$flatten\fpga_core.\cpu_inst.\u_dmem.$meminit$\memory$rtl/data_memory.v:21$337 (fpga_core.cpu_inst.u_dmem.memory).
Removed top 24 address bits (of 32) from memory init port minirisc_ice40_top.$flatten\fpga_core.\cpu_inst.\u_dmem.$meminit$\memory$rtl/data_memory.v:21$338 (fpga_core.cpu_inst.u_dmem.memory).
Removed top 24 address bits (of 32) from memory init port minirisc_ice40_top.$flatten\fpga_core.\cpu_inst.\u_dmem.$meminit$\memory$rtl/data_memory.v:21$339 (fpga_core.cpu_inst.u_dmem.memory).
Removed top 24 address bits (of 32) from memory init port minirisc_ice40_top.$flatten\fpga_core.\cpu_inst.\u_dmem.$meminit$\memory$rtl/data_memory.v:21$340 (fpga_core.cpu_inst.u_dmem.memory).
Removed top 24 address bits (of 32) from memory init port minirisc_ice40_top.$flatten\fpga_core.\cpu_inst.\u_dmem.$meminit$\memory$rtl/data_memory.v:21$341 (fpga_core.cpu_inst.u_dmem.memory).
Removed top 24 address bits (of 32) from memory init port minirisc_ice40_top.$flatten\fpga_core.\cpu_inst.\u_dmem.$meminit$\memory$rtl/data_memory.v:21$342 (fpga_core.cpu_inst.u_dmem.memory).
Removed top 24 address bits (of 32) from memory init port minirisc_ice40_top.$flatten\fpga_core.\cpu_inst.\u_dmem.$meminit$\memory$rtl/data_memory.v:21$343 (fpga_core.cpu_inst.u_dmem.memory).
Removed top 24 address bits (of 32) from memory init port minirisc_ice40_top.$flatten\fpga_core.\cpu_inst.\u_dmem.$meminit$\memory$rtl/data_memory.v:21$344 (fpga_core.cpu_inst.u_dmem.memory).
Removed top 24 address bits (of 32) from memory init port minirisc_ice40_top.$flatten\fpga_core.\cpu_inst.\u_dmem.$meminit$\memory$rtl/data_memory.v:21$345 (fpga_core.cpu_inst.u_dmem.memory).
Removed top 24 address bits (of 32) from memory init port minirisc_ice40_top.$flatten\fpga_core.\cpu_inst.\u_dmem.$meminit$\memory$rtl/data_memory.v:21$346 (fpga_core.cpu_inst.u_dmem.memory).
Removed top 24 address bits (of 32) from memory init port minirisc_ice40_top.$flatten\fpga_core.\cpu_inst.\u_dmem.$meminit$\memory$rtl/data_memory.v:21$347 (fpga_core.cpu_inst.u_dmem.memory).
Removed top 24 address bits (of 32) from memory init port minirisc_ice40_top.$flatten\fpga_core.\cpu_inst.\u_dmem.$meminit$\memory$rtl/data_memory.v:21$348 (fpga_core.cpu_inst.u_dmem.memory).
Removed top 24 address bits (of 32) from memory init port minirisc_ice40_top.$flatten\fpga_core.\cpu_inst.\u_dmem.$meminit$\memory$rtl/data_memory.v:21$349 (fpga_core.cpu_inst.u_dmem.memory).
Removed top 24 address bits (of 32) from memory init port minirisc_ice40_top.$flatten\fpga_core.\cpu_inst.\u_dmem.$meminit$\memory$rtl/data_memory.v:21$350 (fpga_core.cpu_inst.u_dmem.memory).
Removed top 24 address bits (of 32) from memory init port minirisc_ice40_top.$flatten\fpga_core.\cpu_inst.\u_dmem.$meminit$\memory$rtl/data_memory.v:21$351 (fpga_core.cpu_inst.u_dmem.memory).
Removed top 24 address bits (of 32) from memory init port minirisc_ice40_top.$flatten\fpga_core.\cpu_inst.\u_dmem.$meminit$\memory$rtl/data_memory.v:21$352 (fpga_core.cpu_inst.u_dmem.memory).
Removed top 24 address bits (of 32) from memory init port minirisc_ice40_top.$flatten\fpga_core.\cpu_inst.\u_dmem.$meminit$\memory$rtl/data_memory.v:21$353 (fpga_core.cpu_inst.u_dmem.memory).
Removed top 24 address bits (of 32) from memory init port minirisc_ice40_top.$flatten\fpga_core.\cpu_inst.\u_dmem.$meminit$\memory$rtl/data_memory.v:21$354 (fpga_core.cpu_inst.u_dmem.memory).
Removed top 24 address bits (of 32) from memory init port minirisc_ice40_top.$flatten\fpga_core.\cpu_inst.\u_dmem.$meminit$\memory$rtl/data_memory.v:21$355 (fpga_core.cpu_inst.u_dmem.memory).
Removed top 24 address bits (of 32) from memory init port minirisc_ice40_top.$flatten\fpga_core.\cpu_inst.\u_dmem.$meminit$\memory$rtl/data_memory.v:21$356 (fpga_core.cpu_inst.u_dmem.memory).
Removed top 24 address bits (of 32) from memory init port minirisc_ice40_top.$flatten\fpga_core.\cpu_inst.\u_dmem.$meminit$\memory$rtl/data_memory.v:21$357 (fpga_core.cpu_inst.u_dmem.memory).
Removed top 24 address bits (of 32) from memory init port minirisc_ice40_top.$flatten\fpga_core.\cpu_inst.\u_dmem.$meminit$\memory$rtl/data_memory.v:21$358 (fpga_core.cpu_inst.u_dmem.memory).
Removed top 24 address bits (of 32) from memory init port minirisc_ice40_top.$flatten\fpga_core.\cpu_inst.\u_dmem.$meminit$\memory$rtl/data_memory.v:21$359 (fpga_core.cpu_inst.u_dmem.memory).
Removed top 24 address bits (of 32) from memory init port minirisc_ice40_top.$flatten\fpga_core.\cpu_inst.\u_dmem.$meminit$\memory$rtl/data_memory.v:21$360 (fpga_core.cpu_inst.u_dmem.memory).
Removed top 24 address bits (of 32) from memory init port minirisc_ice40_top.$flatten\fpga_core.\cpu_inst.\u_dmem.$meminit$\memory$rtl/data_memory.v:21$361 (fpga_core.cpu_inst.u_dmem.memory).
Removed top 24 address bits (of 32) from memory init port minirisc_ice40_top.$flatten\fpga_core.\cpu_inst.\u_dmem.$meminit$\memory$rtl/data_memory.v:21$362 (fpga_core.cpu_inst.u_dmem.memory).
Removed top 24 address bits (of 32) from memory init port minirisc_ice40_top.$flatten\fpga_core.\cpu_inst.\u_dmem.$meminit$\memory$rtl/data_memory.v:21$363 (fpga_core.cpu_inst.u_dmem.memory).
Removed top 24 address bits (of 32) from memory init port minirisc_ice40_top.$flatten\fpga_core.\cpu_inst.\u_dmem.$meminit$\memory$rtl/data_memory.v:21$364 (fpga_core.cpu_inst.u_dmem.memory).
Removed top 24 address bits (of 32) from memory init port minirisc_ice40_top.$flatten\fpga_core.\cpu_inst.\u_dmem.$meminit$\memory$rtl/data_memory.v:21$365 (fpga_core.cpu_inst.u_dmem.memory).
Removed top 24 address bits (of 32) from memory init port minirisc_ice40_top.$flatten\fpga_core.\cpu_inst.\u_dmem.$meminit$\memory$rtl/data_memory.v:21$366 (fpga_core.cpu_inst.u_dmem.memory).
Removed top 24 address bits (of 32) from memory init port minirisc_ice40_top.$flatten\fpga_core.\cpu_inst.\u_dmem.$meminit$\memory$rtl/data_memory.v:21$367 (fpga_core.cpu_inst.u_dmem.memory).
Removed top 24 address bits (of 32) from memory init port minirisc_ice40_top.$flatten\fpga_core.\cpu_inst.\u_dmem.$meminit$\memory$rtl/data_memory.v:21$368 (fpga_core.cpu_inst.u_dmem.memory).
Removed top 24 address bits (of 32) from memory init port minirisc_ice40_top.$flatten\fpga_core.\cpu_inst.\u_dmem.$meminit$\memory$rtl/data_memory.v:21$369 (fpga_core.cpu_inst.u_dmem.memory).
Removed top 24 address bits (of 32) from memory init port minirisc_ice40_top.$flatten\fpga_core.\cpu_inst.\u_dmem.$meminit$\memory$rtl/data_memory.v:21$370 (fpga_core.cpu_inst.u_dmem.memory).
Removed top 24 address bits (of 32) from memory init port minirisc_ice40_top.$flatten\fpga_core.\cpu_inst.\u_dmem.$meminit$\memory$rtl/data_memory.v:21$371 (fpga_core.cpu_inst.u_dmem.memory).
Removed top 24 address bits (of 32) from memory init port minirisc_ice40_top.$flatten\fpga_core.\cpu_inst.\u_dmem.$meminit$\memory$rtl/data_memory.v:21$372 (fpga_core.cpu_inst.u_dmem.memory).
Removed top 24 address bits (of 32) from memory init port minirisc_ice40_top.$flatten\fpga_core.\cpu_inst.\u_dmem.$meminit$\memory$rtl/data_memory.v:21$373 (fpga_core.cpu_inst.u_dmem.memory).
Removed top 24 address bits (of 32) from memory init port minirisc_ice40_top.$flatten\fpga_core.\cpu_inst.\u_dmem.$meminit$\memory$rtl/data_memory.v:21$374 (fpga_core.cpu_inst.u_dmem.memory).
Removed top 24 address bits (of 32) from memory init port minirisc_ice40_top.$flatten\fpga_core.\cpu_inst.\u_dmem.$meminit$\memory$rtl/data_memory.v:21$375 (fpga_core.cpu_inst.u_dmem.memory).
Removed top 24 address bits (of 32) from memory init port minirisc_ice40_top.$flatten\fpga_core.\cpu_inst.\u_dmem.$meminit$\memory$rtl/data_memory.v:21$376 (fpga_core.cpu_inst.u_dmem.memory).
Removed top 24 address bits (of 32) from memory init port minirisc_ice40_top.$flatten\fpga_core.\cpu_inst.\u_dmem.$meminit$\memory$rtl/data_memory.v:21$377 (fpga_core.cpu_inst.u_dmem.memory).
Removed top 24 address bits (of 32) from memory init port minirisc_ice40_top.$flatten\fpga_core.\cpu_inst.\u_dmem.$meminit$\memory$rtl/data_memory.v:21$378 (fpga_core.cpu_inst.u_dmem.memory).
Removed top 24 address bits (of 32) from memory init port minirisc_ice40_top.$flatten\fpga_core.\cpu_inst.\u_dmem.$meminit$\memory$rtl/data_memory.v:21$379 (fpga_core.cpu_inst.u_dmem.memory).
Removed top 24 address bits (of 32) from memory init port minirisc_ice40_top.$flatten\fpga_core.\cpu_inst.\u_dmem.$meminit$\memory$rtl/data_memory.v:21$380 (fpga_core.cpu_inst.u_dmem.memory).
Removed top 24 address bits (of 32) from memory init port minirisc_ice40_top.$flatten\fpga_core.\cpu_inst.\u_dmem.$meminit$\memory$rtl/data_memory.v:21$381 (fpga_core.cpu_inst.u_dmem.memory).
Removed top 24 address bits (of 32) from memory init port minirisc_ice40_top.$flatten\fpga_core.\cpu_inst.\u_dmem.$meminit$\memory$rtl/data_memory.v:21$382 (fpga_core.cpu_inst.u_dmem.memory).
Removed top 24 address bits (of 32) from memory init port minirisc_ice40_top.$flatten\fpga_core.\cpu_inst.\u_dmem.$meminit$\memory$rtl/data_memory.v:21$383 (fpga_core.cpu_inst.u_dmem.memory).
Removed top 24 address bits (of 32) from memory init port minirisc_ice40_top.$flatten\fpga_core.\cpu_inst.\u_dmem.$meminit$\memory$rtl/data_memory.v:21$384 (fpga_core.cpu_inst.u_dmem.memory).
Removed top 24 address bits (of 32) from memory init port minirisc_ice40_top.$flatten\fpga_core.\cpu_inst.\u_dmem.$meminit$\memory$rtl/data_memory.v:21$385 (fpga_core.cpu_inst.u_dmem.memory).
Removed top 24 address bits (of 32) from memory init port minirisc_ice40_top.$flatten\fpga_core.\cpu_inst.\u_dmem.$meminit$\memory$rtl/data_memory.v:21$386 (fpga_core.cpu_inst.u_dmem.memory).
Removed top 24 address bits (of 32) from memory init port minirisc_ice40_top.$flatten\fpga_core.\cpu_inst.\u_dmem.$meminit$\memory$rtl/data_memory.v:21$387 (fpga_core.cpu_inst.u_dmem.memory).
Removed top 24 address bits (of 32) from memory init port minirisc_ice40_top.$flatten\fpga_core.\cpu_inst.\u_dmem.$meminit$\memory$rtl/data_memory.v:21$388 (fpga_core.cpu_inst.u_dmem.memory).
Removed top 24 address bits (of 32) from memory init port minirisc_ice40_top.$flatten\fpga_core.\cpu_inst.\u_dmem.$meminit$\memory$rtl/data_memory.v:21$389 (fpga_core.cpu_inst.u_dmem.memory).
Removed top 24 address bits (of 32) from memory init port minirisc_ice40_top.$flatten\fpga_core.\cpu_inst.\u_dmem.$meminit$\memory$rtl/data_memory.v:21$390 (fpga_core.cpu_inst.u_dmem.memory).
Removed top 24 address bits (of 32) from memory init port minirisc_ice40_top.$flatten\fpga_core.\cpu_inst.\u_dmem.$meminit$\memory$rtl/data_memory.v:21$391 (fpga_core.cpu_inst.u_dmem.memory).
Removed top 24 address bits (of 32) from memory init port minirisc_ice40_top.$flatten\fpga_core.\cpu_inst.\u_dmem.$meminit$\memory$rtl/data_memory.v:21$392 (fpga_core.cpu_inst.u_dmem.memory).
Removed top 24 address bits (of 32) from memory init port minirisc_ice40_top.$flatten\fpga_core.\cpu_inst.\u_dmem.$meminit$\memory$rtl/data_memory.v:21$393 (fpga_core.cpu_inst.u_dmem.memory).
Removed top 24 address bits (of 32) from memory init port minirisc_ice40_top.$flatten\fpga_core.\cpu_inst.\u_dmem.$meminit$\memory$rtl/data_memory.v:21$394 (fpga_core.cpu_inst.u_dmem.memory).
Removed top 24 address bits (of 32) from memory init port minirisc_ice40_top.$flatten\fpga_core.\cpu_inst.\u_dmem.$meminit$\memory$rtl/data_memory.v:21$395 (fpga_core.cpu_inst.u_dmem.memory).
Removed top 24 address bits (of 32) from memory init port minirisc_ice40_top.$flatten\fpga_core.\cpu_inst.\u_dmem.$meminit$\memory$rtl/data_memory.v:21$396 (fpga_core.cpu_inst.u_dmem.memory).
Removed top 24 address bits (of 32) from memory init port minirisc_ice40_top.$flatten\fpga_core.\cpu_inst.\u_dmem.$meminit$\memory$rtl/data_memory.v:21$397 (fpga_core.cpu_inst.u_dmem.memory).
Removed top 24 address bits (of 32) from memory init port minirisc_ice40_top.$flatten\fpga_core.\cpu_inst.\u_dmem.$meminit$\memory$rtl/data_memory.v:21$398 (fpga_core.cpu_inst.u_dmem.memory).
Removed top 24 address bits (of 32) from memory init port minirisc_ice40_top.$flatten\fpga_core.\cpu_inst.\u_dmem.$meminit$\memory$rtl/data_memory.v:21$399 (fpga_core.cpu_inst.u_dmem.memory).
Removed top 24 address bits (of 32) from memory init port minirisc_ice40_top.$flatten\fpga_core.\cpu_inst.\u_dmem.$meminit$\memory$rtl/data_memory.v:21$400 (fpga_core.cpu_inst.u_dmem.memory).
Removed top 24 address bits (of 32) from memory init port minirisc_ice40_top.$flatten\fpga_core.\cpu_inst.\u_dmem.$meminit$\memory$rtl/data_memory.v:21$401 (fpga_core.cpu_inst.u_dmem.memory).
Removed top 24 address bits (of 32) from memory init port minirisc_ice40_top.$flatten\fpga_core.\cpu_inst.\u_dmem.$meminit$\memory$rtl/data_memory.v:21$402 (fpga_core.cpu_inst.u_dmem.memory).
Removed top 24 address bits (of 32) from memory init port minirisc_ice40_top.$flatten\fpga_core.\cpu_inst.\u_dmem.$meminit$\memory$rtl/data_memory.v:21$403 (fpga_core.cpu_inst.u_dmem.memory).
Removed top 24 address bits (of 32) from memory init port minirisc_ice40_top.$flatten\fpga_core.\cpu_inst.\u_dmem.$meminit$\memory$rtl/data_memory.v:21$404 (fpga_core.cpu_inst.u_dmem.memory).
Removed top 24 address bits (of 32) from memory init port minirisc_ice40_top.$flatten\fpga_core.\cpu_inst.\u_dmem.$meminit$\memory$rtl/data_memory.v:21$405 (fpga_core.cpu_inst.u_dmem.memory).
Removed top 24 address bits (of 32) from memory init port minirisc_ice40_top.$flatten\fpga_core.\cpu_inst.\u_dmem.$meminit$\memory$rtl/data_memory.v:21$406 (fpga_core.cpu_inst.u_dmem.memory).
Removed top 24 address bits (of 32) from memory init port minirisc_ice40_top.$flatten\fpga_core.\cpu_inst.\u_dmem.$meminit$\memory$rtl/data_memory.v:21$407 (fpga_core.cpu_inst.u_dmem.memory).
Removed top 24 address bits (of 32) from memory init port minirisc_ice40_top.$flatten\fpga_core.\cpu_inst.\u_dmem.$meminit$\memory$rtl/data_memory.v:21$408 (fpga_core.cpu_inst.u_dmem.memory).
Removed top 24 address bits (of 32) from memory init port minirisc_ice40_top.$flatten\fpga_core.\cpu_inst.\u_dmem.$meminit$\memory$rtl/data_memory.v:21$409 (fpga_core.cpu_inst.u_dmem.memory).
Removed top 24 address bits (of 32) from memory init port minirisc_ice40_top.$flatten\fpga_core.\cpu_inst.\u_dmem.$meminit$\memory$rtl/data_memory.v:21$410 (fpga_core.cpu_inst.u_dmem.memory).
Removed top 24 address bits (of 32) from memory init port minirisc_ice40_top.$flatten\fpga_core.\cpu_inst.\u_dmem.$meminit$\memory$rtl/data_memory.v:21$411 (fpga_core.cpu_inst.u_dmem.memory).
Removed top 24 address bits (of 32) from memory init port minirisc_ice40_top.$flatten\fpga_core.\cpu_inst.\u_dmem.$meminit$\memory$rtl/data_memory.v:21$412 (fpga_core.cpu_inst.u_dmem.memory).
Removed top 24 address bits (of 32) from memory init port minirisc_ice40_top.$flatten\fpga_core.\cpu_inst.\u_dmem.$meminit$\memory$rtl/data_memory.v:21$413 (fpga_core.cpu_inst.u_dmem.memory).
Removed top 24 address bits (of 32) from memory init port minirisc_ice40_top.$flatten\fpga_core.\cpu_inst.\u_dmem.$meminit$\memory$rtl/data_memory.v:21$414 (fpga_core.cpu_inst.u_dmem.memory).
Removed top 24 address bits (of 32) from memory init port minirisc_ice40_top.$flatten\fpga_core.\cpu_inst.\u_dmem.$meminit$\memory$rtl/data_memory.v:21$415 (fpga_core.cpu_inst.u_dmem.memory).
Removed top 24 address bits (of 32) from memory init port minirisc_ice40_top.$flatten\fpga_core.\cpu_inst.\u_dmem.$meminit$\memory$rtl/data_memory.v:21$416 (fpga_core.cpu_inst.u_dmem.memory).
Removed top 24 address bits (of 32) from memory init port minirisc_ice40_top.$flatten\fpga_core.\cpu_inst.\u_dmem.$meminit$\memory$rtl/data_memory.v:21$417 (fpga_core.cpu_inst.u_dmem.memory).
Removed top 24 address bits (of 32) from memory init port minirisc_ice40_top.$flatten\fpga_core.\cpu_inst.\u_dmem.$meminit$\memory$rtl/data_memory.v:21$418 (fpga_core.cpu_inst.u_dmem.memory).
Removed top 24 address bits (of 32) from memory init port minirisc_ice40_top.$flatten\fpga_core.\cpu_inst.\u_dmem.$meminit$\memory$rtl/data_memory.v:21$419 (fpga_core.cpu_inst.u_dmem.memory).
Removed top 24 address bits (of 32) from memory init port minirisc_ice40_top.$flatten\fpga_core.\cpu_inst.\u_dmem.$meminit$\memory$rtl/data_memory.v:21$420 (fpga_core.cpu_inst.u_dmem.memory).
Removed top 24 address bits (of 32) from memory init port minirisc_ice40_top.$flatten\fpga_core.\cpu_inst.\u_dmem.$meminit$\memory$rtl/data_memory.v:21$421 (fpga_core.cpu_inst.u_dmem.memory).
Removed top 24 address bits (of 32) from memory init port minirisc_ice40_top.$flatten\fpga_core.\cpu_inst.\u_dmem.$meminit$\memory$rtl/data_memory.v:21$422 (fpga_core.cpu_inst.u_dmem.memory).
Removed top 24 address bits (of 32) from memory init port minirisc_ice40_top.$flatten\fpga_core.\cpu_inst.\u_dmem.$meminit$\memory$rtl/data_memory.v:21$423 (fpga_core.cpu_inst.u_dmem.memory).
Removed top 24 address bits (of 32) from memory init port minirisc_ice40_top.$flatten\fpga_core.\cpu_inst.\u_dmem.$meminit$\memory$rtl/data_memory.v:21$424 (fpga_core.cpu_inst.u_dmem.memory).
Removed top 24 address bits (of 32) from memory init port minirisc_ice40_top.$flatten\fpga_core.\cpu_inst.\u_dmem.$meminit$\memory$rtl/data_memory.v:21$425 (fpga_core.cpu_inst.u_dmem.memory).
Removed top 24 address bits (of 32) from memory init port minirisc_ice40_top.$flatten\fpga_core.\cpu_inst.\u_dmem.$meminit$\memory$rtl/data_memory.v:21$426 (fpga_core.cpu_inst.u_dmem.memory).
Removed top 24 address bits (of 32) from memory init port minirisc_ice40_top.$flatten\fpga_core.\cpu_inst.\u_dmem.$meminit$\memory$rtl/data_memory.v:21$427 (fpga_core.cpu_inst.u_dmem.memory).
Removed top 24 address bits (of 32) from memory init port minirisc_ice40_top.$flatten\fpga_core.\cpu_inst.\u_dmem.$meminit$\memory$rtl/data_memory.v:21$428 (fpga_core.cpu_inst.u_dmem.memory).
Removed top 24 address bits (of 32) from memory init port minirisc_ice40_top.$flatten\fpga_core.\cpu_inst.\u_dmem.$meminit$\memory$rtl/data_memory.v:21$429 (fpga_core.cpu_inst.u_dmem.memory).
Removed top 24 address bits (of 32) from memory init port minirisc_ice40_top.$flatten\fpga_core.\cpu_inst.\u_dmem.$meminit$\memory$rtl/data_memory.v:21$430 (fpga_core.cpu_inst.u_dmem.memory).
Removed top 24 address bits (of 32) from memory init port minirisc_ice40_top.$flatten\fpga_core.\cpu_inst.\u_dmem.$meminit$\memory$rtl/data_memory.v:21$431 (fpga_core.cpu_inst.u_dmem.memory).
Removed top 24 address bits (of 32) from memory init port minirisc_ice40_top.$flatten\fpga_core.\cpu_inst.\u_dmem.$meminit$\memory$rtl/data_memory.v:21$432 (fpga_core.cpu_inst.u_dmem.memory).
Removed top 24 address bits (of 32) from memory init port minirisc_ice40_top.$flatten\fpga_core.\cpu_inst.\u_dmem.$meminit$\memory$rtl/data_memory.v:21$433 (fpga_core.cpu_inst.u_dmem.memory).
Removed top 24 address bits (of 32) from memory init port minirisc_ice40_top.$flatten\fpga_core.\cpu_inst.\u_dmem.$meminit$\memory$rtl/data_memory.v:21$434 (fpga_core.cpu_inst.u_dmem.memory).
Removed top 24 address bits (of 32) from memory init port minirisc_ice40_top.$flatten\fpga_core.\cpu_inst.\u_dmem.$meminit$\memory$rtl/data_memory.v:21$435 (fpga_core.cpu_inst.u_dmem.memory).
Removed top 24 address bits (of 32) from memory init port minirisc_ice40_top.$flatten\fpga_core.\cpu_inst.\u_dmem.$meminit$\memory$rtl/data_memory.v:21$436 (fpga_core.cpu_inst.u_dmem.memory).
Removed top 24 address bits (of 32) from memory init port minirisc_ice40_top.$flatten\fpga_core.\cpu_inst.\u_dmem.$meminit$\memory$rtl/data_memory.v:21$437 (fpga_core.cpu_inst.u_dmem.memory).
Removed top 24 address bits (of 32) from memory init port minirisc_ice40_top.$flatten\fpga_core.\cpu_inst.\u_dmem.$meminit$\memory$rtl/data_memory.v:21$438 (fpga_core.cpu_inst.u_dmem.memory).
Removed top 24 address bits (of 32) from memory init port minirisc_ice40_top.$flatten\fpga_core.\cpu_inst.\u_dmem.$meminit$\memory$rtl/data_memory.v:21$439 (fpga_core.cpu_inst.u_dmem.memory).
Removed top 24 address bits (of 32) from memory init port minirisc_ice40_top.$flatten\fpga_core.\cpu_inst.\u_dmem.$meminit$\memory$rtl/data_memory.v:21$440 (fpga_core.cpu_inst.u_dmem.memory).
Removed top 24 address bits (of 32) from memory init port minirisc_ice40_top.$flatten\fpga_core.\cpu_inst.\u_dmem.$meminit$\memory$rtl/data_memory.v:21$441 (fpga_core.cpu_inst.u_dmem.memory).
Removed top 24 address bits (of 32) from memory init port minirisc_ice40_top.$flatten\fpga_core.\cpu_inst.\u_dmem.$meminit$\memory$rtl/data_memory.v:21$442 (fpga_core.cpu_inst.u_dmem.memory).
Removed top 24 address bits (of 32) from memory init port minirisc_ice40_top.$flatten\fpga_core.\cpu_inst.\u_dmem.$meminit$\memory$rtl/data_memory.v:21$443 (fpga_core.cpu_inst.u_dmem.memory).
Removed top 24 address bits (of 32) from memory init port minirisc_ice40_top.$flatten\fpga_core.\cpu_inst.\u_dmem.$meminit$\memory$rtl/data_memory.v:21$444 (fpga_core.cpu_inst.u_dmem.memory).
Removed top 24 address bits (of 32) from memory init port minirisc_ice40_top.$flatten\fpga_core.\cpu_inst.\u_dmem.$meminit$\memory$rtl/data_memory.v:21$445 (fpga_core.cpu_inst.u_dmem.memory).
Removed top 24 address bits (of 32) from memory init port minirisc_ice40_top.$flatten\fpga_core.\cpu_inst.\u_dmem.$meminit$\memory$rtl/data_memory.v:21$446 (fpga_core.cpu_inst.u_dmem.memory).
Removed top 24 address bits (of 32) from memory init port minirisc_ice40_top.$flatten\fpga_core.\cpu_inst.\u_dmem.$meminit$\memory$rtl/data_memory.v:21$447 (fpga_core.cpu_inst.u_dmem.memory).
Removed top 24 address bits (of 32) from memory init port minirisc_ice40_top.$flatten\fpga_core.\cpu_inst.\u_dmem.$meminit$\memory$rtl/data_memory.v:21$448 (fpga_core.cpu_inst.u_dmem.memory).
Removed top 24 address bits (of 32) from memory init port minirisc_ice40_top.$flatten\fpga_core.\cpu_inst.\u_dmem.$meminit$\memory$rtl/data_memory.v:21$449 (fpga_core.cpu_inst.u_dmem.memory).
Removed top 24 address bits (of 32) from memory init port minirisc_ice40_top.$flatten\fpga_core.\cpu_inst.\u_dmem.$meminit$\memory$rtl/data_memory.v:21$450 (fpga_core.cpu_inst.u_dmem.memory).
Removed top 24 address bits (of 32) from memory init port minirisc_ice40_top.$flatten\fpga_core.\cpu_inst.\u_dmem.$meminit$\memory$rtl/data_memory.v:21$451 (fpga_core.cpu_inst.u_dmem.memory).
Removed top 24 address bits (of 32) from memory init port minirisc_ice40_top.$flatten\fpga_core.\cpu_inst.\u_dmem.$meminit$\memory$rtl/data_memory.v:21$452 (fpga_core.cpu_inst.u_dmem.memory).
Removed top 24 address bits (of 32) from memory init port minirisc_ice40_top.$flatten\fpga_core.\cpu_inst.\u_dmem.$meminit$\memory$rtl/data_memory.v:21$453 (fpga_core.cpu_inst.u_dmem.memory).
Removed top 24 address bits (of 32) from memory init port minirisc_ice40_top.$flatten\fpga_core.\cpu_inst.\u_dmem.$meminit$\memory$rtl/data_memory.v:21$454 (fpga_core.cpu_inst.u_dmem.memory).
Removed top 24 address bits (of 32) from memory init port minirisc_ice40_top.$flatten\fpga_core.\cpu_inst.\u_dmem.$meminit$\memory$rtl/data_memory.v:21$455 (fpga_core.cpu_inst.u_dmem.memory).
Removed top 24 address bits (of 32) from memory init port minirisc_ice40_top.$flatten\fpga_core.\cpu_inst.\u_dmem.$meminit$\memory$rtl/data_memory.v:21$456 (fpga_core.cpu_inst.u_dmem.memory).
Removed top 24 address bits (of 32) from memory init port minirisc_ice40_top.$flatten\fpga_core.\cpu_inst.\u_dmem.$meminit$\memory$rtl/data_memory.v:21$457 (fpga_core.cpu_inst.u_dmem.memory).
Removed top 24 address bits (of 32) from memory init port minirisc_ice40_top.$flatten\fpga_core.\cpu_inst.\u_dmem.$meminit$\memory$rtl/data_memory.v:21$458 (fpga_core.cpu_inst.u_dmem.memory).
Removed top 24 address bits (of 32) from memory init port minirisc_ice40_top.$flatten\fpga_core.\cpu_inst.\u_dmem.$meminit$\memory$rtl/data_memory.v:21$459 (fpga_core.cpu_inst.u_dmem.memory).
Removed top 24 address bits (of 32) from memory init port minirisc_ice40_top.$flatten\fpga_core.\cpu_inst.\u_dmem.$meminit$\memory$rtl/data_memory.v:21$460 (fpga_core.cpu_inst.u_dmem.memory).
Removed top 24 address bits (of 32) from memory init port minirisc_ice40_top.$flatten\fpga_core.\cpu_inst.\u_dmem.$meminit$\memory$rtl/data_memory.v:21$461 (fpga_core.cpu_inst.u_dmem.memory).
Removed top 24 address bits (of 32) from memory init port minirisc_ice40_top.$flatten\fpga_core.\cpu_inst.\u_dmem.$meminit$\memory$rtl/data_memory.v:21$462 (fpga_core.cpu_inst.u_dmem.memory).
Removed top 24 address bits (of 32) from memory init port minirisc_ice40_top.$flatten\fpga_core.\cpu_inst.\u_dmem.$meminit$\memory$rtl/data_memory.v:21$463 (fpga_core.cpu_inst.u_dmem.memory).
Removed top 24 address bits (of 32) from memory init port minirisc_ice40_top.$flatten\fpga_core.\cpu_inst.\u_dmem.$meminit$\memory$rtl/data_memory.v:21$464 (fpga_core.cpu_inst.u_dmem.memory).
Removed top 24 address bits (of 32) from memory init port minirisc_ice40_top.$flatten\fpga_core.\cpu_inst.\u_dmem.$meminit$\memory$rtl/data_memory.v:21$465 (fpga_core.cpu_inst.u_dmem.memory).
Removed top 24 address bits (of 32) from memory init port minirisc_ice40_top.$flatten\fpga_core.\cpu_inst.\u_dmem.$meminit$\memory$rtl/data_memory.v:21$466 (fpga_core.cpu_inst.u_dmem.memory).
Removed top 24 address bits (of 32) from memory init port minirisc_ice40_top.$flatten\fpga_core.\cpu_inst.\u_dmem.$meminit$\memory$rtl/data_memory.v:21$467 (fpga_core.cpu_inst.u_dmem.memory).
Removed top 24 address bits (of 32) from memory init port minirisc_ice40_top.$flatten\fpga_core.\cpu_inst.\u_dmem.$meminit$\memory$rtl/data_memory.v:21$468 (fpga_core.cpu_inst.u_dmem.memory).
Removed top 24 address bits (of 32) from memory init port minirisc_ice40_top.$flatten\fpga_core.\cpu_inst.\u_dmem.$meminit$\memory$rtl/data_memory.v:21$469 (fpga_core.cpu_inst.u_dmem.memory).
Removed top 24 address bits (of 32) from memory init port minirisc_ice40_top.$flatten\fpga_core.\cpu_inst.\u_dmem.$meminit$\memory$rtl/data_memory.v:21$470 (fpga_core.cpu_inst.u_dmem.memory).
Removed top 24 address bits (of 32) from memory init port minirisc_ice40_top.$flatten\fpga_core.\cpu_inst.\u_dmem.$meminit$\memory$rtl/data_memory.v:21$471 (fpga_core.cpu_inst.u_dmem.memory).
Removed top 24 address bits (of 32) from memory init port minirisc_ice40_top.$flatten\fpga_core.\cpu_inst.\u_dmem.$meminit$\memory$rtl/data_memory.v:21$472 (fpga_core.cpu_inst.u_dmem.memory).
Removed top 24 address bits (of 32) from memory init port minirisc_ice40_top.$flatten\fpga_core.\cpu_inst.\u_dmem.$meminit$\memory$rtl/data_memory.v:21$473 (fpga_core.cpu_inst.u_dmem.memory).
Removed top 24 address bits (of 32) from memory init port minirisc_ice40_top.$flatten\fpga_core.\cpu_inst.\u_dmem.$meminit$\memory$rtl/data_memory.v:21$474 (fpga_core.cpu_inst.u_dmem.memory).
Removed top 24 address bits (of 32) from memory init port minirisc_ice40_top.$flatten\fpga_core.\cpu_inst.\u_dmem.$meminit$\memory$rtl/data_memory.v:21$475 (fpga_core.cpu_inst.u_dmem.memory).
Removed top 24 address bits (of 32) from memory init port minirisc_ice40_top.$flatten\fpga_core.\cpu_inst.\u_dmem.$meminit$\memory$rtl/data_memory.v:21$476 (fpga_core.cpu_inst.u_dmem.memory).
Removed top 24 address bits (of 32) from memory init port minirisc_ice40_top.$flatten\fpga_core.\cpu_inst.\u_dmem.$meminit$\memory$rtl/data_memory.v:21$477 (fpga_core.cpu_inst.u_dmem.memory).
Removed top 24 address bits (of 32) from memory init port minirisc_ice40_top.$flatten\fpga_core.\cpu_inst.\u_dmem.$meminit$\memory$rtl/data_memory.v:21$478 (fpga_core.cpu_inst.u_dmem.memory).
Removed top 24 address bits (of 32) from memory init port minirisc_ice40_top.$flatten\fpga_core.\cpu_inst.\u_dmem.$meminit$\memory$rtl/data_memory.v:21$479 (fpga_core.cpu_inst.u_dmem.memory).
Removed top 24 address bits (of 32) from memory init port minirisc_ice40_top.$flatten\fpga_core.\cpu_inst.\u_dmem.$meminit$\memory$rtl/data_memory.v:21$480 (fpga_core.cpu_inst.u_dmem.memory).
Removed top 24 address bits (of 32) from memory init port minirisc_ice40_top.$flatten\fpga_core.\cpu_inst.\u_dmem.$meminit$\memory$rtl/data_memory.v:21$481 (fpga_core.cpu_inst.u_dmem.memory).
Removed top 24 address bits (of 32) from memory init port minirisc_ice40_top.$flatten\fpga_core.\cpu_inst.\u_dmem.$meminit$\memory$rtl/data_memory.v:21$482 (fpga_core.cpu_inst.u_dmem.memory).
Removed top 24 address bits (of 32) from memory init port minirisc_ice40_top.$flatten\fpga_core.\cpu_inst.\u_dmem.$meminit$\memory$rtl/data_memory.v:21$483 (fpga_core.cpu_inst.u_dmem.memory).
Removed top 24 address bits (of 32) from memory init port minirisc_ice40_top.$flatten\fpga_core.\cpu_inst.\u_dmem.$meminit$\memory$rtl/data_memory.v:21$484 (fpga_core.cpu_inst.u_dmem.memory).
Removed top 24 address bits (of 32) from memory init port minirisc_ice40_top.$flatten\fpga_core.\cpu_inst.\u_dmem.$meminit$\memory$rtl/data_memory.v:21$485 (fpga_core.cpu_inst.u_dmem.memory).
Removed top 24 address bits (of 32) from memory init port minirisc_ice40_top.$flatten\fpga_core.\cpu_inst.\u_dmem.$meminit$\memory$rtl/data_memory.v:21$486 (fpga_core.cpu_inst.u_dmem.memory).
Removed top 24 address bits (of 32) from memory init port minirisc_ice40_top.$flatten\fpga_core.\cpu_inst.\u_dmem.$meminit$\memory$rtl/data_memory.v:21$487 (fpga_core.cpu_inst.u_dmem.memory).
Removed top 24 address bits (of 32) from memory init port minirisc_ice40_top.$flatten\fpga_core.\cpu_inst.\u_dmem.$meminit$\memory$rtl/data_memory.v:21$488 (fpga_core.cpu_inst.u_dmem.memory).
Removed top 24 address bits (of 32) from memory init port minirisc_ice40_top.$flatten\fpga_core.\cpu_inst.\u_dmem.$meminit$\memory$rtl/data_memory.v:21$489 (fpga_core.cpu_inst.u_dmem.memory).
Removed top 24 address bits (of 32) from memory init port minirisc_ice40_top.$flatten\fpga_core.\cpu_inst.\u_dmem.$meminit$\memory$rtl/data_memory.v:21$490 (fpga_core.cpu_inst.u_dmem.memory).
Removed top 24 address bits (of 32) from memory init port minirisc_ice40_top.$flatten\fpga_core.\cpu_inst.\u_dmem.$meminit$\memory$rtl/data_memory.v:21$491 (fpga_core.cpu_inst.u_dmem.memory).
Removed top 24 address bits (of 32) from memory init port minirisc_ice40_top.$flatten\fpga_core.\cpu_inst.\u_dmem.$meminit$\memory$rtl/data_memory.v:21$492 (fpga_core.cpu_inst.u_dmem.memory).
Removed top 24 address bits (of 32) from memory init port minirisc_ice40_top.$flatten\fpga_core.\cpu_inst.\u_dmem.$meminit$\memory$rtl/data_memory.v:21$493 (fpga_core.cpu_inst.u_dmem.memory).
Removed top 24 address bits (of 32) from memory init port minirisc_ice40_top.$flatten\fpga_core.\cpu_inst.\u_dmem.$meminit$\memory$rtl/data_memory.v:21$494 (fpga_core.cpu_inst.u_dmem.memory).
Removed top 24 address bits (of 32) from memory init port minirisc_ice40_top.$flatten\fpga_core.\cpu_inst.\u_dmem.$meminit$\memory$rtl/data_memory.v:21$495 (fpga_core.cpu_inst.u_dmem.memory).
Removed top 24 address bits (of 32) from memory init port minirisc_ice40_top.$flatten\fpga_core.\cpu_inst.\u_dmem.$meminit$\memory$rtl/data_memory.v:21$496 (fpga_core.cpu_inst.u_dmem.memory).
Removed top 24 address bits (of 32) from memory init port minirisc_ice40_top.$flatten\fpga_core.\cpu_inst.\u_dmem.$meminit$\memory$rtl/data_memory.v:21$497 (fpga_core.cpu_inst.u_dmem.memory).
Removed top 24 address bits (of 32) from memory init port minirisc_ice40_top.$flatten\fpga_core.\cpu_inst.\u_dmem.$meminit$\memory$rtl/data_memory.v:21$498 (fpga_core.cpu_inst.u_dmem.memory).
Removed top 24 address bits (of 32) from memory init port minirisc_ice40_top.$flatten\fpga_core.\cpu_inst.\u_dmem.$meminit$\memory$rtl/data_memory.v:21$499 (fpga_core.cpu_inst.u_dmem.memory).
Removed top 24 address bits (of 32) from memory init port minirisc_ice40_top.$flatten\fpga_core.\cpu_inst.\u_dmem.$meminit$\memory$rtl/data_memory.v:21$500 (fpga_core.cpu_inst.u_dmem.memory).
Removed top 24 address bits (of 32) from memory init port minirisc_ice40_top.$flatten\fpga_core.\cpu_inst.\u_dmem.$meminit$\memory$rtl/data_memory.v:21$501 (fpga_core.cpu_inst.u_dmem.memory).
Removed top 24 address bits (of 32) from memory init port minirisc_ice40_top.$flatten\fpga_core.\cpu_inst.\u_dmem.$meminit$\memory$rtl/data_memory.v:21$502 (fpga_core.cpu_inst.u_dmem.memory).
Removed top 24 address bits (of 32) from memory init port minirisc_ice40_top.$flatten\fpga_core.\cpu_inst.\u_dmem.$meminit$\memory$rtl/data_memory.v:21$503 (fpga_core.cpu_inst.u_dmem.memory).
Removed top 24 address bits (of 32) from memory init port minirisc_ice40_top.$flatten\fpga_core.\cpu_inst.\u_dmem.$meminit$\memory$rtl/data_memory.v:21$504 (fpga_core.cpu_inst.u_dmem.memory).
Removed top 24 address bits (of 32) from memory init port minirisc_ice40_top.$flatten\fpga_core.\cpu_inst.\u_dmem.$meminit$\memory$rtl/data_memory.v:21$505 (fpga_core.cpu_inst.u_dmem.memory).
Removed top 24 address bits (of 32) from memory init port minirisc_ice40_top.$flatten\fpga_core.\cpu_inst.\u_dmem.$meminit$\memory$rtl/data_memory.v:21$506 (fpga_core.cpu_inst.u_dmem.memory).
Removed top 24 address bits (of 32) from memory init port minirisc_ice40_top.$flatten\fpga_core.\cpu_inst.\u_dmem.$meminit$\memory$rtl/data_memory.v:21$507 (fpga_core.cpu_inst.u_dmem.memory).
Removed top 24 address bits (of 32) from memory init port minirisc_ice40_top.$flatten\fpga_core.\cpu_inst.\u_dmem.$meminit$\memory$rtl/data_memory.v:21$508 (fpga_core.cpu_inst.u_dmem.memory).
Removed top 24 address bits (of 32) from memory init port minirisc_ice40_top.$flatten\fpga_core.\cpu_inst.\u_dmem.$meminit$\memory$rtl/data_memory.v:21$509 (fpga_core.cpu_inst.u_dmem.memory).
Removed top 24 address bits (of 32) from memory init port minirisc_ice40_top.$flatten\fpga_core.\cpu_inst.\u_dmem.$meminit$\memory$rtl/data_memory.v:21$510 (fpga_core.cpu_inst.u_dmem.memory).
Removed top 24 address bits (of 32) from memory init port minirisc_ice40_top.$flatten\fpga_core.\cpu_inst.\u_dmem.$meminit$\memory$rtl/data_memory.v:21$511 (fpga_core.cpu_inst.u_dmem.memory).
Removed top 24 address bits (of 32) from memory init port minirisc_ice40_top.$flatten\fpga_core.\cpu_inst.\u_dmem.$meminit$\memory$rtl/data_memory.v:21$512 (fpga_core.cpu_inst.u_dmem.memory).
Removed top 24 address bits (of 32) from memory init port minirisc_ice40_top.$flatten\fpga_core.\cpu_inst.\u_dmem.$meminit$\memory$rtl/data_memory.v:21$513 (fpga_core.cpu_inst.u_dmem.memory).
Removed top 24 address bits (of 32) from memory init port minirisc_ice40_top.$flatten\fpga_core.\cpu_inst.\u_dmem.$meminit$\memory$rtl/data_memory.v:21$514 (fpga_core.cpu_inst.u_dmem.memory).
Removed top 24 address bits (of 32) from memory init port minirisc_ice40_top.$flatten\fpga_core.\cpu_inst.\u_dmem.$meminit$\memory$rtl/data_memory.v:21$515 (fpga_core.cpu_inst.u_dmem.memory).
Removed top 24 address bits (of 32) from memory init port minirisc_ice40_top.$flatten\fpga_core.\cpu_inst.\u_dmem.$meminit$\memory$rtl/data_memory.v:21$516 (fpga_core.cpu_inst.u_dmem.memory).
Removed top 24 address bits (of 32) from memory init port minirisc_ice40_top.$flatten\fpga_core.\cpu_inst.\u_dmem.$meminit$\memory$rtl/data_memory.v:21$517 (fpga_core.cpu_inst.u_dmem.memory).
Removed top 24 address bits (of 32) from memory init port minirisc_ice40_top.$flatten\fpga_core.\cpu_inst.\u_dmem.$meminit$\memory$rtl/data_memory.v:21$518 (fpga_core.cpu_inst.u_dmem.memory).
Removed top 24 address bits (of 32) from memory init port minirisc_ice40_top.$flatten\fpga_core.\cpu_inst.\u_dmem.$meminit$\memory$rtl/data_memory.v:21$519 (fpga_core.cpu_inst.u_dmem.memory).
Removed top 24 address bits (of 32) from memory init port minirisc_ice40_top.$flatten\fpga_core.\cpu_inst.\u_dmem.$meminit$\memory$rtl/data_memory.v:21$520 (fpga_core.cpu_inst.u_dmem.memory).
Removed top 24 address bits (of 32) from memory init port minirisc_ice40_top.$flatten\fpga_core.\cpu_inst.\u_dmem.$meminit$\memory$rtl/data_memory.v:21$521 (fpga_core.cpu_inst.u_dmem.memory).
Removed top 24 address bits (of 32) from memory init port minirisc_ice40_top.$flatten\fpga_core.\cpu_inst.\u_dmem.$meminit$\memory$rtl/data_memory.v:21$522 (fpga_core.cpu_inst.u_dmem.memory).
Removed top 24 address bits (of 32) from memory init port minirisc_ice40_top.$flatten\fpga_core.\cpu_inst.\u_dmem.$meminit$\memory$rtl/data_memory.v:21$523 (fpga_core.cpu_inst.u_dmem.memory).
Removed top 24 address bits (of 32) from memory init port minirisc_ice40_top.$flatten\fpga_core.\cpu_inst.\u_dmem.$meminit$\memory$rtl/data_memory.v:21$524 (fpga_core.cpu_inst.u_dmem.memory).
Removed top 24 address bits (of 32) from memory init port minirisc_ice40_top.$flatten\fpga_core.\cpu_inst.\u_dmem.$meminit$\memory$rtl/data_memory.v:21$525 (fpga_core.cpu_inst.u_dmem.memory).
Removed top 24 address bits (of 32) from memory init port minirisc_ice40_top.$flatten\fpga_core.\cpu_inst.\u_dmem.$meminit$\memory$rtl/data_memory.v:21$526 (fpga_core.cpu_inst.u_dmem.memory).
Removed top 24 address bits (of 32) from memory init port minirisc_ice40_top.$flatten\fpga_core.\cpu_inst.\u_dmem.$meminit$\memory$rtl/data_memory.v:21$527 (fpga_core.cpu_inst.u_dmem.memory).
Removed top 24 address bits (of 32) from memory init port minirisc_ice40_top.$flatten\fpga_core.\cpu_inst.\u_dmem.$meminit$\memory$rtl/data_memory.v:21$528 (fpga_core.cpu_inst.u_dmem.memory).
Removed top 24 address bits (of 32) from memory init port minirisc_ice40_top.$flatten\fpga_core.\cpu_inst.\u_dmem.$meminit$\memory$rtl/data_memory.v:21$529 (fpga_core.cpu_inst.u_dmem.memory).
Removed top 24 address bits (of 32) from memory init port minirisc_ice40_top.$flatten\fpga_core.\cpu_inst.\u_dmem.$meminit$\memory$rtl/data_memory.v:21$530 (fpga_core.cpu_inst.u_dmem.memory).
Removed top 24 address bits (of 32) from memory init port minirisc_ice40_top.$flatten\fpga_core.\cpu_inst.\u_dmem.$meminit$\memory$rtl/data_memory.v:21$531 (fpga_core.cpu_inst.u_dmem.memory).
Removed top 24 address bits (of 32) from memory init port minirisc_ice40_top.$flatten\fpga_core.\cpu_inst.\u_dmem.$meminit$\memory$rtl/data_memory.v:21$532 (fpga_core.cpu_inst.u_dmem.memory).
Removed top 24 address bits (of 32) from memory init port minirisc_ice40_top.$flatten\fpga_core.\cpu_inst.\u_dmem.$meminit$\memory$rtl/data_memory.v:21$533 (fpga_core.cpu_inst.u_dmem.memory).
Removed top 24 address bits (of 32) from memory init port minirisc_ice40_top.$flatten\fpga_core.\cpu_inst.\u_dmem.$meminit$\memory$rtl/data_memory.v:21$534 (fpga_core.cpu_inst.u_dmem.memory).
Removed top 24 address bits (of 32) from memory init port minirisc_ice40_top.$flatten\fpga_core.\cpu_inst.\u_dmem.$meminit$\memory$rtl/data_memory.v:21$535 (fpga_core.cpu_inst.u_dmem.memory).
Removed top 24 address bits (of 32) from memory init port minirisc_ice40_top.$flatten\fpga_core.\cpu_inst.\u_dmem.$meminit$\memory$rtl/data_memory.v:21$536 (fpga_core.cpu_inst.u_dmem.memory).
Removed top 24 address bits (of 32) from memory init port minirisc_ice40_top.$flatten\fpga_core.\cpu_inst.\u_dmem.$meminit$\memory$rtl/data_memory.v:21$537 (fpga_core.cpu_inst.u_dmem.memory).
Removed top 24 address bits (of 32) from memory init port minirisc_ice40_top.$flatten\fpga_core.\cpu_inst.\u_dmem.$meminit$\memory$rtl/data_memory.v:21$538 (fpga_core.cpu_inst.u_dmem.memory).
Removed top 24 address bits (of 32) from memory init port minirisc_ice40_top.$flatten\fpga_core.\cpu_inst.\u_dmem.$meminit$\memory$rtl/data_memory.v:21$539 (fpga_core.cpu_inst.u_dmem.memory).
Removed top 24 address bits (of 32) from memory init port minirisc_ice40_top.$flatten\fpga_core.\cpu_inst.\u_dmem.$meminit$\memory$rtl/data_memory.v:21$540 (fpga_core.cpu_inst.u_dmem.memory).
Removed top 24 address bits (of 32) from memory init port minirisc_ice40_top.$flatten\fpga_core.\cpu_inst.\u_dmem.$meminit$\memory$rtl/data_memory.v:21$541 (fpga_core.cpu_inst.u_dmem.memory).
Removed top 24 address bits (of 32) from memory init port minirisc_ice40_top.$flatten\fpga_core.\cpu_inst.\u_dmem.$meminit$\memory$rtl/data_memory.v:21$287 (fpga_core.cpu_inst.u_dmem.memory).
Removed top 24 address bits (of 32) from memory init port minirisc_ice40_top.$flatten\fpga_core.\cpu_inst.\u_dmem.$meminit$\memory$rtl/data_memory.v:21$286 (fpga_core.cpu_inst.u_dmem.memory).
Removed top 24 address bits (of 32) from memory init port minirisc_ice40_top.$flatten\fpga_core.\cpu_inst.\u_dmem.$meminit$\memory$rtl/data_memory.v:21$289 (fpga_core.cpu_inst.u_dmem.memory).
Removed top 24 address bits (of 32) from memory init port minirisc_ice40_top.$flatten\fpga_core.\cpu_inst.\u_dmem.$meminit$\memory$rtl/data_memory.v:21$311 (fpga_core.cpu_inst.u_dmem.memory).
Removed top 24 address bits (of 32) from memory init port minirisc_ice40_top.$flatten\fpga_core.\cpu_inst.\u_dmem.$meminit$\memory$rtl/data_memory.v:21$312 (fpga_core.cpu_inst.u_dmem.memory).
Removed top 24 address bits (of 32) from memory init port minirisc_ice40_top.$flatten\fpga_core.\cpu_inst.\u_dmem.$meminit$\memory$rtl/data_memory.v:21$313 (fpga_core.cpu_inst.u_dmem.memory).
Removed top 24 address bits (of 32) from memory init port minirisc_ice40_top.$flatten\fpga_core.\cpu_inst.\u_dmem.$meminit$\memory$rtl/data_memory.v:21$315 (fpga_core.cpu_inst.u_dmem.memory).
Removed top 24 address bits (of 32) from memory init port minirisc_ice40_top.$flatten\fpga_core.\cpu_inst.\u_dmem.$meminit$\memory$rtl/data_memory.v:21$316 (fpga_core.cpu_inst.u_dmem.memory).
Removed top 24 address bits (of 32) from memory init port minirisc_ice40_top.$flatten\fpga_core.\cpu_inst.\u_dmem.$meminit$\memory$rtl/data_memory.v:21$317 (fpga_core.cpu_inst.u_dmem.memory).
Removed top 24 address bits (of 32) from memory init port minirisc_ice40_top.$flatten\fpga_core.\cpu_inst.\u_dmem.$meminit$\memory$rtl/data_memory.v:21$318 (fpga_core.cpu_inst.u_dmem.memory).
Removed top 24 address bits (of 32) from memory init port minirisc_ice40_top.$flatten\fpga_core.\cpu_inst.\u_dmem.$meminit$\memory$rtl/data_memory.v:21$319 (fpga_core.cpu_inst.u_dmem.memory).
Removed top 24 address bits (of 32) from memory init port minirisc_ice40_top.$flatten\fpga_core.\cpu_inst.\u_dmem.$meminit$\memory$rtl/data_memory.v:21$320 (fpga_core.cpu_inst.u_dmem.memory).
Removed top 24 address bits (of 32) from memory init port minirisc_ice40_top.$flatten\fpga_core.\cpu_inst.\u_dmem.$meminit$\memory$rtl/data_memory.v:21$288 (fpga_core.cpu_inst.u_dmem.memory).
Removed top 29 address bits (of 32) from memory init port minirisc_ice40_top.$flatten\fpga_core.\cpu_inst.\u_regfile.$auto$proc_memwr.cc:45:proc_memwr$1488 (fpga_core.cpu_inst.u_regfile.registers).
Removed top 29 address bits (of 32) from memory init port minirisc_ice40_top.$flatten\fpga_core.\cpu_inst.\u_regfile.$auto$proc_memwr.cc:45:proc_memwr$1489 (fpga_core.cpu_inst.u_regfile.registers).
Removed top 29 address bits (of 32) from memory init port minirisc_ice40_top.$flatten\fpga_core.\cpu_inst.\u_regfile.$auto$proc_memwr.cc:45:proc_memwr$1490 (fpga_core.cpu_inst.u_regfile.registers).
Removed top 29 address bits (of 32) from memory init port minirisc_ice40_top.$flatten\fpga_core.\cpu_inst.\u_regfile.$auto$proc_memwr.cc:45:proc_memwr$1491 (fpga_core.cpu_inst.u_regfile.registers).
Removed top 29 address bits (of 32) from memory init port minirisc_ice40_top.$flatten\fpga_core.\cpu_inst.\u_regfile.$auto$proc_memwr.cc:45:proc_memwr$1492 (fpga_core.cpu_inst.u_regfile.registers).
Removed top 29 address bits (of 32) from memory init port minirisc_ice40_top.$flatten\fpga_core.\cpu_inst.\u_regfile.$auto$proc_memwr.cc:45:proc_memwr$1493 (fpga_core.cpu_inst.u_regfile.registers).
Removed top 29 address bits (of 32) from memory init port minirisc_ice40_top.$flatten\fpga_core.\cpu_inst.\u_regfile.$auto$proc_memwr.cc:45:proc_memwr$1494 (fpga_core.cpu_inst.u_regfile.registers).
Removed top 29 address bits (of 32) from memory init port minirisc_ice40_top.$flatten\fpga_core.\cpu_inst.\u_regfile.$auto$proc_memwr.cc:45:proc_memwr$1495 (fpga_core.cpu_inst.u_regfile.registers).
Removed top 24 address bits (of 32) from memory init port minirisc_ice40_top.$flatten\fpga_core.\cpu_inst.\u_dmem.$meminit$\memory$rtl/data_memory.v:21$314 (fpga_core.cpu_inst.u_dmem.memory).
Removed top 24 address bits (of 32) from memory init port minirisc_ice40_top.$flatten\fpga_core.\cpu_inst.\u_dmem.$meminit$\memory$rtl/data_memory.v:21$290 (fpga_core.cpu_inst.u_dmem.memory).
Removed top 24 address bits (of 32) from memory init port minirisc_ice40_top.$flatten\fpga_core.\cpu_inst.\u_dmem.$meminit$\memory$rtl/data_memory.v:21$291 (fpga_core.cpu_inst.u_dmem.memory).
Removed top 24 address bits (of 32) from memory init port minirisc_ice40_top.$flatten\fpga_core.\cpu_inst.\u_dmem.$meminit$\memory$rtl/data_memory.v:21$292 (fpga_core.cpu_inst.u_dmem.memory).
Removed top 28 address bits (of 32) from memory init port minirisc_ice40_top.$flatten\fpga_core.\cpu_inst.\u_control.$auto$mem.cc:351:emit$1241 ($flatten\fpga_core.\cpu_inst.\u_control.$auto$proc_rom.cc:155:do_switch$1239).
Removed top 24 address bits (of 32) from memory init port minirisc_ice40_top.$flatten\fpga_core.\cpu_inst.\u_imem.$meminit$\memory$rtl/instruction_memory.v:11$854 (fpga_core.cpu_inst.u_imem.memory).
Removed top 24 address bits (of 32) from memory init port minirisc_ice40_top.$flatten\fpga_core.\cpu_inst.\u_dmem.$meminit$\memory$rtl/data_memory.v:21$293 (fpga_core.cpu_inst.u_dmem.memory).
Removed top 24 address bits (of 32) from memory init port minirisc_ice40_top.$flatten\fpga_core.\cpu_inst.\u_dmem.$meminit$\memory$rtl/data_memory.v:21$334 (fpga_core.cpu_inst.u_dmem.memory).
Removed top 24 address bits (of 32) from memory init port minirisc_ice40_top.$flatten\fpga_core.\cpu_inst.\u_dmem.$meminit$\memory$rtl/data_memory.v:21$333 (fpga_core.cpu_inst.u_dmem.memory).
Removed top 24 address bits (of 32) from memory init port minirisc_ice40_top.$flatten\fpga_core.\cpu_inst.\u_dmem.$meminit$\memory$rtl/data_memory.v:21$332 (fpga_core.cpu_inst.u_dmem.memory).
Removed top 24 address bits (of 32) from memory init port minirisc_ice40_top.$flatten\fpga_core.\cpu_inst.\u_dmem.$meminit$\memory$rtl/data_memory.v:21$331 (fpga_core.cpu_inst.u_dmem.memory).
Removed top 24 address bits (of 32) from memory init port minirisc_ice40_top.$flatten\fpga_core.\cpu_inst.\u_dmem.$meminit$\memory$rtl/data_memory.v:21$330 (fpga_core.cpu_inst.u_dmem.memory).
Removed top 24 address bits (of 32) from memory init port minirisc_ice40_top.$flatten\fpga_core.\cpu_inst.\u_dmem.$meminit$\memory$rtl/data_memory.v:21$329 (fpga_core.cpu_inst.u_dmem.memory).
Removed top 24 address bits (of 32) from memory init port minirisc_ice40_top.$flatten\fpga_core.\cpu_inst.\u_dmem.$meminit$\memory$rtl/data_memory.v:21$328 (fpga_core.cpu_inst.u_dmem.memory).
Removed top 24 address bits (of 32) from memory init port minirisc_ice40_top.$flatten\fpga_core.\cpu_inst.\u_dmem.$meminit$\memory$rtl/data_memory.v:21$327 (fpga_core.cpu_inst.u_dmem.memory).
Removed top 24 address bits (of 32) from memory init port minirisc_ice40_top.$flatten\fpga_core.\cpu_inst.\u_dmem.$meminit$\memory$rtl/data_memory.v:21$326 (fpga_core.cpu_inst.u_dmem.memory).
Removed top 24 address bits (of 32) from memory init port minirisc_ice40_top.$flatten\fpga_core.\cpu_inst.\u_dmem.$meminit$\memory$rtl/data_memory.v:21$294 (fpga_core.cpu_inst.u_dmem.memory).
Removed top 24 address bits (of 32) from memory init port minirisc_ice40_top.$flatten\fpga_core.\cpu_inst.\u_dmem.$meminit$\memory$rtl/data_memory.v:21$295 (fpga_core.cpu_inst.u_dmem.memory).
Removed top 24 address bits (of 32) from memory init port minirisc_ice40_top.$flatten\fpga_core.\cpu_inst.\u_dmem.$meminit$\memory$rtl/data_memory.v:21$296 (fpga_core.cpu_inst.u_dmem.memory).
Removed top 24 address bits (of 32) from memory init port minirisc_ice40_top.$flatten\fpga_core.\cpu_inst.\u_dmem.$meminit$\memory$rtl/data_memory.v:21$297 (fpga_core.cpu_inst.u_dmem.memory).
Removed top 24 address bits (of 32) from memory init port minirisc_ice40_top.$flatten\fpga_core.\cpu_inst.\u_dmem.$meminit$\memory$rtl/data_memory.v:21$298 (fpga_core.cpu_inst.u_dmem.memory).
Removed top 24 address bits (of 32) from memory init port minirisc_ice40_top.$flatten\fpga_core.\cpu_inst.\u_dmem.$meminit$\memory$rtl/data_memory.v:21$299 (fpga_core.cpu_inst.u_dmem.memory).
Removed top 24 address bits (of 32) from memory init port minirisc_ice40_top.$flatten\fpga_core.\cpu_inst.\u_dmem.$meminit$\memory$rtl/data_memory.v:21$300 (fpga_core.cpu_inst.u_dmem.memory).
Removed top 24 address bits (of 32) from memory init port minirisc_ice40_top.$flatten\fpga_core.\cpu_inst.\u_dmem.$meminit$\memory$rtl/data_memory.v:21$301 (fpga_core.cpu_inst.u_dmem.memory).
Removed top 24 address bits (of 32) from memory init port minirisc_ice40_top.$flatten\fpga_core.\cpu_inst.\u_dmem.$meminit$\memory$rtl/data_memory.v:21$325 (fpga_core.cpu_inst.u_dmem.memory).
Removed top 24 address bits (of 32) from memory init port minirisc_ice40_top.$flatten\fpga_core.\cpu_inst.\u_dmem.$meminit$\memory$rtl/data_memory.v:21$324 (fpga_core.cpu_inst.u_dmem.memory).
Removed top 24 address bits (of 32) from memory init port minirisc_ice40_top.$flatten\fpga_core.\cpu_inst.\u_dmem.$meminit$\memory$rtl/data_memory.v:21$323 (fpga_core.cpu_inst.u_dmem.memory).
Removed top 24 address bits (of 32) from memory init port minirisc_ice40_top.$flatten\fpga_core.\cpu_inst.\u_dmem.$meminit$\memory$rtl/data_memory.v:21$322 (fpga_core.cpu_inst.u_dmem.memory).
Removed top 24 address bits (of 32) from memory init port minirisc_ice40_top.$flatten\fpga_core.\cpu_inst.\u_dmem.$meminit$\memory$rtl/data_memory.v:21$302 (fpga_core.cpu_inst.u_dmem.memory).
Removed top 24 address bits (of 32) from memory init port minirisc_ice40_top.$flatten\fpga_core.\cpu_inst.\u_dmem.$meminit$\memory$rtl/data_memory.v:21$303 (fpga_core.cpu_inst.u_dmem.memory).
Removed top 24 address bits (of 32) from memory init port minirisc_ice40_top.$flatten\fpga_core.\cpu_inst.\u_dmem.$meminit$\memory$rtl/data_memory.v:21$304 (fpga_core.cpu_inst.u_dmem.memory).
Removed top 24 address bits (of 32) from memory init port minirisc_ice40_top.$flatten\fpga_core.\cpu_inst.\u_dmem.$meminit$\memory$rtl/data_memory.v:21$305 (fpga_core.cpu_inst.u_dmem.memory).
Removed top 24 address bits (of 32) from memory init port minirisc_ice40_top.$flatten\fpga_core.\cpu_inst.\u_dmem.$meminit$\memory$rtl/data_memory.v:21$306 (fpga_core.cpu_inst.u_dmem.memory).
Removed top 24 address bits (of 32) from memory init port minirisc_ice40_top.$flatten\fpga_core.\cpu_inst.\u_dmem.$meminit$\memory$rtl/data_memory.v:21$307 (fpga_core.cpu_inst.u_dmem.memory).
Removed top 24 address bits (of 32) from memory init port minirisc_ice40_top.$flatten\fpga_core.\cpu_inst.\u_dmem.$meminit$\memory$rtl/data_memory.v:21$308 (fpga_core.cpu_inst.u_dmem.memory).
Removed top 24 address bits (of 32) from memory init port minirisc_ice40_top.$flatten\fpga_core.\cpu_inst.\u_dmem.$meminit$\memory$rtl/data_memory.v:21$309 (fpga_core.cpu_inst.u_dmem.memory).
Removed top 24 address bits (of 32) from memory init port minirisc_ice40_top.$flatten\fpga_core.\cpu_inst.\u_dmem.$meminit$\memory$rtl/data_memory.v:21$310 (fpga_core.cpu_inst.u_dmem.memory).
Removed top 24 address bits (of 32) from memory init port minirisc_ice40_top.$flatten\fpga_core.\cpu_inst.\u_dmem.$meminit$\memory$rtl/data_memory.v:21$321 (fpga_core.cpu_inst.u_dmem.memory).
Removed top 1 bits (of 2) from port B of cell minirisc_ice40_top.$auto$opt_dff.cc:320:make_patterns_logic$1627 ($ne).
Removed top 1 bits (of 3) from port B of cell minirisc_ice40_top.$auto$fsm_map.cc:77:implement_pattern_cache$1620 ($eq).
Removed top 2 bits (of 3) from port B of cell minirisc_ice40_top.$auto$fsm_map.cc:77:implement_pattern_cache$1616 ($eq).
Removed top 23 bits (of 32) from port B of cell minirisc_ice40_top.$flatten\fpga_core.\uart_tx_inst.$eq$fpga/rtl/uart_tx.v:94$10 ($eq).
Removed top 31 bits (of 32) from port B of cell minirisc_ice40_top.$flatten\fpga_core.\uart_tx_inst.$add$fpga/rtl/uart_tx.v:208$11 ($add).
Removed top 1 bits (of 2) from port B of cell minirisc_ice40_top.$flatten\fpga_core.\cpu_inst.$procmux$1356_CMP0 ($eq).
Removed top 2 bits (of 3) from port B of cell minirisc_ice40_top.$flatten\fpga_core.\cpu_inst.\u_fsm.$procmux$1256_CMP0 ($eq).
Removed top 1 bits (of 3) from port B of cell minirisc_ice40_top.$flatten\fpga_core.\cpu_inst.\u_fsm.$eq$rtl/control_fsm.v:92$849 ($eq).
Removed top 1 bits (of 3) from port B of cell minirisc_ice40_top.$flatten\fpga_core.\cpu_inst.\u_fsm.$eq$rtl/control_fsm.v:91$848 ($eq).
Removed top 2 bits (of 3) from port B of cell minirisc_ice40_top.$flatten\fpga_core.\cpu_inst.\u_alu.$procmux$1332_CMP0 ($eq).
Removed top 1 bits (of 3) from port B of cell minirisc_ice40_top.$flatten\fpga_core.\cpu_inst.\u_alu.$procmux$1331_CMP0 ($eq).
Removed top 1 bits (of 3) from port B of cell minirisc_ice40_top.$flatten\fpga_core.\cpu_inst.\u_alu.$procmux$1330_CMP0 ($eq).
Removed top 7 bits (of 8) from port B of cell minirisc_ice40_top.$flatten\fpga_core.\cpu_inst.\u_pc.$add$rtl/program_counter.v:23$857 ($add).

19.15. Executing PEEPOPT pass (run peephole optimizers).

19.16. Executing OPT_CLEAN pass (remove unused cells and wires).
Finding unused cells or wires in module \minirisc_ice40_top..

19.17. Executing SHARE pass (SAT-based resource sharing).
Found 3 cells in module minirisc_ice40_top that may be considered for resource sharing.
  Analyzing resource sharing options for $flatten\fpga_core.\cpu_inst.\u_regfile.$memrd$\registers$rtl/register_file.v:20$816 ($memrd):
    Found 6 activation_patterns using ctrl signal { $flatten\fpga_core.\cpu_inst.\u_alu.$procmux$1326_CMP $flatten\fpga_core.\cpu_inst.\u_alu.$procmux$1329_CMP $flatten\fpga_core.\cpu_inst.\u_alu.$procmux$1330_CMP $flatten\fpga_core.\cpu_inst.\u_alu.$procmux$1331_CMP $flatten\fpga_core.\cpu_inst.\u_alu.$procmux$1332_CMP \fpga_core.cpu_inst.memory_write_enable }.
    Found 1 candidates: $flatten\fpga_core.\cpu_inst.\u_regfile.$memrd$\registers$rtl/register_file.v:21$817
    Analyzing resource sharing with $flatten\fpga_core.\cpu_inst.\u_regfile.$memrd$\registers$rtl/register_file.v:21$817 ($memrd):
      Found 6 activation_patterns using ctrl signal { \fpga_core.reset_sync_inst.reset_ff [1] $flatten\fpga_core.\cpu_inst.\u_alu.$procmux$1326_CMP $flatten\fpga_core.\cpu_inst.\u_alu.$procmux$1329_CMP $flatten\fpga_core.\cpu_inst.\u_alu.$procmux$1330_CMP $flatten\fpga_core.\cpu_inst.\u_alu.$procmux$1331_CMP $flatten\fpga_core.\cpu_inst.\u_alu.$procmux$1332_CMP $flatten\fpga_core.\cpu_inst.$procmux$1354_CMP \fpga_core.cpu_inst.register_write_enable }.
      Activation pattern for cell $flatten\fpga_core.\cpu_inst.\u_regfile.$memrd$\registers$rtl/register_file.v:20$816: \fpga_core.cpu_inst.memory_write_enable = 1'1
      Activation pattern for cell $flatten\fpga_core.\cpu_inst.\u_regfile.$memrd$\registers$rtl/register_file.v:20$816: $flatten\fpga_core.\cpu_inst.\u_alu.$procmux$1332_CMP = 1'1
      Activation pattern for cell $flatten\fpga_core.\cpu_inst.\u_regfile.$memrd$\registers$rtl/register_file.v:20$816: $flatten\fpga_core.\cpu_inst.\u_alu.$procmux$1331_CMP = 1'1
      Activation pattern for cell $flatten\fpga_core.\cpu_inst.\u_regfile.$memrd$\registers$rtl/register_file.v:20$816: $flatten\fpga_core.\cpu_inst.\u_alu.$procmux$1330_CMP = 1'1
      Activation pattern for cell $flatten\fpga_core.\cpu_inst.\u_regfile.$memrd$\registers$rtl/register_file.v:20$816: $flatten\fpga_core.\cpu_inst.\u_alu.$procmux$1329_CMP = 1'1
      Activation pattern for cell $flatten\fpga_core.\cpu_inst.\u_regfile.$memrd$\registers$rtl/register_file.v:20$816: $flatten\fpga_core.\cpu_inst.\u_alu.$procmux$1326_CMP = 1'1
      Activation pattern for cell $flatten\fpga_core.\cpu_inst.\u_regfile.$memrd$\registers$rtl/register_file.v:21$817: { \fpga_core.reset_sync_inst.reset_ff [1] $flatten\fpga_core.\cpu_inst.$procmux$1354_CMP \fpga_core.cpu_inst.register_write_enable } = 3'011
      Activation pattern for cell $flatten\fpga_core.\cpu_inst.\u_regfile.$memrd$\registers$rtl/register_file.v:21$817: $flatten\fpga_core.\cpu_inst.\u_alu.$procmux$1332_CMP = 1'1
      Activation pattern for cell $flatten\fpga_core.\cpu_inst.\u_regfile.$memrd$\registers$rtl/register_file.v:21$817: $flatten\fpga_core.\cpu_inst.\u_alu.$procmux$1331_CMP = 1'1
      Activation pattern for cell $flatten\fpga_core.\cpu_inst.\u_regfile.$memrd$\registers$rtl/register_file.v:21$817: $flatten\fpga_core.\cpu_inst.\u_alu.$procmux$1330_CMP = 1'1
      Activation pattern for cell $flatten\fpga_core.\cpu_inst.\u_regfile.$memrd$\registers$rtl/register_file.v:21$817: $flatten\fpga_core.\cpu_inst.\u_alu.$procmux$1329_CMP = 1'1
      Activation pattern for cell $flatten\fpga_core.\cpu_inst.\u_regfile.$memrd$\registers$rtl/register_file.v:21$817: $flatten\fpga_core.\cpu_inst.\u_alu.$procmux$1326_CMP = 1'1
      Size of SAT problem: 10 cells, 127 variables, 350 clauses
      According to the SAT solver this pair of cells can not be shared.
      Model from SAT solver: { \fpga_core.reset_sync_inst.reset_ff [1] $flatten\fpga_core.\cpu_inst.\u_alu.$procmux$1326_CMP $flatten\fpga_core.\cpu_inst.\u_alu.$procmux$1329_CMP $flatten\fpga_core.\cpu_inst.\u_alu.$procmux$1330_CMP $flatten\fpga_core.\cpu_inst.\u_alu.$procmux$1331_CMP $flatten\fpga_core.\cpu_inst.\u_alu.$procmux$1332_CMP $flatten\fpga_core.\cpu_inst.$procmux$1354_CMP \fpga_core.cpu_inst.memory_write_enable \fpga_core.cpu_inst.register_write_enable } = 9'000001000
  Analyzing resource sharing options for $flatten\fpga_core.\cpu_inst.\u_dmem.$memrd$\memory$rtl/data_memory.v:28$277 ($memrd):
    Found 1 activation_patterns using ctrl signal { \fpga_core.reset_sync_inst.reset_ff [1] \fpga_core.cpu_inst.u_dmem.mem_read $flatten\fpga_core.\cpu_inst.$procmux$1355_CMP \fpga_core.cpu_inst.register_write_enable }.
    No candidates found.
  Analyzing resource sharing options for $flatten\fpga_core.\cpu_inst.\u_regfile.$memrd$\registers$rtl/register_file.v:21$817 ($memrd):
    Found 6 activation_patterns using ctrl signal { \fpga_core.reset_sync_inst.reset_ff [1] $flatten\fpga_core.\cpu_inst.\u_alu.$procmux$1326_CMP $flatten\fpga_core.\cpu_inst.\u_alu.$procmux$1329_CMP $flatten\fpga_core.\cpu_inst.\u_alu.$procmux$1330_CMP $flatten\fpga_core.\cpu_inst.\u_alu.$procmux$1331_CMP $flatten\fpga_core.\cpu_inst.\u_alu.$procmux$1332_CMP $flatten\fpga_core.\cpu_inst.$procmux$1354_CMP \fpga_core.cpu_inst.register_write_enable }.
    No candidates found.

19.18. Executing TECHMAP pass (map to technology primitives).

19.18.1. Executing Verilog-2005 frontend: /opt/homebrew/bin/../share/yosys/cmp2lut.v
Parsing Verilog input from `/opt/homebrew/bin/../share/yosys/cmp2lut.v' to AST representation.
Generating RTLIL representation for module `\_90_lut_cmp_'.
Successfully finished Verilog frontend.

19.18.2. Continuing TECHMAP pass.
No more expansions possible.
<suppressed ~6 debug messages>

19.19. Executing OPT_EXPR pass (perform const folding).
Optimizing module minirisc_ice40_top.

19.20. Executing OPT_CLEAN pass (remove unused cells and wires).
Finding unused cells or wires in module \minirisc_ice40_top..

19.21. Executing ALUMACC pass (create $alu and $macc cells).
Extracting $alu and $macc cells in module minirisc_ice40_top:
  creating $macc model for $flatten\fpga_core.\cpu_inst.\u_alu.$sub$rtl/alu.v:21$802 ($sub).
  creating $macc model for $flatten\fpga_core.\cpu_inst.\u_pc.$add$rtl/program_counter.v:23$857 ($add).
  creating $macc model for $flatten\fpga_core.\cpu_inst.\u_alu.$add$rtl/alu.v:17$801 ($add).
  creating $macc model for $flatten\fpga_core.\uart_tx_inst.$add$fpga/rtl/uart_tx.v:208$11 ($add).
  creating $alu model for $macc $flatten\fpga_core.\uart_tx_inst.$add$fpga/rtl/uart_tx.v:208$11.
  creating $alu model for $macc $flatten\fpga_core.\cpu_inst.\u_alu.$add$rtl/alu.v:17$801.
  creating $alu model for $macc $flatten\fpga_core.\cpu_inst.\u_pc.$add$rtl/program_counter.v:23$857.
  creating $alu model for $macc $flatten\fpga_core.\cpu_inst.\u_alu.$sub$rtl/alu.v:21$802.
  creating $alu cell for $flatten\fpga_core.\cpu_inst.\u_alu.$sub$rtl/alu.v:21$802: $auto$alumacc.cc:548:replace_alu$1652
  creating $alu cell for $flatten\fpga_core.\cpu_inst.\u_pc.$add$rtl/program_counter.v:23$857: $auto$alumacc.cc:548:replace_alu$1655
  creating $alu cell for $flatten\fpga_core.\cpu_inst.\u_alu.$add$rtl/alu.v:17$801: $auto$alumacc.cc:548:replace_alu$1658
  creating $alu cell for $flatten\fpga_core.\uart_tx_inst.$add$fpga/rtl/uart_tx.v:208$11: $auto$alumacc.cc:548:replace_alu$1661
  created 4 $alu and 0 $macc cells.

19.22. Executing OPT pass (performing simple optimizations).

19.22.1. Executing OPT_EXPR pass (perform const folding).
Optimizing module minirisc_ice40_top.

19.22.2. Executing OPT_MERGE pass (detect identical cells).
Finding identical cells in module `\minirisc_ice40_top'.
Computing hashes of 397 cells of `\minirisc_ice40_top'.
Finding duplicate cells in `\minirisc_ice40_top'.
Removed a total of 0 cells.

19.22.3. Executing OPT_MUXTREE pass (detect dead branches in mux trees).
Running muxtree optimizer on module \minirisc_ice40_top..
  Creating internal representation of mux trees.
  Evaluating internal representation of mux trees.
  Analyzing evaluation results.
Removed 0 multiplexer ports.
<suppressed ~40 debug messages>

19.22.4. Executing OPT_REDUCE pass (consolidate $*mux and $reduce_* inputs).
  Optimizing cells in module \minirisc_ice40_top.
Performed a total of 0 changes.

19.22.5. Executing OPT_MERGE pass (detect identical cells).
Finding identical cells in module `\minirisc_ice40_top'.
Computing hashes of 397 cells of `\minirisc_ice40_top'.
Finding duplicate cells in `\minirisc_ice40_top'.
Removed a total of 0 cells.

19.22.6. Executing OPT_DFF pass (perform DFF optimizations).

19.22.7. Executing OPT_CLEAN pass (remove unused cells and wires).
Finding unused cells or wires in module \minirisc_ice40_top..

19.22.8. Executing OPT_EXPR pass (perform const folding).
Optimizing module minirisc_ice40_top.

19.22.9. Finished fast OPT passes. (There is nothing left to do.)

19.23. Executing MEMORY pass.

19.23.1. Executing OPT_MEM pass (optimize memories).
minirisc_ice40_top.fpga_core.cpu_inst.u_imem.memory: removing const-0 lane 8
Performed a total of 1 transformations.

19.23.2. Executing OPT_MEM_PRIORITY pass (removing unnecessary memory write priority relations).
Performed a total of 28 transformations.

19.23.3. Executing OPT_MEM_FEEDBACK pass (finding memory read-to-write feedback paths).
  Analyzing minirisc_ice40_top.fpga_core.cpu_inst.u_dmem.memory write port 0.
  Analyzing minirisc_ice40_top.fpga_core.cpu_inst.u_regfile.registers write port 0.
  Analyzing minirisc_ice40_top.fpga_core.cpu_inst.u_regfile.registers write port 1.
  Analyzing minirisc_ice40_top.fpga_core.cpu_inst.u_regfile.registers write port 2.
  Analyzing minirisc_ice40_top.fpga_core.cpu_inst.u_regfile.registers write port 3.
  Analyzing minirisc_ice40_top.fpga_core.cpu_inst.u_regfile.registers write port 4.
  Analyzing minirisc_ice40_top.fpga_core.cpu_inst.u_regfile.registers write port 5.
  Analyzing minirisc_ice40_top.fpga_core.cpu_inst.u_regfile.registers write port 6.
  Analyzing minirisc_ice40_top.fpga_core.cpu_inst.u_regfile.registers write port 7.
  Analyzing minirisc_ice40_top.fpga_core.cpu_inst.u_regfile.registers write port 8.

19.23.4. Executing MEMORY_BMUX2ROM pass (converting muxes to ROMs).

19.23.5. Executing MEMORY_DFF pass (merging $dff cells to $memrd).
Checking read port `\fpga_core.cpu_inst.u_dmem.memory'[0] in module `\minirisc_ice40_top': no output FF found.
Checking read port `\fpga_core.cpu_inst.u_regfile.registers'[0] in module `\minirisc_ice40_top': no output FF found.
Checking read port `\fpga_core.cpu_inst.u_regfile.registers'[1] in module `\minirisc_ice40_top': no output FF found.
Checking read port `$flatten\fpga_core.\cpu_inst.\u_control.$auto$proc_rom.cc:155:do_switch$1239'[0] in module `\minirisc_ice40_top': no output FF found.
Checking read port `\fpga_core.cpu_inst.u_imem.memory'[0] in module `\minirisc_ice40_top': merging output FF to cell.
Checking read port address `\fpga_core.cpu_inst.u_dmem.memory'[0] in module `\minirisc_ice40_top': no address FF found.
Checking read port address `\fpga_core.cpu_inst.u_regfile.registers'[0] in module `\minirisc_ice40_top': no address FF found.
Checking read port address `\fpga_core.cpu_inst.u_regfile.registers'[1] in module `\minirisc_ice40_top': no address FF found.
Checking read port address `$flatten\fpga_core.\cpu_inst.\u_control.$auto$proc_rom.cc:155:do_switch$1239'[0] in module `\minirisc_ice40_top': no address FF found.

19.23.6. Executing OPT_CLEAN pass (remove unused cells and wires).
Finding unused cells or wires in module \minirisc_ice40_top..

19.23.7. Executing MEMORY_SHARE pass (consolidating $memrd/$memwr cells).
Consolidating read ports of memory minirisc_ice40_top.fpga_core.cpu_inst.u_regfile.registers by address:
Consolidating write ports of memory minirisc_ice40_top.fpga_core.cpu_inst.u_regfile.registers by address:
  Merging ports 0, 1 (address 3'000).
  Merging ports 0, 2 (address 3'000).
  Merging ports 0, 3 (address 3'000).
  Merging ports 0, 4 (address 3'000).
  Merging ports 6, 7 (address 3'110).
Consolidating write ports of memory minirisc_ice40_top.fpga_core.cpu_inst.u_regfile.registers by address:
  Merging ports 1, 2 (address 3'101).
Consolidating write ports of memory minirisc_ice40_top.fpga_core.cpu_inst.u_regfile.registers by address:
Consolidating write ports of memory minirisc_ice40_top.fpga_core.cpu_inst.u_regfile.registers using sat-based resource sharing:

19.23.8. Executing OPT_MEM_WIDEN pass (optimize memories where all ports are wide).
Performed a total of 0 transformations.

19.23.9. Executing OPT_CLEAN pass (remove unused cells and wires).
Finding unused cells or wires in module \minirisc_ice40_top..

19.23.10. Executing MEMORY_COLLECT pass (generating $mem cells).

19.24. Executing OPT_CLEAN pass (remove unused cells and wires).
Finding unused cells or wires in module \minirisc_ice40_top..

19.25. Executing MEMORY_LIBMAP pass (mapping memories to cells).
using FF mapping for memory minirisc_ice40_top.fpga_core.cpu_inst.u_dmem.memory
using FF mapping for memory minirisc_ice40_top.fpga_core.cpu_inst.u_regfile.registers
using FF mapping for memory minirisc_ice40_top.$flatten\fpga_core.\cpu_inst.\u_control.$auto$proc_rom.cc:155:do_switch$1239
mapping memory minirisc_ice40_top.fpga_core.cpu_inst.u_imem.memory via $__ICE40_RAM4K_
<suppressed ~103 debug messages>

19.26. Executing TECHMAP pass (map to technology primitives).

19.26.1. Executing Verilog-2005 frontend: /opt/homebrew/bin/../share/yosys/ice40/brams_map.v
Parsing Verilog input from `/opt/homebrew/bin/../share/yosys/ice40/brams_map.v' to AST representation.
Generating RTLIL representation for module `$__ICE40_RAM4K_'.
Successfully finished Verilog frontend.

19.26.2. Executing Verilog-2005 frontend: /opt/homebrew/bin/../share/yosys/ice40/spram_map.v
Parsing Verilog input from `/opt/homebrew/bin/../share/yosys/ice40/spram_map.v' to AST representation.
Generating RTLIL representation for module `$__ICE40_SPRAM_'.
Successfully finished Verilog frontend.

19.26.3. Continuing TECHMAP pass.
Using template $paramod$ce9adc310e7c65fd694098e702789022e3692b02$__ICE40_RAM4K_ for cells of type $__ICE40_RAM4K_.
No more expansions possible.
<suppressed ~26 debug messages>

19.27. Executing ICE40_BRAMINIT pass.

19.28. Executing OPT pass (performing simple optimizations).

19.28.1. Executing OPT_EXPR pass (perform const folding).
Optimizing module minirisc_ice40_top.
<suppressed ~39 debug messages>

19.28.2. Executing OPT_MERGE pass (detect identical cells).
Finding identical cells in module `\minirisc_ice40_top'.
Computing hashes of 117 cells of `\minirisc_ice40_top'.
Finding duplicate cells in `\minirisc_ice40_top'.
Removed a total of 0 cells.

19.28.3. Executing OPT_DFF pass (perform DFF optimizations).
Setting constant 0-bit at position 0 on $auto$ff.cc:337:slice$1643 ($sdffe) from module minirisc_ice40_top.
Setting constant 0-bit at position 1 on $auto$ff.cc:337:slice$1643 ($sdffe) from module minirisc_ice40_top.
Setting constant 0-bit at position 2 on $auto$ff.cc:337:slice$1643 ($sdffe) from module minirisc_ice40_top.
Setting constant 0-bit at position 3 on $auto$ff.cc:337:slice$1643 ($sdffe) from module minirisc_ice40_top.
Setting constant 0-bit at position 4 on $auto$ff.cc:337:slice$1643 ($sdffe) from module minirisc_ice40_top.
Setting constant 0-bit at position 5 on $auto$ff.cc:337:slice$1643 ($sdffe) from module minirisc_ice40_top.
Setting constant 0-bit at position 6 on $auto$ff.cc:337:slice$1643 ($sdffe) from module minirisc_ice40_top.
Setting constant 0-bit at position 7 on $auto$ff.cc:337:slice$1643 ($sdffe) from module minirisc_ice40_top.
Setting constant 0-bit at position 8 on $auto$ff.cc:337:slice$1643 ($sdffe) from module minirisc_ice40_top.
Setting constant 0-bit at position 9 on $auto$ff.cc:337:slice$1643 ($sdffe) from module minirisc_ice40_top.
Setting constant 0-bit at position 10 on $auto$ff.cc:337:slice$1643 ($sdffe) from module minirisc_ice40_top.
Setting constant 0-bit at position 11 on $auto$ff.cc:337:slice$1643 ($sdffe) from module minirisc_ice40_top.
Setting constant 0-bit at position 12 on $auto$ff.cc:337:slice$1643 ($sdffe) from module minirisc_ice40_top.
Setting constant 0-bit at position 13 on $auto$ff.cc:337:slice$1643 ($sdffe) from module minirisc_ice40_top.
Setting constant 0-bit at position 14 on $auto$ff.cc:337:slice$1643 ($sdffe) from module minirisc_ice40_top.
Setting constant 0-bit at position 15 on $auto$ff.cc:337:slice$1643 ($sdffe) from module minirisc_ice40_top.

19.28.4. Executing OPT_CLEAN pass (remove unused cells and wires).
Finding unused cells or wires in module \minirisc_ice40_top..
Removed 1 unused cells and 43 unused wires.
<suppressed ~2 debug messages>

19.28.5. Rerunning OPT passes. (Removed registers in this run.)

19.28.6. Executing OPT_EXPR pass (perform const folding).
Optimizing module minirisc_ice40_top.

19.28.7. Executing OPT_MERGE pass (detect identical cells).
Finding identical cells in module `\minirisc_ice40_top'.
Computing hashes of 115 cells of `\minirisc_ice40_top'.
Finding duplicate cells in `\minirisc_ice40_top'.
Removed a total of 0 cells.

19.28.8. Executing OPT_DFF pass (perform DFF optimizations).

19.28.9. Executing OPT_CLEAN pass (remove unused cells and wires).
Finding unused cells or wires in module \minirisc_ice40_top..

19.28.10. Finished fast OPT passes.

19.29. Executing MEMORY_MAP pass (converting memories to logic and flip-flops).
Mapping memory \fpga_core.cpu_inst.u_dmem.memory in module \minirisc_ice40_top:
  created 256 $dff cells and 0 static cells of width 8.
  read interface: 0 $dff and 255 $mux cells.
  write interface: 256 write mux blocks.
Mapping memory \fpga_core.cpu_inst.u_regfile.registers in module \minirisc_ice40_top:
  created 8 $dff cells and 0 static cells of width 8.
  read interface: 0 $dff and 14 $mux cells.
  write interface: 24 write mux blocks.
Mapping memory $flatten\fpga_core.\cpu_inst.\u_control.$auto$proc_rom.cc:155:do_switch$1239 in module \minirisc_ice40_top:
  created 16 $dff cells and 0 static cells of width 12.
  read interface: 0 $dff and 15 $mux cells.
  write interface: 0 write mux blocks.

19.30. Executing OPT pass (performing simple optimizations).

19.30.1. Executing OPT_EXPR pass (perform const folding).
Optimizing module minirisc_ice40_top.
<suppressed ~50 debug messages>

19.30.2. Executing OPT_MERGE pass (detect identical cells).
Finding identical cells in module `\minirisc_ice40_top'.
Computing hashes of 1522 cells of `\minirisc_ice40_top'.
Finding duplicate cells in `\minirisc_ice40_top'.
Removed a total of 0 cells.

19.30.3. Executing OPT_MUXTREE pass (detect dead branches in mux trees).
Running muxtree optimizer on module \minirisc_ice40_top..
  Creating internal representation of mux trees.
  Evaluating internal representation of mux trees.
  Analyzing evaluation results.
    dead port 1/2 on $mux $memory\fpga_core.cpu_inst.u_regfile.registers$rdmux[1][2][3]$4728.
    dead port 2/2 on $mux $memory\fpga_core.cpu_inst.u_regfile.registers$rdmux[1][2][3]$4728.
    dead port 1/2 on $mux $memory\fpga_core.cpu_inst.u_regfile.registers$rdmux[1][2][2]$4725.
    dead port 2/2 on $mux $memory\fpga_core.cpu_inst.u_regfile.registers$rdmux[1][2][2]$4725.
    dead port 1/2 on $mux $memory\fpga_core.cpu_inst.u_regfile.registers$rdmux[1][1][1]$4716.
    dead port 2/2 on $mux $memory\fpga_core.cpu_inst.u_regfile.registers$rdmux[1][1][1]$4716.
Removed 6 multiplexer ports.
<suppressed ~2898 debug messages>

19.30.4. Executing OPT_REDUCE pass (consolidate $*mux and $reduce_* inputs).
  Optimizing cells in module \minirisc_ice40_top.
    Consolidated identical input bits for $mux cell $memory$flatten\fpga_core.\cpu_inst.\u_control.$auto$proc_rom.cc:155:do_switch$1239$rdmux[0][3][3]$4899:
      Old ports: A=12'000001100011, B=12'000001100100, Y=$memory$flatten\fpga_core.\cpu_inst.\u_control.$auto$proc_rom.cc:155:do_switch$1239$rdmux[0][2][1]$b$4883
      New ports: A=2'01, B=2'10, Y={ $memory$flatten\fpga_core.\cpu_inst.\u_control.$auto$proc_rom.cc:155:do_switch$1239$rdmux[0][2][1]$b$4883 [2] $memory$flatten\fpga_core.\cpu_inst.\u_control.$auto$proc_rom.cc:155:do_switch$1239$rdmux[0][2][1]$b$4883 [0] }
      New connections: { $memory$flatten\fpga_core.\cpu_inst.\u_control.$auto$proc_rom.cc:155:do_switch$1239$rdmux[0][2][1]$b$4883 [11:3] $memory$flatten\fpga_core.\cpu_inst.\u_control.$auto$proc_rom.cc:155:do_switch$1239$rdmux[0][2][1]$b$4883 [1] } = { 9'000001100 $memory$flatten\fpga_core.\cpu_inst.\u_control.$auto$proc_rom.cc:155:do_switch$1239$rdmux[0][2][1]$b$4883 [0] }
    Consolidated identical input bits for $mux cell $memory$flatten\fpga_core.\cpu_inst.\u_control.$auto$proc_rom.cc:155:do_switch$1239$rdmux[0][3][5]$4905:
      Old ports: A=12'001000000000, B=12'010000000000, Y=$memory$flatten\fpga_core.\cpu_inst.\u_control.$auto$proc_rom.cc:155:do_switch$1239$rdmux[0][2][2]$b$4886
      New ports: A=2'01, B=2'10, Y=$memory$flatten\fpga_core.\cpu_inst.\u_control.$auto$proc_rom.cc:155:do_switch$1239$rdmux[0][2][2]$b$4886 [10:9]
      New connections: { $memory$flatten\fpga_core.\cpu_inst.\u_control.$auto$proc_rom.cc:155:do_switch$1239$rdmux[0][2][2]$b$4886 [11] $memory$flatten\fpga_core.\cpu_inst.\u_control.$auto$proc_rom.cc:155:do_switch$1239$rdmux[0][2][2]$b$4886 [8:0] } = 10'0000000000
    Consolidated identical input bits for $mux cell $memory$flatten\fpga_core.\cpu_inst.\u_control.$auto$proc_rom.cc:155:do_switch$1239$rdmux[0][3][4]$4902:
      Old ports: A=12'000010110000, B=12'000100000000, Y=$memory$flatten\fpga_core.\cpu_inst.\u_control.$auto$proc_rom.cc:155:do_switch$1239$rdmux[0][2][2]$a$4885
      New ports: A=2'01, B=2'10, Y={ $memory$flatten\fpga_core.\cpu_inst.\u_control.$auto$proc_rom.cc:155:do_switch$1239$rdmux[0][2][2]$a$4885 [8] $memory$flatten\fpga_core.\cpu_inst.\u_control.$auto$proc_rom.cc:155:do_switch$1239$rdmux[0][2][2]$a$4885 [4] }
      New connections: { $memory$flatten\fpga_core.\cpu_inst.\u_control.$auto$proc_rom.cc:155:do_switch$1239$rdmux[0][2][2]$a$4885 [11:9] $memory$flatten\fpga_core.\cpu_inst.\u_control.$auto$proc_rom.cc:155:do_switch$1239$rdmux[0][2][2]$a$4885 [7:5] $memory$flatten\fpga_core.\cpu_inst.\u_control.$auto$proc_rom.cc:155:do_switch$1239$rdmux[0][2][2]$a$4885 [3:0] } = { 3'000 $memory$flatten\fpga_core.\cpu_inst.\u_control.$auto$proc_rom.cc:155:do_switch$1239$rdmux[0][2][2]$a$4885 [4] 1'0 $memory$flatten\fpga_core.\cpu_inst.\u_control.$auto$proc_rom.cc:155:do_switch$1239$rdmux[0][2][2]$a$4885 [4] 4'0000 }
    Consolidated identical input bits for $mux cell $memory$flatten\fpga_core.\cpu_inst.\u_control.$auto$proc_rom.cc:155:do_switch$1239$rdmux[0][3][2]$4896:
      Old ports: A=12'000001100001, B=12'000001100010, Y=$memory$flatten\fpga_core.\cpu_inst.\u_control.$auto$proc_rom.cc:155:do_switch$1239$rdmux[0][2][1]$a$4882
      New ports: A=2'01, B=2'10, Y=$memory$flatten\fpga_core.\cpu_inst.\u_control.$auto$proc_rom.cc:155:do_switch$1239$rdmux[0][2][1]$a$4882 [1:0]
      New connections: $memory$flatten\fpga_core.\cpu_inst.\u_control.$auto$proc_rom.cc:155:do_switch$1239$rdmux[0][2][1]$a$4882 [11:2] = 10'0000011000
    Consolidated identical input bits for $mux cell $memory$flatten\fpga_core.\cpu_inst.\u_control.$auto$proc_rom.cc:155:do_switch$1239$rdmux[0][3][1]$4893:
      Old ports: A=12'000000111000, B=12'000001100000, Y=$memory$flatten\fpga_core.\cpu_inst.\u_control.$auto$proc_rom.cc:155:do_switch$1239$rdmux[0][2][0]$b$4880
      New ports: A=2'01, B=2'10, Y={ $memory$flatten\fpga_core.\cpu_inst.\u_control.$auto$proc_rom.cc:155:do_switch$1239$rdmux[0][2][0]$b$4880 [6] $memory$flatten\fpga_core.\cpu_inst.\u_control.$auto$proc_rom.cc:155:do_switch$1239$rdmux[0][2][0]$b$4880 [3] }
      New connections: { $memory$flatten\fpga_core.\cpu_inst.\u_control.$auto$proc_rom.cc:155:do_switch$1239$rdmux[0][2][0]$b$4880 [11:7] $memory$flatten\fpga_core.\cpu_inst.\u_control.$auto$proc_rom.cc:155:do_switch$1239$rdmux[0][2][0]$b$4880 [5:4] $memory$flatten\fpga_core.\cpu_inst.\u_control.$auto$proc_rom.cc:155:do_switch$1239$rdmux[0][2][0]$b$4880 [2:0] } = { 6'000001 $memory$flatten\fpga_core.\cpu_inst.\u_control.$auto$proc_rom.cc:155:do_switch$1239$rdmux[0][2][0]$b$4880 [3] 3'000 }
    Consolidated identical input bits for $mux cell $memory$flatten\fpga_core.\cpu_inst.\u_control.$auto$proc_rom.cc:155:do_switch$1239$rdmux[0][3][6]$4908:
      Old ports: A=12'000001000001, B=12'000000000000, Y=$memory$flatten\fpga_core.\cpu_inst.\u_control.$auto$proc_rom.cc:155:do_switch$1239$rdmux[0][2][3]$a$4888
      New ports: A=1'1, B=1'0, Y=$memory$flatten\fpga_core.\cpu_inst.\u_control.$auto$proc_rom.cc:155:do_switch$1239$rdmux[0][2][3]$a$4888 [0]
      New connections: $memory$flatten\fpga_core.\cpu_inst.\u_control.$auto$proc_rom.cc:155:do_switch$1239$rdmux[0][2][3]$a$4888 [11:1] = { 5'00000 $memory$flatten\fpga_core.\cpu_inst.\u_control.$auto$proc_rom.cc:155:do_switch$1239$rdmux[0][2][3]$a$4888 [0] 5'00000 }
    Consolidated identical input bits for $mux cell $memory$flatten\fpga_core.\cpu_inst.\u_control.$auto$proc_rom.cc:155:do_switch$1239$rdmux[0][3][0]$4890:
      Old ports: A=12'000000000000, B=12'000000101000, Y=$memory$flatten\fpga_core.\cpu_inst.\u_control.$auto$proc_rom.cc:155:do_switch$1239$rdmux[0][2][0]$a$4879
      New ports: A=1'0, B=1'1, Y=$memory$flatten\fpga_core.\cpu_inst.\u_control.$auto$proc_rom.cc:155:do_switch$1239$rdmux[0][2][0]$a$4879 [3]
      New connections: { $memory$flatten\fpga_core.\cpu_inst.\u_control.$auto$proc_rom.cc:155:do_switch$1239$rdmux[0][2][0]$a$4879 [11:4] $memory$flatten\fpga_core.\cpu_inst.\u_control.$auto$proc_rom.cc:155:do_switch$1239$rdmux[0][2][0]$a$4879 [2:0] } = { 6'000000 $memory$flatten\fpga_core.\cpu_inst.\u_control.$auto$proc_rom.cc:155:do_switch$1239$rdmux[0][2][0]$a$4879 [3] 4'0000 }
    Consolidated identical input bits for $mux cell $flatten\fpga_core.\cpu_inst.\u_fsm.$procmux$1253:
      Old ports: A=3'010, B=3'100, Y=$flatten\fpga_core.\cpu_inst.\u_fsm.$2\next_state[2:0]
      New ports: A=2'01, B=2'10, Y=$flatten\fpga_core.\cpu_inst.\u_fsm.$2\next_state[2:0] [2:1]
      New connections: $flatten\fpga_core.\cpu_inst.\u_fsm.$2\next_state[2:0] [0] = 1'0
    Consolidated identical input bits for $mux cell $memory$flatten\fpga_core.\cpu_inst.\u_control.$auto$proc_rom.cc:155:do_switch$1239$rdmux[0][3][7]$4911:
      Old ports: A=12'000000000000, B=12'100000000000, Y=$memory$flatten\fpga_core.\cpu_inst.\u_control.$auto$proc_rom.cc:155:do_switch$1239$rdmux[0][2][3]$b$4889
      New ports: A=1'0, B=1'1, Y=$memory$flatten\fpga_core.\cpu_inst.\u_control.$auto$proc_rom.cc:155:do_switch$1239$rdmux[0][2][3]$b$4889 [11]
      New connections: $memory$flatten\fpga_core.\cpu_inst.\u_control.$auto$proc_rom.cc:155:do_switch$1239$rdmux[0][2][3]$b$4889 [10:0] = 11'00000000000
  Optimizing cells in module \minirisc_ice40_top.
    Consolidated identical input bits for $mux cell $memory$flatten\fpga_core.\cpu_inst.\u_control.$auto$proc_rom.cc:155:do_switch$1239$rdmux[0][2][3]$4887:
      Old ports: A=$memory$flatten\fpga_core.\cpu_inst.\u_control.$auto$proc_rom.cc:155:do_switch$1239$rdmux[0][2][3]$a$4888, B=$memory$flatten\fpga_core.\cpu_inst.\u_control.$auto$proc_rom.cc:155:do_switch$1239$rdmux[0][2][3]$b$4889, Y=$memory$flatten\fpga_core.\cpu_inst.\u_control.$auto$proc_rom.cc:155:do_switch$1239$rdmux[0][1][1]$b$4877
      New ports: A={ 1'0 $memory$flatten\fpga_core.\cpu_inst.\u_control.$auto$proc_rom.cc:155:do_switch$1239$rdmux[0][2][3]$a$4888 [0] }, B={ $memory$flatten\fpga_core.\cpu_inst.\u_control.$auto$proc_rom.cc:155:do_switch$1239$rdmux[0][2][3]$b$4889 [11] 1'0 }, Y={ $memory$flatten\fpga_core.\cpu_inst.\u_control.$auto$proc_rom.cc:155:do_switch$1239$rdmux[0][1][1]$b$4877 [11] $memory$flatten\fpga_core.\cpu_inst.\u_control.$auto$proc_rom.cc:155:do_switch$1239$rdmux[0][1][1]$b$4877 [0] }
      New connections: $memory$flatten\fpga_core.\cpu_inst.\u_control.$auto$proc_rom.cc:155:do_switch$1239$rdmux[0][1][1]$b$4877 [10:1] = { 4'0000 $memory$flatten\fpga_core.\cpu_inst.\u_control.$auto$proc_rom.cc:155:do_switch$1239$rdmux[0][1][1]$b$4877 [0] 5'00000 }
    Consolidated identical input bits for $mux cell $memory$flatten\fpga_core.\cpu_inst.\u_control.$auto$proc_rom.cc:155:do_switch$1239$rdmux[0][2][2]$4884:
      Old ports: A=$memory$flatten\fpga_core.\cpu_inst.\u_control.$auto$proc_rom.cc:155:do_switch$1239$rdmux[0][2][2]$a$4885, B=$memory$flatten\fpga_core.\cpu_inst.\u_control.$auto$proc_rom.cc:155:do_switch$1239$rdmux[0][2][2]$b$4886, Y=$memory$flatten\fpga_core.\cpu_inst.\u_control.$auto$proc_rom.cc:155:do_switch$1239$rdmux[0][1][1]$a$4876
      New ports: A={ 2'00 $memory$flatten\fpga_core.\cpu_inst.\u_control.$auto$proc_rom.cc:155:do_switch$1239$rdmux[0][2][2]$a$4885 [8] $memory$flatten\fpga_core.\cpu_inst.\u_control.$auto$proc_rom.cc:155:do_switch$1239$rdmux[0][2][2]$a$4885 [4] }, B={ $memory$flatten\fpga_core.\cpu_inst.\u_control.$auto$proc_rom.cc:155:do_switch$1239$rdmux[0][2][2]$b$4886 [10:9] 2'00 }, Y={ $memory$flatten\fpga_core.\cpu_inst.\u_control.$auto$proc_rom.cc:155:do_switch$1239$rdmux[0][1][1]$a$4876 [10:8] $memory$flatten\fpga_core.\cpu_inst.\u_control.$auto$proc_rom.cc:155:do_switch$1239$rdmux[0][1][1]$a$4876 [4] }
      New connections: { $memory$flatten\fpga_core.\cpu_inst.\u_control.$auto$proc_rom.cc:155:do_switch$1239$rdmux[0][1][1]$a$4876 [11] $memory$flatten\fpga_core.\cpu_inst.\u_control.$auto$proc_rom.cc:155:do_switch$1239$rdmux[0][1][1]$a$4876 [7:5] $memory$flatten\fpga_core.\cpu_inst.\u_control.$auto$proc_rom.cc:155:do_switch$1239$rdmux[0][1][1]$a$4876 [3:0] } = { 1'0 $memory$flatten\fpga_core.\cpu_inst.\u_control.$auto$proc_rom.cc:155:do_switch$1239$rdmux[0][1][1]$a$4876 [4] 1'0 $memory$flatten\fpga_core.\cpu_inst.\u_control.$auto$proc_rom.cc:155:do_switch$1239$rdmux[0][1][1]$a$4876 [4] 4'0000 }
    Consolidated identical input bits for $mux cell $memory$flatten\fpga_core.\cpu_inst.\u_control.$auto$proc_rom.cc:155:do_switch$1239$rdmux[0][2][1]$4881:
      Old ports: A=$memory$flatten\fpga_core.\cpu_inst.\u_control.$auto$proc_rom.cc:155:do_switch$1239$rdmux[0][2][1]$a$4882, B=$memory$flatten\fpga_core.\cpu_inst.\u_control.$auto$proc_rom.cc:155:do_switch$1239$rdmux[0][2][1]$b$4883, Y=$memory$flatten\fpga_core.\cpu_inst.\u_control.$auto$proc_rom.cc:155:do_switch$1239$rdmux[0][1][0]$b$4874
      New ports: A={ 1'0 $memory$flatten\fpga_core.\cpu_inst.\u_control.$auto$proc_rom.cc:155:do_switch$1239$rdmux[0][2][1]$a$4882 [1:0] }, B={ $memory$flatten\fpga_core.\cpu_inst.\u_control.$auto$proc_rom.cc:155:do_switch$1239$rdmux[0][2][1]$b$4883 [2] $memory$flatten\fpga_core.\cpu_inst.\u_control.$auto$proc_rom.cc:155:do_switch$1239$rdmux[0][2][1]$b$4883 [0] $memory$flatten\fpga_core.\cpu_inst.\u_control.$auto$proc_rom.cc:155:do_switch$1239$rdmux[0][2][1]$b$4883 [0] }, Y=$memory$flatten\fpga_core.\cpu_inst.\u_control.$auto$proc_rom.cc:155:do_switch$1239$rdmux[0][1][0]$b$4874 [2:0]
      New connections: $memory$flatten\fpga_core.\cpu_inst.\u_control.$auto$proc_rom.cc:155:do_switch$1239$rdmux[0][1][0]$b$4874 [11:3] = 9'000001100
    Consolidated identical input bits for $mux cell $memory$flatten\fpga_core.\cpu_inst.\u_control.$auto$proc_rom.cc:155:do_switch$1239$rdmux[0][2][0]$4878:
      Old ports: A=$memory$flatten\fpga_core.\cpu_inst.\u_control.$auto$proc_rom.cc:155:do_switch$1239$rdmux[0][2][0]$a$4879, B=$memory$flatten\fpga_core.\cpu_inst.\u_control.$auto$proc_rom.cc:155:do_switch$1239$rdmux[0][2][0]$b$4880, Y=$memory$flatten\fpga_core.\cpu_inst.\u_control.$auto$proc_rom.cc:155:do_switch$1239$rdmux[0][1][0]$a$4873
      New ports: A={ 1'0 $memory$flatten\fpga_core.\cpu_inst.\u_control.$auto$proc_rom.cc:155:do_switch$1239$rdmux[0][2][0]$a$4879 [3] 1'0 $memory$flatten\fpga_core.\cpu_inst.\u_control.$auto$proc_rom.cc:155:do_switch$1239$rdmux[0][2][0]$a$4879 [3] }, B={ $memory$flatten\fpga_core.\cpu_inst.\u_control.$auto$proc_rom.cc:155:do_switch$1239$rdmux[0][2][0]$b$4880 [6] 1'1 $memory$flatten\fpga_core.\cpu_inst.\u_control.$auto$proc_rom.cc:155:do_switch$1239$rdmux[0][2][0]$b$4880 [3] $memory$flatten\fpga_core.\cpu_inst.\u_control.$auto$proc_rom.cc:155:do_switch$1239$rdmux[0][2][0]$b$4880 [3] }, Y=$memory$flatten\fpga_core.\cpu_inst.\u_control.$auto$proc_rom.cc:155:do_switch$1239$rdmux[0][1][0]$a$4873 [6:3]
      New connections: { $memory$flatten\fpga_core.\cpu_inst.\u_control.$auto$proc_rom.cc:155:do_switch$1239$rdmux[0][1][0]$a$4873 [11:7] $memory$flatten\fpga_core.\cpu_inst.\u_control.$auto$proc_rom.cc:155:do_switch$1239$rdmux[0][1][0]$a$4873 [2:0] } = 8'00000000
  Optimizing cells in module \minirisc_ice40_top.
    Consolidated identical input bits for $mux cell $memory$flatten\fpga_core.\cpu_inst.\u_control.$auto$proc_rom.cc:155:do_switch$1239$rdmux[0][1][1]$4875:
      Old ports: A=$memory$flatten\fpga_core.\cpu_inst.\u_control.$auto$proc_rom.cc:155:do_switch$1239$rdmux[0][1][1]$a$4876, B=$memory$flatten\fpga_core.\cpu_inst.\u_control.$auto$proc_rom.cc:155:do_switch$1239$rdmux[0][1][1]$b$4877, Y=$memory$flatten\fpga_core.\cpu_inst.\u_control.$auto$proc_rom.cc:155:do_switch$1239$rdmux[0][0][0]$b$4871
      New ports: A={ 1'0 $memory$flatten\fpga_core.\cpu_inst.\u_control.$auto$proc_rom.cc:155:do_switch$1239$rdmux[0][1][1]$a$4876 [10:8] $memory$flatten\fpga_core.\cpu_inst.\u_control.$auto$proc_rom.cc:155:do_switch$1239$rdmux[0][1][1]$a$4876 [4] 1'0 }, B={ $memory$flatten\fpga_core.\cpu_inst.\u_control.$auto$proc_rom.cc:155:do_switch$1239$rdmux[0][1][1]$b$4877 [11] 4'0000 $memory$flatten\fpga_core.\cpu_inst.\u_control.$auto$proc_rom.cc:155:do_switch$1239$rdmux[0][1][1]$b$4877 [0] }, Y={ $memory$flatten\fpga_core.\cpu_inst.\u_control.$auto$proc_rom.cc:155:do_switch$1239$rdmux[0][0][0]$b$4871 [11:8] $memory$flatten\fpga_core.\cpu_inst.\u_control.$auto$proc_rom.cc:155:do_switch$1239$rdmux[0][0][0]$b$4871 [4] $memory$flatten\fpga_core.\cpu_inst.\u_control.$auto$proc_rom.cc:155:do_switch$1239$rdmux[0][0][0]$b$4871 [0] }
      New connections: { $memory$flatten\fpga_core.\cpu_inst.\u_control.$auto$proc_rom.cc:155:do_switch$1239$rdmux[0][0][0]$b$4871 [7:5] $memory$flatten\fpga_core.\cpu_inst.\u_control.$auto$proc_rom.cc:155:do_switch$1239$rdmux[0][0][0]$b$4871 [3:1] } = { $memory$flatten\fpga_core.\cpu_inst.\u_control.$auto$proc_rom.cc:155:do_switch$1239$rdmux[0][0][0]$b$4871 [4] $memory$flatten\fpga_core.\cpu_inst.\u_control.$auto$proc_rom.cc:155:do_switch$1239$rdmux[0][0][0]$b$4871 [0] $memory$flatten\fpga_core.\cpu_inst.\u_control.$auto$proc_rom.cc:155:do_switch$1239$rdmux[0][0][0]$b$4871 [4] 3'000 }
    Consolidated identical input bits for $mux cell $memory$flatten\fpga_core.\cpu_inst.\u_control.$auto$proc_rom.cc:155:do_switch$1239$rdmux[0][1][0]$4872:
      Old ports: A=$memory$flatten\fpga_core.\cpu_inst.\u_control.$auto$proc_rom.cc:155:do_switch$1239$rdmux[0][1][0]$a$4873, B=$memory$flatten\fpga_core.\cpu_inst.\u_control.$auto$proc_rom.cc:155:do_switch$1239$rdmux[0][1][0]$b$4874, Y=$memory$flatten\fpga_core.\cpu_inst.\u_control.$auto$proc_rom.cc:155:do_switch$1239$rdmux[0][0][0]$a$4870
      New ports: A={ $memory$flatten\fpga_core.\cpu_inst.\u_control.$auto$proc_rom.cc:155:do_switch$1239$rdmux[0][1][0]$a$4873 [6:3] 3'000 }, B={ 4'1100 $memory$flatten\fpga_core.\cpu_inst.\u_control.$auto$proc_rom.cc:155:do_switch$1239$rdmux[0][1][0]$b$4874 [2:0] }, Y=$memory$flatten\fpga_core.\cpu_inst.\u_control.$auto$proc_rom.cc:155:do_switch$1239$rdmux[0][0][0]$a$4870 [6:0]
      New connections: $memory$flatten\fpga_core.\cpu_inst.\u_control.$auto$proc_rom.cc:155:do_switch$1239$rdmux[0][0][0]$a$4870 [11:7] = 5'00000
  Optimizing cells in module \minirisc_ice40_top.
Performed a total of 15 changes.

19.30.5. Executing OPT_MERGE pass (detect identical cells).
Finding identical cells in module `\minirisc_ice40_top'.
Computing hashes of 1519 cells of `\minirisc_ice40_top'.
Finding duplicate cells in `\minirisc_ice40_top'.
Computing hashes of 1514 cells of `\minirisc_ice40_top'.
Finding duplicate cells in `\minirisc_ice40_top'.
<suppressed ~15 debug messages>
Removed a total of 5 cells.

19.30.6. Executing OPT_DFF pass (perform DFF optimizations).

19.30.7. Executing OPT_CLEAN pass (remove unused cells and wires).
Finding unused cells or wires in module \minirisc_ice40_top..
Removed 0 unused cells and 599 unused wires.
<suppressed ~1 debug messages>

19.30.8. Executing OPT_EXPR pass (perform const folding).
Optimizing module minirisc_ice40_top.

19.30.9. Rerunning OPT passes. (Maybe there is more to do..)

19.30.10. Executing OPT_MUXTREE pass (detect dead branches in mux trees).
Running muxtree optimizer on module \minirisc_ice40_top..
  Creating internal representation of mux trees.
  Evaluating internal representation of mux trees.
  Analyzing evaluation results.
Removed 0 multiplexer ports.
<suppressed ~2902 debug messages>

19.30.11. Executing OPT_REDUCE pass (consolidate $*mux and $reduce_* inputs).
  Optimizing cells in module \minirisc_ice40_top.
    Consolidated identical input bits for $mux cell $memory$flatten\fpga_core.\cpu_inst.\u_control.$auto$proc_rom.cc:155:do_switch$1239$rdmux[0][2][1]$4881:
      Old ports: A={ 1'0 $memory$flatten\fpga_core.\cpu_inst.\u_control.$auto$proc_rom.cc:155:do_switch$1239$rdmux[0][2][0]$b$4880 [6] $memory$flatten\fpga_core.\cpu_inst.\u_control.$auto$proc_rom.cc:155:do_switch$1239$rdmux[0][2][0]$b$4880 [3] }, B={ $memory$flatten\fpga_core.\cpu_inst.\u_control.$auto$proc_rom.cc:155:do_switch$1239$rdmux[0][2][0]$b$4880 [6] $memory$flatten\fpga_core.\cpu_inst.\u_control.$auto$proc_rom.cc:155:do_switch$1239$rdmux[0][2][0]$b$4880 [3] $memory$flatten\fpga_core.\cpu_inst.\u_control.$auto$proc_rom.cc:155:do_switch$1239$rdmux[0][2][0]$b$4880 [3] }, Y=$memory$flatten\fpga_core.\cpu_inst.\u_control.$auto$proc_rom.cc:155:do_switch$1239$rdmux[0][1][0]$b$4874 [2:0]
      New ports: A={ 1'0 $memory$flatten\fpga_core.\cpu_inst.\u_control.$auto$proc_rom.cc:155:do_switch$1239$rdmux[0][2][0]$b$4880 [6] }, B={ $memory$flatten\fpga_core.\cpu_inst.\u_control.$auto$proc_rom.cc:155:do_switch$1239$rdmux[0][2][0]$b$4880 [6] $memory$flatten\fpga_core.\cpu_inst.\u_control.$auto$proc_rom.cc:155:do_switch$1239$rdmux[0][2][0]$b$4880 [3] }, Y=$memory$flatten\fpga_core.\cpu_inst.\u_control.$auto$proc_rom.cc:155:do_switch$1239$rdmux[0][1][0]$b$4874 [2:1]
      New connections: $memory$flatten\fpga_core.\cpu_inst.\u_control.$auto$proc_rom.cc:155:do_switch$1239$rdmux[0][1][0]$b$4874 [0] = $memory$flatten\fpga_core.\cpu_inst.\u_control.$auto$proc_rom.cc:155:do_switch$1239$rdmux[0][2][0]$b$4880 [3]
  Optimizing cells in module \minirisc_ice40_top.
Performed a total of 1 changes.

19.30.12. Executing OPT_MERGE pass (detect identical cells).
Finding identical cells in module `\minirisc_ice40_top'.
Computing hashes of 1514 cells of `\minirisc_ice40_top'.
Finding duplicate cells in `\minirisc_ice40_top'.
Removed a total of 0 cells.

19.30.13. Executing OPT_DFF pass (perform DFF optimizations).
Adding EN signal on $memory\fpga_core.cpu_inst.u_dmem.memory[0]$1732 ($dff) from module minirisc_ice40_top (D = \fpga_core.cpu_inst.u_alu.a, Q = \fpga_core.cpu_inst.u_dmem.memory[0]).
Adding EN signal on $memory\fpga_core.cpu_inst.u_dmem.memory[1]$1734 ($dff) from module minirisc_ice40_top (D = \fpga_core.cpu_inst.u_alu.a, Q = \fpga_core.cpu_inst.u_dmem.memory[1]).
Adding EN signal on $memory\fpga_core.cpu_inst.u_dmem.memory[2]$1736 ($dff) from module minirisc_ice40_top (D = \fpga_core.cpu_inst.u_alu.a, Q = \fpga_core.cpu_inst.u_dmem.memory[2]).
Adding EN signal on $memory\fpga_core.cpu_inst.u_dmem.memory[3]$1738 ($dff) from module minirisc_ice40_top (D = \fpga_core.cpu_inst.u_alu.a, Q = \fpga_core.cpu_inst.u_dmem.memory[3]).
Adding EN signal on $memory\fpga_core.cpu_inst.u_dmem.memory[4]$1740 ($dff) from module minirisc_ice40_top (D = \fpga_core.cpu_inst.u_alu.a, Q = \fpga_core.cpu_inst.u_dmem.memory[4]).
Adding EN signal on $memory\fpga_core.cpu_inst.u_dmem.memory[5]$1742 ($dff) from module minirisc_ice40_top (D = \fpga_core.cpu_inst.u_alu.a, Q = \fpga_core.cpu_inst.u_dmem.memory[5]).
Adding EN signal on $memory\fpga_core.cpu_inst.u_dmem.memory[6]$1744 ($dff) from module minirisc_ice40_top (D = \fpga_core.cpu_inst.u_alu.a, Q = \fpga_core.cpu_inst.u_dmem.memory[6]).
Adding EN signal on $memory\fpga_core.cpu_inst.u_dmem.memory[7]$1746 ($dff) from module minirisc_ice40_top (D = \fpga_core.cpu_inst.u_alu.a, Q = \fpga_core.cpu_inst.u_dmem.memory[7]).
Adding EN signal on $memory\fpga_core.cpu_inst.u_dmem.memory[8]$1748 ($dff) from module minirisc_ice40_top (D = \fpga_core.cpu_inst.u_alu.a, Q = \fpga_core.cpu_inst.u_dmem.memory[8]).
Adding EN signal on $memory\fpga_core.cpu_inst.u_dmem.memory[9]$1750 ($dff) from module minirisc_ice40_top (D = \fpga_core.cpu_inst.u_alu.a, Q = \fpga_core.cpu_inst.u_dmem.memory[9]).
Adding EN signal on $memory\fpga_core.cpu_inst.u_dmem.memory[10]$1752 ($dff) from module minirisc_ice40_top (D = \fpga_core.cpu_inst.u_alu.a, Q = \fpga_core.cpu_inst.u_dmem.memory[10]).
Adding EN signal on $memory\fpga_core.cpu_inst.u_dmem.memory[11]$1754 ($dff) from module minirisc_ice40_top (D = \fpga_core.cpu_inst.u_alu.a, Q = \fpga_core.cpu_inst.u_dmem.memory[11]).
Adding EN signal on $memory\fpga_core.cpu_inst.u_dmem.memory[12]$1756 ($dff) from module minirisc_ice40_top (D = \fpga_core.cpu_inst.u_alu.a, Q = \fpga_core.cpu_inst.u_dmem.memory[12]).
Adding EN signal on $memory\fpga_core.cpu_inst.u_dmem.memory[13]$1758 ($dff) from module minirisc_ice40_top (D = \fpga_core.cpu_inst.u_alu.a, Q = \fpga_core.cpu_inst.u_dmem.memory[13]).
Adding EN signal on $memory\fpga_core.cpu_inst.u_dmem.memory[14]$1760 ($dff) from module minirisc_ice40_top (D = \fpga_core.cpu_inst.u_alu.a, Q = \fpga_core.cpu_inst.u_dmem.memory[14]).
Adding EN signal on $memory\fpga_core.cpu_inst.u_dmem.memory[15]$1762 ($dff) from module minirisc_ice40_top (D = \fpga_core.cpu_inst.u_alu.a, Q = \fpga_core.cpu_inst.u_dmem.memory[15]).
Adding EN signal on $memory\fpga_core.cpu_inst.u_dmem.memory[16]$1764 ($dff) from module minirisc_ice40_top (D = \fpga_core.cpu_inst.u_alu.a, Q = \fpga_core.cpu_inst.u_dmem.memory[16]).
Adding EN signal on $memory\fpga_core.cpu_inst.u_dmem.memory[17]$1766 ($dff) from module minirisc_ice40_top (D = \fpga_core.cpu_inst.u_alu.a, Q = \fpga_core.cpu_inst.u_dmem.memory[17]).
Adding EN signal on $memory\fpga_core.cpu_inst.u_dmem.memory[18]$1768 ($dff) from module minirisc_ice40_top (D = \fpga_core.cpu_inst.u_alu.a, Q = \fpga_core.cpu_inst.u_dmem.memory[18]).
Adding EN signal on $memory\fpga_core.cpu_inst.u_dmem.memory[19]$1770 ($dff) from module minirisc_ice40_top (D = \fpga_core.cpu_inst.u_alu.a, Q = \fpga_core.cpu_inst.u_dmem.memory[19]).
Adding EN signal on $memory\fpga_core.cpu_inst.u_dmem.memory[20]$1772 ($dff) from module minirisc_ice40_top (D = \fpga_core.cpu_inst.u_alu.a, Q = \fpga_core.cpu_inst.u_dmem.memory[20]).
Adding EN signal on $memory\fpga_core.cpu_inst.u_dmem.memory[21]$1774 ($dff) from module minirisc_ice40_top (D = \fpga_core.cpu_inst.u_alu.a, Q = \fpga_core.cpu_inst.u_dmem.memory[21]).
Adding EN signal on $memory\fpga_core.cpu_inst.u_dmem.memory[22]$1776 ($dff) from module minirisc_ice40_top (D = \fpga_core.cpu_inst.u_alu.a, Q = \fpga_core.cpu_inst.u_dmem.memory[22]).
Adding EN signal on $memory\fpga_core.cpu_inst.u_dmem.memory[23]$1778 ($dff) from module minirisc_ice40_top (D = \fpga_core.cpu_inst.u_alu.a, Q = \fpga_core.cpu_inst.u_dmem.memory[23]).
Adding EN signal on $memory\fpga_core.cpu_inst.u_dmem.memory[24]$1780 ($dff) from module minirisc_ice40_top (D = \fpga_core.cpu_inst.u_alu.a, Q = \fpga_core.cpu_inst.u_dmem.memory[24]).
Adding EN signal on $memory\fpga_core.cpu_inst.u_dmem.memory[25]$1782 ($dff) from module minirisc_ice40_top (D = \fpga_core.cpu_inst.u_alu.a, Q = \fpga_core.cpu_inst.u_dmem.memory[25]).
Adding EN signal on $memory\fpga_core.cpu_inst.u_dmem.memory[26]$1784 ($dff) from module minirisc_ice40_top (D = \fpga_core.cpu_inst.u_alu.a, Q = \fpga_core.cpu_inst.u_dmem.memory[26]).
Adding EN signal on $memory\fpga_core.cpu_inst.u_dmem.memory[27]$1786 ($dff) from module minirisc_ice40_top (D = \fpga_core.cpu_inst.u_alu.a, Q = \fpga_core.cpu_inst.u_dmem.memory[27]).
Adding EN signal on $memory\fpga_core.cpu_inst.u_dmem.memory[28]$1788 ($dff) from module minirisc_ice40_top (D = \fpga_core.cpu_inst.u_alu.a, Q = \fpga_core.cpu_inst.u_dmem.memory[28]).
Adding EN signal on $memory\fpga_core.cpu_inst.u_dmem.memory[29]$1790 ($dff) from module minirisc_ice40_top (D = \fpga_core.cpu_inst.u_alu.a, Q = \fpga_core.cpu_inst.u_dmem.memory[29]).
Adding EN signal on $memory\fpga_core.cpu_inst.u_dmem.memory[30]$1792 ($dff) from module minirisc_ice40_top (D = \fpga_core.cpu_inst.u_alu.a, Q = \fpga_core.cpu_inst.u_dmem.memory[30]).
Adding EN signal on $memory\fpga_core.cpu_inst.u_dmem.memory[31]$1794 ($dff) from module minirisc_ice40_top (D = \fpga_core.cpu_inst.u_alu.a, Q = \fpga_core.cpu_inst.u_dmem.memory[31]).
Adding EN signal on $memory\fpga_core.cpu_inst.u_dmem.memory[32]$1796 ($dff) from module minirisc_ice40_top (D = \fpga_core.cpu_inst.u_alu.a, Q = \fpga_core.cpu_inst.u_dmem.memory[32]).
Adding EN signal on $memory\fpga_core.cpu_inst.u_dmem.memory[33]$1798 ($dff) from module minirisc_ice40_top (D = \fpga_core.cpu_inst.u_alu.a, Q = \fpga_core.cpu_inst.u_dmem.memory[33]).
Adding EN signal on $memory\fpga_core.cpu_inst.u_dmem.memory[34]$1800 ($dff) from module minirisc_ice40_top (D = \fpga_core.cpu_inst.u_alu.a, Q = \fpga_core.cpu_inst.u_dmem.memory[34]).
Adding EN signal on $memory\fpga_core.cpu_inst.u_dmem.memory[35]$1802 ($dff) from module minirisc_ice40_top (D = \fpga_core.cpu_inst.u_alu.a, Q = \fpga_core.cpu_inst.u_dmem.memory[35]).
Adding EN signal on $memory\fpga_core.cpu_inst.u_dmem.memory[36]$1804 ($dff) from module minirisc_ice40_top (D = \fpga_core.cpu_inst.u_alu.a, Q = \fpga_core.cpu_inst.u_dmem.memory[36]).
Adding EN signal on $memory\fpga_core.cpu_inst.u_dmem.memory[37]$1806 ($dff) from module minirisc_ice40_top (D = \fpga_core.cpu_inst.u_alu.a, Q = \fpga_core.cpu_inst.u_dmem.memory[37]).
Adding EN signal on $memory\fpga_core.cpu_inst.u_dmem.memory[38]$1808 ($dff) from module minirisc_ice40_top (D = \fpga_core.cpu_inst.u_alu.a, Q = \fpga_core.cpu_inst.u_dmem.memory[38]).
Adding EN signal on $memory\fpga_core.cpu_inst.u_dmem.memory[39]$1810 ($dff) from module minirisc_ice40_top (D = \fpga_core.cpu_inst.u_alu.a, Q = \fpga_core.cpu_inst.u_dmem.memory[39]).
Adding EN signal on $memory\fpga_core.cpu_inst.u_dmem.memory[40]$1812 ($dff) from module minirisc_ice40_top (D = \fpga_core.cpu_inst.u_alu.a, Q = \fpga_core.cpu_inst.u_dmem.memory[40]).
Adding EN signal on $memory\fpga_core.cpu_inst.u_dmem.memory[41]$1814 ($dff) from module minirisc_ice40_top (D = \fpga_core.cpu_inst.u_alu.a, Q = \fpga_core.cpu_inst.u_dmem.memory[41]).
Adding EN signal on $memory\fpga_core.cpu_inst.u_dmem.memory[42]$1816 ($dff) from module minirisc_ice40_top (D = \fpga_core.cpu_inst.u_alu.a, Q = \fpga_core.cpu_inst.u_dmem.memory[42]).
Adding EN signal on $memory\fpga_core.cpu_inst.u_dmem.memory[43]$1818 ($dff) from module minirisc_ice40_top (D = \fpga_core.cpu_inst.u_alu.a, Q = \fpga_core.cpu_inst.u_dmem.memory[43]).
Adding EN signal on $memory\fpga_core.cpu_inst.u_dmem.memory[44]$1820 ($dff) from module minirisc_ice40_top (D = \fpga_core.cpu_inst.u_alu.a, Q = \fpga_core.cpu_inst.u_dmem.memory[44]).
Adding EN signal on $memory\fpga_core.cpu_inst.u_dmem.memory[45]$1822 ($dff) from module minirisc_ice40_top (D = \fpga_core.cpu_inst.u_alu.a, Q = \fpga_core.cpu_inst.u_dmem.memory[45]).
Adding EN signal on $memory\fpga_core.cpu_inst.u_dmem.memory[46]$1824 ($dff) from module minirisc_ice40_top (D = \fpga_core.cpu_inst.u_alu.a, Q = \fpga_core.cpu_inst.u_dmem.memory[46]).
Adding EN signal on $memory\fpga_core.cpu_inst.u_dmem.memory[47]$1826 ($dff) from module minirisc_ice40_top (D = \fpga_core.cpu_inst.u_alu.a, Q = \fpga_core.cpu_inst.u_dmem.memory[47]).
Adding EN signal on $memory\fpga_core.cpu_inst.u_dmem.memory[48]$1828 ($dff) from module minirisc_ice40_top (D = \fpga_core.cpu_inst.u_alu.a, Q = \fpga_core.cpu_inst.u_dmem.memory[48]).
Adding EN signal on $memory\fpga_core.cpu_inst.u_dmem.memory[49]$1830 ($dff) from module minirisc_ice40_top (D = \fpga_core.cpu_inst.u_alu.a, Q = \fpga_core.cpu_inst.u_dmem.memory[49]).
Adding EN signal on $memory\fpga_core.cpu_inst.u_dmem.memory[50]$1832 ($dff) from module minirisc_ice40_top (D = \fpga_core.cpu_inst.u_alu.a, Q = \fpga_core.cpu_inst.u_dmem.memory[50]).
Adding EN signal on $memory\fpga_core.cpu_inst.u_dmem.memory[51]$1834 ($dff) from module minirisc_ice40_top (D = \fpga_core.cpu_inst.u_alu.a, Q = \fpga_core.cpu_inst.u_dmem.memory[51]).
Adding EN signal on $memory\fpga_core.cpu_inst.u_dmem.memory[52]$1836 ($dff) from module minirisc_ice40_top (D = \fpga_core.cpu_inst.u_alu.a, Q = \fpga_core.cpu_inst.u_dmem.memory[52]).
Adding EN signal on $memory\fpga_core.cpu_inst.u_dmem.memory[53]$1838 ($dff) from module minirisc_ice40_top (D = \fpga_core.cpu_inst.u_alu.a, Q = \fpga_core.cpu_inst.u_dmem.memory[53]).
Adding EN signal on $memory\fpga_core.cpu_inst.u_dmem.memory[54]$1840 ($dff) from module minirisc_ice40_top (D = \fpga_core.cpu_inst.u_alu.a, Q = \fpga_core.cpu_inst.u_dmem.memory[54]).
Adding EN signal on $memory\fpga_core.cpu_inst.u_dmem.memory[55]$1842 ($dff) from module minirisc_ice40_top (D = \fpga_core.cpu_inst.u_alu.a, Q = \fpga_core.cpu_inst.u_dmem.memory[55]).
Adding EN signal on $memory\fpga_core.cpu_inst.u_dmem.memory[56]$1844 ($dff) from module minirisc_ice40_top (D = \fpga_core.cpu_inst.u_alu.a, Q = \fpga_core.cpu_inst.u_dmem.memory[56]).
Adding EN signal on $memory\fpga_core.cpu_inst.u_dmem.memory[57]$1846 ($dff) from module minirisc_ice40_top (D = \fpga_core.cpu_inst.u_alu.a, Q = \fpga_core.cpu_inst.u_dmem.memory[57]).
Adding EN signal on $memory\fpga_core.cpu_inst.u_dmem.memory[58]$1848 ($dff) from module minirisc_ice40_top (D = \fpga_core.cpu_inst.u_alu.a, Q = \fpga_core.cpu_inst.u_dmem.memory[58]).
Adding EN signal on $memory\fpga_core.cpu_inst.u_dmem.memory[59]$1850 ($dff) from module minirisc_ice40_top (D = \fpga_core.cpu_inst.u_alu.a, Q = \fpga_core.cpu_inst.u_dmem.memory[59]).
Adding EN signal on $memory\fpga_core.cpu_inst.u_dmem.memory[60]$1852 ($dff) from module minirisc_ice40_top (D = \fpga_core.cpu_inst.u_alu.a, Q = \fpga_core.cpu_inst.u_dmem.memory[60]).
Adding EN signal on $memory\fpga_core.cpu_inst.u_dmem.memory[61]$1854 ($dff) from module minirisc_ice40_top (D = \fpga_core.cpu_inst.u_alu.a, Q = \fpga_core.cpu_inst.u_dmem.memory[61]).
Adding EN signal on $memory\fpga_core.cpu_inst.u_dmem.memory[62]$1856 ($dff) from module minirisc_ice40_top (D = \fpga_core.cpu_inst.u_alu.a, Q = \fpga_core.cpu_inst.u_dmem.memory[62]).
Adding EN signal on $memory\fpga_core.cpu_inst.u_dmem.memory[63]$1858 ($dff) from module minirisc_ice40_top (D = \fpga_core.cpu_inst.u_alu.a, Q = \fpga_core.cpu_inst.u_dmem.memory[63]).
Adding EN signal on $memory\fpga_core.cpu_inst.u_dmem.memory[64]$1860 ($dff) from module minirisc_ice40_top (D = \fpga_core.cpu_inst.u_alu.a, Q = \fpga_core.cpu_inst.u_dmem.memory[64]).
Adding EN signal on $memory\fpga_core.cpu_inst.u_dmem.memory[65]$1862 ($dff) from module minirisc_ice40_top (D = \fpga_core.cpu_inst.u_alu.a, Q = \fpga_core.cpu_inst.u_dmem.memory[65]).
Adding EN signal on $memory\fpga_core.cpu_inst.u_dmem.memory[66]$1864 ($dff) from module minirisc_ice40_top (D = \fpga_core.cpu_inst.u_alu.a, Q = \fpga_core.cpu_inst.u_dmem.memory[66]).
Adding EN signal on $memory\fpga_core.cpu_inst.u_dmem.memory[67]$1866 ($dff) from module minirisc_ice40_top (D = \fpga_core.cpu_inst.u_alu.a, Q = \fpga_core.cpu_inst.u_dmem.memory[67]).
Adding EN signal on $memory\fpga_core.cpu_inst.u_dmem.memory[68]$1868 ($dff) from module minirisc_ice40_top (D = \fpga_core.cpu_inst.u_alu.a, Q = \fpga_core.cpu_inst.u_dmem.memory[68]).
Adding EN signal on $memory\fpga_core.cpu_inst.u_dmem.memory[69]$1870 ($dff) from module minirisc_ice40_top (D = \fpga_core.cpu_inst.u_alu.a, Q = \fpga_core.cpu_inst.u_dmem.memory[69]).
Adding EN signal on $memory\fpga_core.cpu_inst.u_dmem.memory[70]$1872 ($dff) from module minirisc_ice40_top (D = \fpga_core.cpu_inst.u_alu.a, Q = \fpga_core.cpu_inst.u_dmem.memory[70]).
Adding EN signal on $memory\fpga_core.cpu_inst.u_dmem.memory[71]$1874 ($dff) from module minirisc_ice40_top (D = \fpga_core.cpu_inst.u_alu.a, Q = \fpga_core.cpu_inst.u_dmem.memory[71]).
Adding EN signal on $memory\fpga_core.cpu_inst.u_dmem.memory[72]$1876 ($dff) from module minirisc_ice40_top (D = \fpga_core.cpu_inst.u_alu.a, Q = \fpga_core.cpu_inst.u_dmem.memory[72]).
Adding EN signal on $memory\fpga_core.cpu_inst.u_dmem.memory[73]$1878 ($dff) from module minirisc_ice40_top (D = \fpga_core.cpu_inst.u_alu.a, Q = \fpga_core.cpu_inst.u_dmem.memory[73]).
Adding EN signal on $memory\fpga_core.cpu_inst.u_dmem.memory[74]$1880 ($dff) from module minirisc_ice40_top (D = \fpga_core.cpu_inst.u_alu.a, Q = \fpga_core.cpu_inst.u_dmem.memory[74]).
Adding EN signal on $memory\fpga_core.cpu_inst.u_dmem.memory[75]$1882 ($dff) from module minirisc_ice40_top (D = \fpga_core.cpu_inst.u_alu.a, Q = \fpga_core.cpu_inst.u_dmem.memory[75]).
Adding EN signal on $memory\fpga_core.cpu_inst.u_dmem.memory[76]$1884 ($dff) from module minirisc_ice40_top (D = \fpga_core.cpu_inst.u_alu.a, Q = \fpga_core.cpu_inst.u_dmem.memory[76]).
Adding EN signal on $memory\fpga_core.cpu_inst.u_dmem.memory[77]$1886 ($dff) from module minirisc_ice40_top (D = \fpga_core.cpu_inst.u_alu.a, Q = \fpga_core.cpu_inst.u_dmem.memory[77]).
Adding EN signal on $memory\fpga_core.cpu_inst.u_dmem.memory[78]$1888 ($dff) from module minirisc_ice40_top (D = \fpga_core.cpu_inst.u_alu.a, Q = \fpga_core.cpu_inst.u_dmem.memory[78]).
Adding EN signal on $memory\fpga_core.cpu_inst.u_dmem.memory[79]$1890 ($dff) from module minirisc_ice40_top (D = \fpga_core.cpu_inst.u_alu.a, Q = \fpga_core.cpu_inst.u_dmem.memory[79]).
Adding EN signal on $memory\fpga_core.cpu_inst.u_dmem.memory[80]$1892 ($dff) from module minirisc_ice40_top (D = \fpga_core.cpu_inst.u_alu.a, Q = \fpga_core.cpu_inst.u_dmem.memory[80]).
Adding EN signal on $memory\fpga_core.cpu_inst.u_dmem.memory[81]$1894 ($dff) from module minirisc_ice40_top (D = \fpga_core.cpu_inst.u_alu.a, Q = \fpga_core.cpu_inst.u_dmem.memory[81]).
Adding EN signal on $memory\fpga_core.cpu_inst.u_dmem.memory[82]$1896 ($dff) from module minirisc_ice40_top (D = \fpga_core.cpu_inst.u_alu.a, Q = \fpga_core.cpu_inst.u_dmem.memory[82]).
Adding EN signal on $memory\fpga_core.cpu_inst.u_dmem.memory[83]$1898 ($dff) from module minirisc_ice40_top (D = \fpga_core.cpu_inst.u_alu.a, Q = \fpga_core.cpu_inst.u_dmem.memory[83]).
Adding EN signal on $memory\fpga_core.cpu_inst.u_dmem.memory[84]$1900 ($dff) from module minirisc_ice40_top (D = \fpga_core.cpu_inst.u_alu.a, Q = \fpga_core.cpu_inst.u_dmem.memory[84]).
Adding EN signal on $memory\fpga_core.cpu_inst.u_dmem.memory[85]$1902 ($dff) from module minirisc_ice40_top (D = \fpga_core.cpu_inst.u_alu.a, Q = \fpga_core.cpu_inst.u_dmem.memory[85]).
Adding EN signal on $memory\fpga_core.cpu_inst.u_dmem.memory[86]$1904 ($dff) from module minirisc_ice40_top (D = \fpga_core.cpu_inst.u_alu.a, Q = \fpga_core.cpu_inst.u_dmem.memory[86]).
Adding EN signal on $memory\fpga_core.cpu_inst.u_dmem.memory[87]$1906 ($dff) from module minirisc_ice40_top (D = \fpga_core.cpu_inst.u_alu.a, Q = \fpga_core.cpu_inst.u_dmem.memory[87]).
Adding EN signal on $memory\fpga_core.cpu_inst.u_dmem.memory[88]$1908 ($dff) from module minirisc_ice40_top (D = \fpga_core.cpu_inst.u_alu.a, Q = \fpga_core.cpu_inst.u_dmem.memory[88]).
Adding EN signal on $memory\fpga_core.cpu_inst.u_dmem.memory[89]$1910 ($dff) from module minirisc_ice40_top (D = \fpga_core.cpu_inst.u_alu.a, Q = \fpga_core.cpu_inst.u_dmem.memory[89]).
Adding EN signal on $memory\fpga_core.cpu_inst.u_dmem.memory[90]$1912 ($dff) from module minirisc_ice40_top (D = \fpga_core.cpu_inst.u_alu.a, Q = \fpga_core.cpu_inst.u_dmem.memory[90]).
Adding EN signal on $memory\fpga_core.cpu_inst.u_dmem.memory[91]$1914 ($dff) from module minirisc_ice40_top (D = \fpga_core.cpu_inst.u_alu.a, Q = \fpga_core.cpu_inst.u_dmem.memory[91]).
Adding EN signal on $memory\fpga_core.cpu_inst.u_dmem.memory[92]$1916 ($dff) from module minirisc_ice40_top (D = \fpga_core.cpu_inst.u_alu.a, Q = \fpga_core.cpu_inst.u_dmem.memory[92]).
Adding EN signal on $memory\fpga_core.cpu_inst.u_dmem.memory[93]$1918 ($dff) from module minirisc_ice40_top (D = \fpga_core.cpu_inst.u_alu.a, Q = \fpga_core.cpu_inst.u_dmem.memory[93]).
Adding EN signal on $memory\fpga_core.cpu_inst.u_dmem.memory[94]$1920 ($dff) from module minirisc_ice40_top (D = \fpga_core.cpu_inst.u_alu.a, Q = \fpga_core.cpu_inst.u_dmem.memory[94]).
Adding EN signal on $memory\fpga_core.cpu_inst.u_dmem.memory[95]$1922 ($dff) from module minirisc_ice40_top (D = \fpga_core.cpu_inst.u_alu.a, Q = \fpga_core.cpu_inst.u_dmem.memory[95]).
Adding EN signal on $memory\fpga_core.cpu_inst.u_dmem.memory[96]$1924 ($dff) from module minirisc_ice40_top (D = \fpga_core.cpu_inst.u_alu.a, Q = \fpga_core.cpu_inst.u_dmem.memory[96]).
Adding EN signal on $memory\fpga_core.cpu_inst.u_dmem.memory[97]$1926 ($dff) from module minirisc_ice40_top (D = \fpga_core.cpu_inst.u_alu.a, Q = \fpga_core.cpu_inst.u_dmem.memory[97]).
Adding EN signal on $memory\fpga_core.cpu_inst.u_dmem.memory[98]$1928 ($dff) from module minirisc_ice40_top (D = \fpga_core.cpu_inst.u_alu.a, Q = \fpga_core.cpu_inst.u_dmem.memory[98]).
Adding EN signal on $memory\fpga_core.cpu_inst.u_dmem.memory[99]$1930 ($dff) from module minirisc_ice40_top (D = \fpga_core.cpu_inst.u_alu.a, Q = \fpga_core.cpu_inst.u_dmem.memory[99]).
Adding EN signal on $memory\fpga_core.cpu_inst.u_dmem.memory[100]$1932 ($dff) from module minirisc_ice40_top (D = \fpga_core.cpu_inst.u_alu.a, Q = \fpga_core.cpu_inst.u_dmem.memory[100]).
Adding EN signal on $memory\fpga_core.cpu_inst.u_dmem.memory[101]$1934 ($dff) from module minirisc_ice40_top (D = \fpga_core.cpu_inst.u_alu.a, Q = \fpga_core.cpu_inst.u_dmem.memory[101]).
Adding EN signal on $memory\fpga_core.cpu_inst.u_dmem.memory[102]$1936 ($dff) from module minirisc_ice40_top (D = \fpga_core.cpu_inst.u_alu.a, Q = \fpga_core.cpu_inst.u_dmem.memory[102]).
Adding EN signal on $memory\fpga_core.cpu_inst.u_dmem.memory[103]$1938 ($dff) from module minirisc_ice40_top (D = \fpga_core.cpu_inst.u_alu.a, Q = \fpga_core.cpu_inst.u_dmem.memory[103]).
Adding EN signal on $memory\fpga_core.cpu_inst.u_dmem.memory[104]$1940 ($dff) from module minirisc_ice40_top (D = \fpga_core.cpu_inst.u_alu.a, Q = \fpga_core.cpu_inst.u_dmem.memory[104]).
Adding EN signal on $memory\fpga_core.cpu_inst.u_dmem.memory[105]$1942 ($dff) from module minirisc_ice40_top (D = \fpga_core.cpu_inst.u_alu.a, Q = \fpga_core.cpu_inst.u_dmem.memory[105]).
Adding EN signal on $memory\fpga_core.cpu_inst.u_dmem.memory[106]$1944 ($dff) from module minirisc_ice40_top (D = \fpga_core.cpu_inst.u_alu.a, Q = \fpga_core.cpu_inst.u_dmem.memory[106]).
Adding EN signal on $memory\fpga_core.cpu_inst.u_dmem.memory[107]$1946 ($dff) from module minirisc_ice40_top (D = \fpga_core.cpu_inst.u_alu.a, Q = \fpga_core.cpu_inst.u_dmem.memory[107]).
Adding EN signal on $memory\fpga_core.cpu_inst.u_dmem.memory[108]$1948 ($dff) from module minirisc_ice40_top (D = \fpga_core.cpu_inst.u_alu.a, Q = \fpga_core.cpu_inst.u_dmem.memory[108]).
Adding EN signal on $memory\fpga_core.cpu_inst.u_dmem.memory[109]$1950 ($dff) from module minirisc_ice40_top (D = \fpga_core.cpu_inst.u_alu.a, Q = \fpga_core.cpu_inst.u_dmem.memory[109]).
Adding EN signal on $memory\fpga_core.cpu_inst.u_dmem.memory[110]$1952 ($dff) from module minirisc_ice40_top (D = \fpga_core.cpu_inst.u_alu.a, Q = \fpga_core.cpu_inst.u_dmem.memory[110]).
Adding EN signal on $memory\fpga_core.cpu_inst.u_dmem.memory[111]$1954 ($dff) from module minirisc_ice40_top (D = \fpga_core.cpu_inst.u_alu.a, Q = \fpga_core.cpu_inst.u_dmem.memory[111]).
Adding EN signal on $memory\fpga_core.cpu_inst.u_dmem.memory[112]$1956 ($dff) from module minirisc_ice40_top (D = \fpga_core.cpu_inst.u_alu.a, Q = \fpga_core.cpu_inst.u_dmem.memory[112]).
Adding EN signal on $memory\fpga_core.cpu_inst.u_dmem.memory[113]$1958 ($dff) from module minirisc_ice40_top (D = \fpga_core.cpu_inst.u_alu.a, Q = \fpga_core.cpu_inst.u_dmem.memory[113]).
Adding EN signal on $memory\fpga_core.cpu_inst.u_dmem.memory[114]$1960 ($dff) from module minirisc_ice40_top (D = \fpga_core.cpu_inst.u_alu.a, Q = \fpga_core.cpu_inst.u_dmem.memory[114]).
Adding EN signal on $memory\fpga_core.cpu_inst.u_dmem.memory[115]$1962 ($dff) from module minirisc_ice40_top (D = \fpga_core.cpu_inst.u_alu.a, Q = \fpga_core.cpu_inst.u_dmem.memory[115]).
Adding EN signal on $memory\fpga_core.cpu_inst.u_dmem.memory[116]$1964 ($dff) from module minirisc_ice40_top (D = \fpga_core.cpu_inst.u_alu.a, Q = \fpga_core.cpu_inst.u_dmem.memory[116]).
Adding EN signal on $memory\fpga_core.cpu_inst.u_dmem.memory[117]$1966 ($dff) from module minirisc_ice40_top (D = \fpga_core.cpu_inst.u_alu.a, Q = \fpga_core.cpu_inst.u_dmem.memory[117]).
Adding EN signal on $memory\fpga_core.cpu_inst.u_dmem.memory[118]$1968 ($dff) from module minirisc_ice40_top (D = \fpga_core.cpu_inst.u_alu.a, Q = \fpga_core.cpu_inst.u_dmem.memory[118]).
Adding EN signal on $memory\fpga_core.cpu_inst.u_dmem.memory[119]$1970 ($dff) from module minirisc_ice40_top (D = \fpga_core.cpu_inst.u_alu.a, Q = \fpga_core.cpu_inst.u_dmem.memory[119]).
Adding EN signal on $memory\fpga_core.cpu_inst.u_dmem.memory[120]$1972 ($dff) from module minirisc_ice40_top (D = \fpga_core.cpu_inst.u_alu.a, Q = \fpga_core.cpu_inst.u_dmem.memory[120]).
Adding EN signal on $memory\fpga_core.cpu_inst.u_dmem.memory[121]$1974 ($dff) from module minirisc_ice40_top (D = \fpga_core.cpu_inst.u_alu.a, Q = \fpga_core.cpu_inst.u_dmem.memory[121]).
Adding EN signal on $memory\fpga_core.cpu_inst.u_dmem.memory[122]$1976 ($dff) from module minirisc_ice40_top (D = \fpga_core.cpu_inst.u_alu.a, Q = \fpga_core.cpu_inst.u_dmem.memory[122]).
Adding EN signal on $memory\fpga_core.cpu_inst.u_dmem.memory[123]$1978 ($dff) from module minirisc_ice40_top (D = \fpga_core.cpu_inst.u_alu.a, Q = \fpga_core.cpu_inst.u_dmem.memory[123]).
Adding EN signal on $memory\fpga_core.cpu_inst.u_dmem.memory[124]$1980 ($dff) from module minirisc_ice40_top (D = \fpga_core.cpu_inst.u_alu.a, Q = \fpga_core.cpu_inst.u_dmem.memory[124]).
Adding EN signal on $memory\fpga_core.cpu_inst.u_dmem.memory[125]$1982 ($dff) from module minirisc_ice40_top (D = \fpga_core.cpu_inst.u_alu.a, Q = \fpga_core.cpu_inst.u_dmem.memory[125]).
Adding EN signal on $memory\fpga_core.cpu_inst.u_dmem.memory[126]$1984 ($dff) from module minirisc_ice40_top (D = \fpga_core.cpu_inst.u_alu.a, Q = \fpga_core.cpu_inst.u_dmem.memory[126]).
Adding EN signal on $memory\fpga_core.cpu_inst.u_dmem.memory[127]$1986 ($dff) from module minirisc_ice40_top (D = \fpga_core.cpu_inst.u_alu.a, Q = \fpga_core.cpu_inst.u_dmem.memory[127]).
Adding EN signal on $memory\fpga_core.cpu_inst.u_dmem.memory[128]$1988 ($dff) from module minirisc_ice40_top (D = \fpga_core.cpu_inst.u_alu.a, Q = \fpga_core.cpu_inst.u_dmem.memory[128]).
Adding EN signal on $memory\fpga_core.cpu_inst.u_dmem.memory[129]$1990 ($dff) from module minirisc_ice40_top (D = \fpga_core.cpu_inst.u_alu.a, Q = \fpga_core.cpu_inst.u_dmem.memory[129]).
Adding EN signal on $memory\fpga_core.cpu_inst.u_dmem.memory[130]$1992 ($dff) from module minirisc_ice40_top (D = \fpga_core.cpu_inst.u_alu.a, Q = \fpga_core.cpu_inst.u_dmem.memory[130]).
Adding EN signal on $memory\fpga_core.cpu_inst.u_dmem.memory[131]$1994 ($dff) from module minirisc_ice40_top (D = \fpga_core.cpu_inst.u_alu.a, Q = \fpga_core.cpu_inst.u_dmem.memory[131]).
Adding EN signal on $memory\fpga_core.cpu_inst.u_dmem.memory[132]$1996 ($dff) from module minirisc_ice40_top (D = \fpga_core.cpu_inst.u_alu.a, Q = \fpga_core.cpu_inst.u_dmem.memory[132]).
Adding EN signal on $memory\fpga_core.cpu_inst.u_dmem.memory[133]$1998 ($dff) from module minirisc_ice40_top (D = \fpga_core.cpu_inst.u_alu.a, Q = \fpga_core.cpu_inst.u_dmem.memory[133]).
Adding EN signal on $memory\fpga_core.cpu_inst.u_dmem.memory[134]$2000 ($dff) from module minirisc_ice40_top (D = \fpga_core.cpu_inst.u_alu.a, Q = \fpga_core.cpu_inst.u_dmem.memory[134]).
Adding EN signal on $memory\fpga_core.cpu_inst.u_dmem.memory[135]$2002 ($dff) from module minirisc_ice40_top (D = \fpga_core.cpu_inst.u_alu.a, Q = \fpga_core.cpu_inst.u_dmem.memory[135]).
Adding EN signal on $memory\fpga_core.cpu_inst.u_dmem.memory[136]$2004 ($dff) from module minirisc_ice40_top (D = \fpga_core.cpu_inst.u_alu.a, Q = \fpga_core.cpu_inst.u_dmem.memory[136]).
Adding EN signal on $memory\fpga_core.cpu_inst.u_dmem.memory[137]$2006 ($dff) from module minirisc_ice40_top (D = \fpga_core.cpu_inst.u_alu.a, Q = \fpga_core.cpu_inst.u_dmem.memory[137]).
Adding EN signal on $memory\fpga_core.cpu_inst.u_dmem.memory[138]$2008 ($dff) from module minirisc_ice40_top (D = \fpga_core.cpu_inst.u_alu.a, Q = \fpga_core.cpu_inst.u_dmem.memory[138]).
Adding EN signal on $memory\fpga_core.cpu_inst.u_dmem.memory[139]$2010 ($dff) from module minirisc_ice40_top (D = \fpga_core.cpu_inst.u_alu.a, Q = \fpga_core.cpu_inst.u_dmem.memory[139]).
Adding EN signal on $memory\fpga_core.cpu_inst.u_dmem.memory[140]$2012 ($dff) from module minirisc_ice40_top (D = \fpga_core.cpu_inst.u_alu.a, Q = \fpga_core.cpu_inst.u_dmem.memory[140]).
Adding EN signal on $memory\fpga_core.cpu_inst.u_dmem.memory[141]$2014 ($dff) from module minirisc_ice40_top (D = \fpga_core.cpu_inst.u_alu.a, Q = \fpga_core.cpu_inst.u_dmem.memory[141]).
Adding EN signal on $memory\fpga_core.cpu_inst.u_dmem.memory[142]$2016 ($dff) from module minirisc_ice40_top (D = \fpga_core.cpu_inst.u_alu.a, Q = \fpga_core.cpu_inst.u_dmem.memory[142]).
Adding EN signal on $memory\fpga_core.cpu_inst.u_dmem.memory[143]$2018 ($dff) from module minirisc_ice40_top (D = \fpga_core.cpu_inst.u_alu.a, Q = \fpga_core.cpu_inst.u_dmem.memory[143]).
Adding EN signal on $memory\fpga_core.cpu_inst.u_dmem.memory[144]$2020 ($dff) from module minirisc_ice40_top (D = \fpga_core.cpu_inst.u_alu.a, Q = \fpga_core.cpu_inst.u_dmem.memory[144]).
Adding EN signal on $memory\fpga_core.cpu_inst.u_dmem.memory[145]$2022 ($dff) from module minirisc_ice40_top (D = \fpga_core.cpu_inst.u_alu.a, Q = \fpga_core.cpu_inst.u_dmem.memory[145]).
Adding EN signal on $memory\fpga_core.cpu_inst.u_dmem.memory[146]$2024 ($dff) from module minirisc_ice40_top (D = \fpga_core.cpu_inst.u_alu.a, Q = \fpga_core.cpu_inst.u_dmem.memory[146]).
Adding EN signal on $memory\fpga_core.cpu_inst.u_dmem.memory[147]$2026 ($dff) from module minirisc_ice40_top (D = \fpga_core.cpu_inst.u_alu.a, Q = \fpga_core.cpu_inst.u_dmem.memory[147]).
Adding EN signal on $memory\fpga_core.cpu_inst.u_dmem.memory[148]$2028 ($dff) from module minirisc_ice40_top (D = \fpga_core.cpu_inst.u_alu.a, Q = \fpga_core.cpu_inst.u_dmem.memory[148]).
Adding EN signal on $memory\fpga_core.cpu_inst.u_dmem.memory[149]$2030 ($dff) from module minirisc_ice40_top (D = \fpga_core.cpu_inst.u_alu.a, Q = \fpga_core.cpu_inst.u_dmem.memory[149]).
Adding EN signal on $memory\fpga_core.cpu_inst.u_dmem.memory[150]$2032 ($dff) from module minirisc_ice40_top (D = \fpga_core.cpu_inst.u_alu.a, Q = \fpga_core.cpu_inst.u_dmem.memory[150]).
Adding EN signal on $memory\fpga_core.cpu_inst.u_dmem.memory[151]$2034 ($dff) from module minirisc_ice40_top (D = \fpga_core.cpu_inst.u_alu.a, Q = \fpga_core.cpu_inst.u_dmem.memory[151]).
Adding EN signal on $memory\fpga_core.cpu_inst.u_dmem.memory[152]$2036 ($dff) from module minirisc_ice40_top (D = \fpga_core.cpu_inst.u_alu.a, Q = \fpga_core.cpu_inst.u_dmem.memory[152]).
Adding EN signal on $memory\fpga_core.cpu_inst.u_dmem.memory[153]$2038 ($dff) from module minirisc_ice40_top (D = \fpga_core.cpu_inst.u_alu.a, Q = \fpga_core.cpu_inst.u_dmem.memory[153]).
Adding EN signal on $memory\fpga_core.cpu_inst.u_dmem.memory[154]$2040 ($dff) from module minirisc_ice40_top (D = \fpga_core.cpu_inst.u_alu.a, Q = \fpga_core.cpu_inst.u_dmem.memory[154]).
Adding EN signal on $memory\fpga_core.cpu_inst.u_dmem.memory[155]$2042 ($dff) from module minirisc_ice40_top (D = \fpga_core.cpu_inst.u_alu.a, Q = \fpga_core.cpu_inst.u_dmem.memory[155]).
Adding EN signal on $memory\fpga_core.cpu_inst.u_dmem.memory[156]$2044 ($dff) from module minirisc_ice40_top (D = \fpga_core.cpu_inst.u_alu.a, Q = \fpga_core.cpu_inst.u_dmem.memory[156]).
Adding EN signal on $memory\fpga_core.cpu_inst.u_dmem.memory[157]$2046 ($dff) from module minirisc_ice40_top (D = \fpga_core.cpu_inst.u_alu.a, Q = \fpga_core.cpu_inst.u_dmem.memory[157]).
Adding EN signal on $memory\fpga_core.cpu_inst.u_dmem.memory[158]$2048 ($dff) from module minirisc_ice40_top (D = \fpga_core.cpu_inst.u_alu.a, Q = \fpga_core.cpu_inst.u_dmem.memory[158]).
Adding EN signal on $memory\fpga_core.cpu_inst.u_dmem.memory[159]$2050 ($dff) from module minirisc_ice40_top (D = \fpga_core.cpu_inst.u_alu.a, Q = \fpga_core.cpu_inst.u_dmem.memory[159]).
Adding EN signal on $memory\fpga_core.cpu_inst.u_dmem.memory[160]$2052 ($dff) from module minirisc_ice40_top (D = \fpga_core.cpu_inst.u_alu.a, Q = \fpga_core.cpu_inst.u_dmem.memory[160]).
Adding EN signal on $memory\fpga_core.cpu_inst.u_dmem.memory[161]$2054 ($dff) from module minirisc_ice40_top (D = \fpga_core.cpu_inst.u_alu.a, Q = \fpga_core.cpu_inst.u_dmem.memory[161]).
Adding EN signal on $memory\fpga_core.cpu_inst.u_dmem.memory[162]$2056 ($dff) from module minirisc_ice40_top (D = \fpga_core.cpu_inst.u_alu.a, Q = \fpga_core.cpu_inst.u_dmem.memory[162]).
Adding EN signal on $memory\fpga_core.cpu_inst.u_dmem.memory[163]$2058 ($dff) from module minirisc_ice40_top (D = \fpga_core.cpu_inst.u_alu.a, Q = \fpga_core.cpu_inst.u_dmem.memory[163]).
Adding EN signal on $memory\fpga_core.cpu_inst.u_dmem.memory[164]$2060 ($dff) from module minirisc_ice40_top (D = \fpga_core.cpu_inst.u_alu.a, Q = \fpga_core.cpu_inst.u_dmem.memory[164]).
Adding EN signal on $memory\fpga_core.cpu_inst.u_dmem.memory[165]$2062 ($dff) from module minirisc_ice40_top (D = \fpga_core.cpu_inst.u_alu.a, Q = \fpga_core.cpu_inst.u_dmem.memory[165]).
Adding EN signal on $memory\fpga_core.cpu_inst.u_dmem.memory[166]$2064 ($dff) from module minirisc_ice40_top (D = \fpga_core.cpu_inst.u_alu.a, Q = \fpga_core.cpu_inst.u_dmem.memory[166]).
Adding EN signal on $memory\fpga_core.cpu_inst.u_dmem.memory[167]$2066 ($dff) from module minirisc_ice40_top (D = \fpga_core.cpu_inst.u_alu.a, Q = \fpga_core.cpu_inst.u_dmem.memory[167]).
Adding EN signal on $memory\fpga_core.cpu_inst.u_dmem.memory[168]$2068 ($dff) from module minirisc_ice40_top (D = \fpga_core.cpu_inst.u_alu.a, Q = \fpga_core.cpu_inst.u_dmem.memory[168]).
Adding EN signal on $memory\fpga_core.cpu_inst.u_dmem.memory[169]$2070 ($dff) from module minirisc_ice40_top (D = \fpga_core.cpu_inst.u_alu.a, Q = \fpga_core.cpu_inst.u_dmem.memory[169]).
Adding EN signal on $memory\fpga_core.cpu_inst.u_dmem.memory[170]$2072 ($dff) from module minirisc_ice40_top (D = \fpga_core.cpu_inst.u_alu.a, Q = \fpga_core.cpu_inst.u_dmem.memory[170]).
Adding EN signal on $memory\fpga_core.cpu_inst.u_dmem.memory[171]$2074 ($dff) from module minirisc_ice40_top (D = \fpga_core.cpu_inst.u_alu.a, Q = \fpga_core.cpu_inst.u_dmem.memory[171]).
Adding EN signal on $memory\fpga_core.cpu_inst.u_dmem.memory[172]$2076 ($dff) from module minirisc_ice40_top (D = \fpga_core.cpu_inst.u_alu.a, Q = \fpga_core.cpu_inst.u_dmem.memory[172]).
Adding EN signal on $memory\fpga_core.cpu_inst.u_dmem.memory[173]$2078 ($dff) from module minirisc_ice40_top (D = \fpga_core.cpu_inst.u_alu.a, Q = \fpga_core.cpu_inst.u_dmem.memory[173]).
Adding EN signal on $memory\fpga_core.cpu_inst.u_dmem.memory[174]$2080 ($dff) from module minirisc_ice40_top (D = \fpga_core.cpu_inst.u_alu.a, Q = \fpga_core.cpu_inst.u_dmem.memory[174]).
Adding EN signal on $memory\fpga_core.cpu_inst.u_dmem.memory[175]$2082 ($dff) from module minirisc_ice40_top (D = \fpga_core.cpu_inst.u_alu.a, Q = \fpga_core.cpu_inst.u_dmem.memory[175]).
Adding EN signal on $memory\fpga_core.cpu_inst.u_dmem.memory[176]$2084 ($dff) from module minirisc_ice40_top (D = \fpga_core.cpu_inst.u_alu.a, Q = \fpga_core.cpu_inst.u_dmem.memory[176]).
Adding EN signal on $memory\fpga_core.cpu_inst.u_dmem.memory[177]$2086 ($dff) from module minirisc_ice40_top (D = \fpga_core.cpu_inst.u_alu.a, Q = \fpga_core.cpu_inst.u_dmem.memory[177]).
Adding EN signal on $memory\fpga_core.cpu_inst.u_dmem.memory[178]$2088 ($dff) from module minirisc_ice40_top (D = \fpga_core.cpu_inst.u_alu.a, Q = \fpga_core.cpu_inst.u_dmem.memory[178]).
Adding EN signal on $memory\fpga_core.cpu_inst.u_dmem.memory[179]$2090 ($dff) from module minirisc_ice40_top (D = \fpga_core.cpu_inst.u_alu.a, Q = \fpga_core.cpu_inst.u_dmem.memory[179]).
Adding EN signal on $memory\fpga_core.cpu_inst.u_dmem.memory[180]$2092 ($dff) from module minirisc_ice40_top (D = \fpga_core.cpu_inst.u_alu.a, Q = \fpga_core.cpu_inst.u_dmem.memory[180]).
Adding EN signal on $memory\fpga_core.cpu_inst.u_dmem.memory[181]$2094 ($dff) from module minirisc_ice40_top (D = \fpga_core.cpu_inst.u_alu.a, Q = \fpga_core.cpu_inst.u_dmem.memory[181]).
Adding EN signal on $memory\fpga_core.cpu_inst.u_dmem.memory[182]$2096 ($dff) from module minirisc_ice40_top (D = \fpga_core.cpu_inst.u_alu.a, Q = \fpga_core.cpu_inst.u_dmem.memory[182]).
Adding EN signal on $memory\fpga_core.cpu_inst.u_dmem.memory[183]$2098 ($dff) from module minirisc_ice40_top (D = \fpga_core.cpu_inst.u_alu.a, Q = \fpga_core.cpu_inst.u_dmem.memory[183]).
Adding EN signal on $memory\fpga_core.cpu_inst.u_dmem.memory[184]$2100 ($dff) from module minirisc_ice40_top (D = \fpga_core.cpu_inst.u_alu.a, Q = \fpga_core.cpu_inst.u_dmem.memory[184]).
Adding EN signal on $memory\fpga_core.cpu_inst.u_dmem.memory[185]$2102 ($dff) from module minirisc_ice40_top (D = \fpga_core.cpu_inst.u_alu.a, Q = \fpga_core.cpu_inst.u_dmem.memory[185]).
Adding EN signal on $memory\fpga_core.cpu_inst.u_dmem.memory[186]$2104 ($dff) from module minirisc_ice40_top (D = \fpga_core.cpu_inst.u_alu.a, Q = \fpga_core.cpu_inst.u_dmem.memory[186]).
Adding EN signal on $memory\fpga_core.cpu_inst.u_dmem.memory[187]$2106 ($dff) from module minirisc_ice40_top (D = \fpga_core.cpu_inst.u_alu.a, Q = \fpga_core.cpu_inst.u_dmem.memory[187]).
Adding EN signal on $memory\fpga_core.cpu_inst.u_dmem.memory[188]$2108 ($dff) from module minirisc_ice40_top (D = \fpga_core.cpu_inst.u_alu.a, Q = \fpga_core.cpu_inst.u_dmem.memory[188]).
Adding EN signal on $memory\fpga_core.cpu_inst.u_dmem.memory[189]$2110 ($dff) from module minirisc_ice40_top (D = \fpga_core.cpu_inst.u_alu.a, Q = \fpga_core.cpu_inst.u_dmem.memory[189]).
Adding EN signal on $memory\fpga_core.cpu_inst.u_dmem.memory[190]$2112 ($dff) from module minirisc_ice40_top (D = \fpga_core.cpu_inst.u_alu.a, Q = \fpga_core.cpu_inst.u_dmem.memory[190]).
Adding EN signal on $memory\fpga_core.cpu_inst.u_dmem.memory[191]$2114 ($dff) from module minirisc_ice40_top (D = \fpga_core.cpu_inst.u_alu.a, Q = \fpga_core.cpu_inst.u_dmem.memory[191]).
Adding EN signal on $memory\fpga_core.cpu_inst.u_dmem.memory[192]$2116 ($dff) from module minirisc_ice40_top (D = \fpga_core.cpu_inst.u_alu.a, Q = \fpga_core.cpu_inst.u_dmem.memory[192]).
Adding EN signal on $memory\fpga_core.cpu_inst.u_dmem.memory[193]$2118 ($dff) from module minirisc_ice40_top (D = \fpga_core.cpu_inst.u_alu.a, Q = \fpga_core.cpu_inst.u_dmem.memory[193]).
Adding EN signal on $memory\fpga_core.cpu_inst.u_dmem.memory[194]$2120 ($dff) from module minirisc_ice40_top (D = \fpga_core.cpu_inst.u_alu.a, Q = \fpga_core.cpu_inst.u_dmem.memory[194]).
Adding EN signal on $memory\fpga_core.cpu_inst.u_dmem.memory[195]$2122 ($dff) from module minirisc_ice40_top (D = \fpga_core.cpu_inst.u_alu.a, Q = \fpga_core.cpu_inst.u_dmem.memory[195]).
Adding EN signal on $memory\fpga_core.cpu_inst.u_dmem.memory[196]$2124 ($dff) from module minirisc_ice40_top (D = \fpga_core.cpu_inst.u_alu.a, Q = \fpga_core.cpu_inst.u_dmem.memory[196]).
Adding EN signal on $memory\fpga_core.cpu_inst.u_dmem.memory[197]$2126 ($dff) from module minirisc_ice40_top (D = \fpga_core.cpu_inst.u_alu.a, Q = \fpga_core.cpu_inst.u_dmem.memory[197]).
Adding EN signal on $memory\fpga_core.cpu_inst.u_dmem.memory[198]$2128 ($dff) from module minirisc_ice40_top (D = \fpga_core.cpu_inst.u_alu.a, Q = \fpga_core.cpu_inst.u_dmem.memory[198]).
Adding EN signal on $memory\fpga_core.cpu_inst.u_dmem.memory[199]$2130 ($dff) from module minirisc_ice40_top (D = \fpga_core.cpu_inst.u_alu.a, Q = \fpga_core.cpu_inst.u_dmem.memory[199]).
Adding EN signal on $memory\fpga_core.cpu_inst.u_dmem.memory[200]$2132 ($dff) from module minirisc_ice40_top (D = \fpga_core.cpu_inst.u_alu.a, Q = \fpga_core.cpu_inst.u_dmem.memory[200]).
Adding EN signal on $memory\fpga_core.cpu_inst.u_dmem.memory[201]$2134 ($dff) from module minirisc_ice40_top (D = \fpga_core.cpu_inst.u_alu.a, Q = \fpga_core.cpu_inst.u_dmem.memory[201]).
Adding EN signal on $memory\fpga_core.cpu_inst.u_dmem.memory[202]$2136 ($dff) from module minirisc_ice40_top (D = \fpga_core.cpu_inst.u_alu.a, Q = \fpga_core.cpu_inst.u_dmem.memory[202]).
Adding EN signal on $memory\fpga_core.cpu_inst.u_dmem.memory[203]$2138 ($dff) from module minirisc_ice40_top (D = \fpga_core.cpu_inst.u_alu.a, Q = \fpga_core.cpu_inst.u_dmem.memory[203]).
Adding EN signal on $memory\fpga_core.cpu_inst.u_dmem.memory[204]$2140 ($dff) from module minirisc_ice40_top (D = \fpga_core.cpu_inst.u_alu.a, Q = \fpga_core.cpu_inst.u_dmem.memory[204]).
Adding EN signal on $memory\fpga_core.cpu_inst.u_dmem.memory[205]$2142 ($dff) from module minirisc_ice40_top (D = \fpga_core.cpu_inst.u_alu.a, Q = \fpga_core.cpu_inst.u_dmem.memory[205]).
Adding EN signal on $memory\fpga_core.cpu_inst.u_dmem.memory[206]$2144 ($dff) from module minirisc_ice40_top (D = \fpga_core.cpu_inst.u_alu.a, Q = \fpga_core.cpu_inst.u_dmem.memory[206]).
Adding EN signal on $memory\fpga_core.cpu_inst.u_dmem.memory[207]$2146 ($dff) from module minirisc_ice40_top (D = \fpga_core.cpu_inst.u_alu.a, Q = \fpga_core.cpu_inst.u_dmem.memory[207]).
Adding EN signal on $memory\fpga_core.cpu_inst.u_dmem.memory[208]$2148 ($dff) from module minirisc_ice40_top (D = \fpga_core.cpu_inst.u_alu.a, Q = \fpga_core.cpu_inst.u_dmem.memory[208]).
Adding EN signal on $memory\fpga_core.cpu_inst.u_dmem.memory[209]$2150 ($dff) from module minirisc_ice40_top (D = \fpga_core.cpu_inst.u_alu.a, Q = \fpga_core.cpu_inst.u_dmem.memory[209]).
Adding EN signal on $memory\fpga_core.cpu_inst.u_dmem.memory[210]$2152 ($dff) from module minirisc_ice40_top (D = \fpga_core.cpu_inst.u_alu.a, Q = \fpga_core.cpu_inst.u_dmem.memory[210]).
Adding EN signal on $memory\fpga_core.cpu_inst.u_dmem.memory[211]$2154 ($dff) from module minirisc_ice40_top (D = \fpga_core.cpu_inst.u_alu.a, Q = \fpga_core.cpu_inst.u_dmem.memory[211]).
Adding EN signal on $memory\fpga_core.cpu_inst.u_dmem.memory[212]$2156 ($dff) from module minirisc_ice40_top (D = \fpga_core.cpu_inst.u_alu.a, Q = \fpga_core.cpu_inst.u_dmem.memory[212]).
Adding EN signal on $memory\fpga_core.cpu_inst.u_dmem.memory[213]$2158 ($dff) from module minirisc_ice40_top (D = \fpga_core.cpu_inst.u_alu.a, Q = \fpga_core.cpu_inst.u_dmem.memory[213]).
Adding EN signal on $memory\fpga_core.cpu_inst.u_dmem.memory[214]$2160 ($dff) from module minirisc_ice40_top (D = \fpga_core.cpu_inst.u_alu.a, Q = \fpga_core.cpu_inst.u_dmem.memory[214]).
Adding EN signal on $memory\fpga_core.cpu_inst.u_dmem.memory[215]$2162 ($dff) from module minirisc_ice40_top (D = \fpga_core.cpu_inst.u_alu.a, Q = \fpga_core.cpu_inst.u_dmem.memory[215]).
Adding EN signal on $memory\fpga_core.cpu_inst.u_dmem.memory[216]$2164 ($dff) from module minirisc_ice40_top (D = \fpga_core.cpu_inst.u_alu.a, Q = \fpga_core.cpu_inst.u_dmem.memory[216]).
Adding EN signal on $memory\fpga_core.cpu_inst.u_dmem.memory[217]$2166 ($dff) from module minirisc_ice40_top (D = \fpga_core.cpu_inst.u_alu.a, Q = \fpga_core.cpu_inst.u_dmem.memory[217]).
Adding EN signal on $memory\fpga_core.cpu_inst.u_dmem.memory[218]$2168 ($dff) from module minirisc_ice40_top (D = \fpga_core.cpu_inst.u_alu.a, Q = \fpga_core.cpu_inst.u_dmem.memory[218]).
Adding EN signal on $memory\fpga_core.cpu_inst.u_dmem.memory[219]$2170 ($dff) from module minirisc_ice40_top (D = \fpga_core.cpu_inst.u_alu.a, Q = \fpga_core.cpu_inst.u_dmem.memory[219]).
Adding EN signal on $memory\fpga_core.cpu_inst.u_dmem.memory[220]$2172 ($dff) from module minirisc_ice40_top (D = \fpga_core.cpu_inst.u_alu.a, Q = \fpga_core.cpu_inst.u_dmem.memory[220]).
Adding EN signal on $memory\fpga_core.cpu_inst.u_dmem.memory[221]$2174 ($dff) from module minirisc_ice40_top (D = \fpga_core.cpu_inst.u_alu.a, Q = \fpga_core.cpu_inst.u_dmem.memory[221]).
Adding EN signal on $memory\fpga_core.cpu_inst.u_dmem.memory[222]$2176 ($dff) from module minirisc_ice40_top (D = \fpga_core.cpu_inst.u_alu.a, Q = \fpga_core.cpu_inst.u_dmem.memory[222]).
Adding EN signal on $memory\fpga_core.cpu_inst.u_dmem.memory[223]$2178 ($dff) from module minirisc_ice40_top (D = \fpga_core.cpu_inst.u_alu.a, Q = \fpga_core.cpu_inst.u_dmem.memory[223]).
Adding EN signal on $memory\fpga_core.cpu_inst.u_dmem.memory[224]$2180 ($dff) from module minirisc_ice40_top (D = \fpga_core.cpu_inst.u_alu.a, Q = \fpga_core.cpu_inst.u_dmem.memory[224]).
Adding EN signal on $memory\fpga_core.cpu_inst.u_dmem.memory[225]$2182 ($dff) from module minirisc_ice40_top (D = \fpga_core.cpu_inst.u_alu.a, Q = \fpga_core.cpu_inst.u_dmem.memory[225]).
Adding EN signal on $memory\fpga_core.cpu_inst.u_dmem.memory[226]$2184 ($dff) from module minirisc_ice40_top (D = \fpga_core.cpu_inst.u_alu.a, Q = \fpga_core.cpu_inst.u_dmem.memory[226]).
Adding EN signal on $memory\fpga_core.cpu_inst.u_dmem.memory[227]$2186 ($dff) from module minirisc_ice40_top (D = \fpga_core.cpu_inst.u_alu.a, Q = \fpga_core.cpu_inst.u_dmem.memory[227]).
Adding EN signal on $memory\fpga_core.cpu_inst.u_dmem.memory[228]$2188 ($dff) from module minirisc_ice40_top (D = \fpga_core.cpu_inst.u_alu.a, Q = \fpga_core.cpu_inst.u_dmem.memory[228]).
Adding EN signal on $memory\fpga_core.cpu_inst.u_dmem.memory[229]$2190 ($dff) from module minirisc_ice40_top (D = \fpga_core.cpu_inst.u_alu.a, Q = \fpga_core.cpu_inst.u_dmem.memory[229]).
Adding EN signal on $memory\fpga_core.cpu_inst.u_dmem.memory[230]$2192 ($dff) from module minirisc_ice40_top (D = \fpga_core.cpu_inst.u_alu.a, Q = \fpga_core.cpu_inst.u_dmem.memory[230]).
Adding EN signal on $memory\fpga_core.cpu_inst.u_dmem.memory[231]$2194 ($dff) from module minirisc_ice40_top (D = \fpga_core.cpu_inst.u_alu.a, Q = \fpga_core.cpu_inst.u_dmem.memory[231]).
Adding EN signal on $memory\fpga_core.cpu_inst.u_dmem.memory[232]$2196 ($dff) from module minirisc_ice40_top (D = \fpga_core.cpu_inst.u_alu.a, Q = \fpga_core.cpu_inst.u_dmem.memory[232]).
Adding EN signal on $memory\fpga_core.cpu_inst.u_dmem.memory[233]$2198 ($dff) from module minirisc_ice40_top (D = \fpga_core.cpu_inst.u_alu.a, Q = \fpga_core.cpu_inst.u_dmem.memory[233]).
Adding EN signal on $memory\fpga_core.cpu_inst.u_dmem.memory[234]$2200 ($dff) from module minirisc_ice40_top (D = \fpga_core.cpu_inst.u_alu.a, Q = \fpga_core.cpu_inst.u_dmem.memory[234]).
Adding EN signal on $memory\fpga_core.cpu_inst.u_dmem.memory[235]$2202 ($dff) from module minirisc_ice40_top (D = \fpga_core.cpu_inst.u_alu.a, Q = \fpga_core.cpu_inst.u_dmem.memory[235]).
Adding EN signal on $memory\fpga_core.cpu_inst.u_dmem.memory[236]$2204 ($dff) from module minirisc_ice40_top (D = \fpga_core.cpu_inst.u_alu.a, Q = \fpga_core.cpu_inst.u_dmem.memory[236]).
Adding EN signal on $memory\fpga_core.cpu_inst.u_dmem.memory[237]$2206 ($dff) from module minirisc_ice40_top (D = \fpga_core.cpu_inst.u_alu.a, Q = \fpga_core.cpu_inst.u_dmem.memory[237]).
Adding EN signal on $memory\fpga_core.cpu_inst.u_dmem.memory[238]$2208 ($dff) from module minirisc_ice40_top (D = \fpga_core.cpu_inst.u_alu.a, Q = \fpga_core.cpu_inst.u_dmem.memory[238]).
Adding EN signal on $memory\fpga_core.cpu_inst.u_dmem.memory[239]$2210 ($dff) from module minirisc_ice40_top (D = \fpga_core.cpu_inst.u_alu.a, Q = \fpga_core.cpu_inst.u_dmem.memory[239]).
Adding EN signal on $memory\fpga_core.cpu_inst.u_dmem.memory[240]$2212 ($dff) from module minirisc_ice40_top (D = \fpga_core.cpu_inst.u_alu.a, Q = \fpga_core.cpu_inst.u_dmem.memory[240]).
Adding EN signal on $memory\fpga_core.cpu_inst.u_dmem.memory[241]$2214 ($dff) from module minirisc_ice40_top (D = \fpga_core.cpu_inst.u_alu.a, Q = \fpga_core.cpu_inst.u_dmem.memory[241]).
Adding EN signal on $memory\fpga_core.cpu_inst.u_dmem.memory[242]$2216 ($dff) from module minirisc_ice40_top (D = \fpga_core.cpu_inst.u_alu.a, Q = \fpga_core.cpu_inst.u_dmem.memory[242]).
Adding EN signal on $memory\fpga_core.cpu_inst.u_dmem.memory[243]$2218 ($dff) from module minirisc_ice40_top (D = \fpga_core.cpu_inst.u_alu.a, Q = \fpga_core.cpu_inst.u_dmem.memory[243]).
Adding EN signal on $memory\fpga_core.cpu_inst.u_dmem.memory[244]$2220 ($dff) from module minirisc_ice40_top (D = \fpga_core.cpu_inst.u_alu.a, Q = \fpga_core.cpu_inst.u_dmem.memory[244]).
Adding EN signal on $memory\fpga_core.cpu_inst.u_dmem.memory[245]$2222 ($dff) from module minirisc_ice40_top (D = \fpga_core.cpu_inst.u_alu.a, Q = \fpga_core.cpu_inst.u_dmem.memory[245]).
Adding EN signal on $memory\fpga_core.cpu_inst.u_dmem.memory[246]$2224 ($dff) from module minirisc_ice40_top (D = \fpga_core.cpu_inst.u_alu.a, Q = \fpga_core.cpu_inst.u_dmem.memory[246]).
Adding EN signal on $memory\fpga_core.cpu_inst.u_dmem.memory[247]$2226 ($dff) from module minirisc_ice40_top (D = \fpga_core.cpu_inst.u_alu.a, Q = \fpga_core.cpu_inst.u_dmem.memory[247]).
Adding EN signal on $memory\fpga_core.cpu_inst.u_dmem.memory[248]$2228 ($dff) from module minirisc_ice40_top (D = \fpga_core.cpu_inst.u_alu.a, Q = \fpga_core.cpu_inst.u_dmem.memory[248]).
Adding EN signal on $memory\fpga_core.cpu_inst.u_dmem.memory[249]$2230 ($dff) from module minirisc_ice40_top (D = \fpga_core.cpu_inst.u_alu.a, Q = \fpga_core.cpu_inst.u_dmem.memory[249]).
Adding EN signal on $memory\fpga_core.cpu_inst.u_dmem.memory[250]$2232 ($dff) from module minirisc_ice40_top (D = \fpga_core.cpu_inst.u_alu.a, Q = \fpga_core.cpu_inst.u_dmem.memory[250]).
Adding EN signal on $memory\fpga_core.cpu_inst.u_dmem.memory[251]$2234 ($dff) from module minirisc_ice40_top (D = \fpga_core.cpu_inst.u_alu.a, Q = \fpga_core.cpu_inst.u_dmem.memory[251]).
Adding EN signal on $memory\fpga_core.cpu_inst.u_dmem.memory[252]$2236 ($dff) from module minirisc_ice40_top (D = \fpga_core.cpu_inst.u_alu.a, Q = \fpga_core.cpu_inst.u_dmem.memory[252]).
Adding EN signal on $memory\fpga_core.cpu_inst.u_dmem.memory[253]$2238 ($dff) from module minirisc_ice40_top (D = \fpga_core.cpu_inst.u_alu.a, Q = \fpga_core.cpu_inst.u_dmem.memory[253]).
Adding EN signal on $memory\fpga_core.cpu_inst.u_dmem.memory[254]$2240 ($dff) from module minirisc_ice40_top (D = \fpga_core.cpu_inst.u_alu.a, Q = \fpga_core.cpu_inst.u_dmem.memory[254]).
Adding EN signal on $memory\fpga_core.cpu_inst.u_dmem.memory[255]$2242 ($dff) from module minirisc_ice40_top (D = \fpga_core.cpu_inst.u_alu.a, Q = \fpga_core.cpu_inst.u_dmem.memory[255]).
Adding EN signal on $memory\fpga_core.cpu_inst.u_regfile.registers[0]$4673 ($dff) from module minirisc_ice40_top (D = $memory\fpga_core.cpu_inst.u_regfile.registers$wrmux[0][2][0]$y$4756, Q = \fpga_core.cpu_inst.u_regfile.registers[0]).
Adding EN signal on $memory\fpga_core.cpu_inst.u_regfile.registers[1]$4675 ($dff) from module minirisc_ice40_top (D = $memory\fpga_core.cpu_inst.u_regfile.registers$wrmux[1][2][0]$y$4772, Q = \fpga_core.cpu_inst.u_regfile.registers[1]).
Adding EN signal on $memory\fpga_core.cpu_inst.u_regfile.registers[2]$4677 ($dff) from module minirisc_ice40_top (D = $memory\fpga_core.cpu_inst.u_regfile.registers$wrmux[2][2][0]$y$4790, Q = \fpga_core.cpu_inst.u_regfile.registers[2]).
Adding EN signal on $memory\fpga_core.cpu_inst.u_regfile.registers[3]$4679 ($dff) from module minirisc_ice40_top (D = $memory\fpga_core.cpu_inst.u_regfile.registers$wrmux[3][2][0]$y$4804, Q = \fpga_core.cpu_inst.u_regfile.registers[3]).
Adding EN signal on $memory\fpga_core.cpu_inst.u_regfile.registers[4]$4681 ($dff) from module minirisc_ice40_top (D = $memory\fpga_core.cpu_inst.u_regfile.registers$wrmux[4][2][0]$y$4824, Q = \fpga_core.cpu_inst.u_regfile.registers[4]).
Adding EN signal on $memory\fpga_core.cpu_inst.u_regfile.registers[5]$4683 ($dff) from module minirisc_ice40_top (D = $memory\fpga_core.cpu_inst.u_regfile.registers$wrmux[5][2][0]$y$4838, Q = \fpga_core.cpu_inst.u_regfile.registers[5]).
Adding EN signal on $memory\fpga_core.cpu_inst.u_regfile.registers[6]$4685 ($dff) from module minirisc_ice40_top (D = $memory\fpga_core.cpu_inst.u_regfile.registers$wrmux[6][2][0]$y$4854, Q = \fpga_core.cpu_inst.u_regfile.registers[6]).
Adding EN signal on $memory\fpga_core.cpu_inst.u_regfile.registers[7]$4687 ($dff) from module minirisc_ice40_top (D = $memory\fpga_core.cpu_inst.u_regfile.registers$wrmux[7][2][0]$y$4868, Q = \fpga_core.cpu_inst.u_regfile.registers[7]).

19.30.14. Executing OPT_CLEAN pass (remove unused cells and wires).
Finding unused cells or wires in module \minirisc_ice40_top..
Removed 256 unused cells and 256 unused wires.
<suppressed ~257 debug messages>

19.30.15. Executing OPT_EXPR pass (perform const folding).
Optimizing module minirisc_ice40_top.
<suppressed ~8 debug messages>

19.30.16. Rerunning OPT passes. (Maybe there is more to do..)

19.30.17. Executing OPT_MUXTREE pass (detect dead branches in mux trees).
Running muxtree optimizer on module \minirisc_ice40_top..
  Creating internal representation of mux trees.
  Evaluating internal representation of mux trees.
  Analyzing evaluation results.
Removed 0 multiplexer ports.
<suppressed ~2389 debug messages>

19.30.18. Executing OPT_REDUCE pass (consolidate $*mux and $reduce_* inputs).
  Optimizing cells in module \minirisc_ice40_top.
    Consolidated identical input bits for $mux cell $memory\fpga_core.cpu_inst.u_regfile.registers$wrmux[7][1][0]$4861:
      Old ports: A=8'x, B=8'00000000, Y=$memory\fpga_core.cpu_inst.u_regfile.registers$wrmux[7][1][0]$y$4862
      New ports: A=1'x, B=1'0, Y=$memory\fpga_core.cpu_inst.u_regfile.registers$wrmux[7][1][0]$y$4862 [0]
      New connections: $memory\fpga_core.cpu_inst.u_regfile.registers$wrmux[7][1][0]$y$4862 [7:1] = { $memory\fpga_core.cpu_inst.u_regfile.registers$wrmux[7][1][0]$y$4862 [0] $memory\fpga_core.cpu_inst.u_regfile.registers$wrmux[7][1][0]$y$4862 [0] $memory\fpga_core.cpu_inst.u_regfile.registers$wrmux[7][1][0]$y$4862 [0] $memory\fpga_core.cpu_inst.u_regfile.registers$wrmux[7][1][0]$y$4862 [0] $memory\fpga_core.cpu_inst.u_regfile.registers$wrmux[7][1][0]$y$4862 [0] $memory\fpga_core.cpu_inst.u_regfile.registers$wrmux[7][1][0]$y$4862 [0] $memory\fpga_core.cpu_inst.u_regfile.registers$wrmux[7][1][0]$y$4862 [0] }
    Consolidated identical input bits for $mux cell $memory\fpga_core.cpu_inst.u_regfile.registers$wrmux[3][0][0]$4793:
      Old ports: A=8'x, B=8'00000000, Y=$memory\fpga_core.cpu_inst.u_regfile.registers$wrmux[3][0][0]$y$4794
      New ports: A=1'x, B=1'0, Y=$memory\fpga_core.cpu_inst.u_regfile.registers$wrmux[3][0][0]$y$4794 [0]
      New connections: $memory\fpga_core.cpu_inst.u_regfile.registers$wrmux[3][0][0]$y$4794 [7:1] = { $memory\fpga_core.cpu_inst.u_regfile.registers$wrmux[3][0][0]$y$4794 [0] $memory\fpga_core.cpu_inst.u_regfile.registers$wrmux[3][0][0]$y$4794 [0] $memory\fpga_core.cpu_inst.u_regfile.registers$wrmux[3][0][0]$y$4794 [0] $memory\fpga_core.cpu_inst.u_regfile.registers$wrmux[3][0][0]$y$4794 [0] $memory\fpga_core.cpu_inst.u_regfile.registers$wrmux[3][0][0]$y$4794 [0] $memory\fpga_core.cpu_inst.u_regfile.registers$wrmux[3][0][0]$y$4794 [0] $memory\fpga_core.cpu_inst.u_regfile.registers$wrmux[3][0][0]$y$4794 [0] }
    Consolidated identical input bits for $mux cell $memory\fpga_core.cpu_inst.u_regfile.registers$wrmux[2][0][0]$4775:
      Old ports: A=8'x, B=8'00000000, Y=$memory\fpga_core.cpu_inst.u_regfile.registers$wrmux[2][0][0]$y$4776
      New ports: A=1'x, B=1'0, Y=$memory\fpga_core.cpu_inst.u_regfile.registers$wrmux[2][0][0]$y$4776 [0]
      New connections: $memory\fpga_core.cpu_inst.u_regfile.registers$wrmux[2][0][0]$y$4776 [7:1] = { $memory\fpga_core.cpu_inst.u_regfile.registers$wrmux[2][0][0]$y$4776 [0] $memory\fpga_core.cpu_inst.u_regfile.registers$wrmux[2][0][0]$y$4776 [0] $memory\fpga_core.cpu_inst.u_regfile.registers$wrmux[2][0][0]$y$4776 [0] $memory\fpga_core.cpu_inst.u_regfile.registers$wrmux[2][0][0]$y$4776 [0] $memory\fpga_core.cpu_inst.u_regfile.registers$wrmux[2][0][0]$y$4776 [0] $memory\fpga_core.cpu_inst.u_regfile.registers$wrmux[2][0][0]$y$4776 [0] $memory\fpga_core.cpu_inst.u_regfile.registers$wrmux[2][0][0]$y$4776 [0] }
    Consolidated identical input bits for $mux cell $memory\fpga_core.cpu_inst.u_regfile.registers$wrmux[5][1][0]$4831:
      Old ports: A=8'x, B=8'00000000, Y=$memory\fpga_core.cpu_inst.u_regfile.registers$wrmux[5][1][0]$y$4832
      New ports: A=1'x, B=1'0, Y=$memory\fpga_core.cpu_inst.u_regfile.registers$wrmux[5][1][0]$y$4832 [0]
      New connections: $memory\fpga_core.cpu_inst.u_regfile.registers$wrmux[5][1][0]$y$4832 [7:1] = { $memory\fpga_core.cpu_inst.u_regfile.registers$wrmux[5][1][0]$y$4832 [0] $memory\fpga_core.cpu_inst.u_regfile.registers$wrmux[5][1][0]$y$4832 [0] $memory\fpga_core.cpu_inst.u_regfile.registers$wrmux[5][1][0]$y$4832 [0] $memory\fpga_core.cpu_inst.u_regfile.registers$wrmux[5][1][0]$y$4832 [0] $memory\fpga_core.cpu_inst.u_regfile.registers$wrmux[5][1][0]$y$4832 [0] $memory\fpga_core.cpu_inst.u_regfile.registers$wrmux[5][1][0]$y$4832 [0] $memory\fpga_core.cpu_inst.u_regfile.registers$wrmux[5][1][0]$y$4832 [0] }
    Consolidated identical input bits for $mux cell $memory\fpga_core.cpu_inst.u_regfile.registers$wrmux[4][0][0]$4807:
      Old ports: A=8'x, B=8'00000000, Y=$memory\fpga_core.cpu_inst.u_regfile.registers$wrmux[4][0][0]$y$4808
      New ports: A=1'x, B=1'0, Y=$memory\fpga_core.cpu_inst.u_regfile.registers$wrmux[4][0][0]$y$4808 [0]
      New connections: $memory\fpga_core.cpu_inst.u_regfile.registers$wrmux[4][0][0]$y$4808 [7:1] = { $memory\fpga_core.cpu_inst.u_regfile.registers$wrmux[4][0][0]$y$4808 [0] $memory\fpga_core.cpu_inst.u_regfile.registers$wrmux[4][0][0]$y$4808 [0] $memory\fpga_core.cpu_inst.u_regfile.registers$wrmux[4][0][0]$y$4808 [0] $memory\fpga_core.cpu_inst.u_regfile.registers$wrmux[4][0][0]$y$4808 [0] $memory\fpga_core.cpu_inst.u_regfile.registers$wrmux[4][0][0]$y$4808 [0] $memory\fpga_core.cpu_inst.u_regfile.registers$wrmux[4][0][0]$y$4808 [0] $memory\fpga_core.cpu_inst.u_regfile.registers$wrmux[4][0][0]$y$4808 [0] }
    Consolidated identical input bits for $mux cell $memory\fpga_core.cpu_inst.u_regfile.registers$wrmux[1][0][0]$4759:
      Old ports: A=8'x, B=8'00000000, Y=$memory\fpga_core.cpu_inst.u_regfile.registers$wrmux[1][0][0]$y$4760
      New ports: A=1'x, B=1'0, Y=$memory\fpga_core.cpu_inst.u_regfile.registers$wrmux[1][0][0]$y$4760 [0]
      New connections: $memory\fpga_core.cpu_inst.u_regfile.registers$wrmux[1][0][0]$y$4760 [7:1] = { $memory\fpga_core.cpu_inst.u_regfile.registers$wrmux[1][0][0]$y$4760 [0] $memory\fpga_core.cpu_inst.u_regfile.registers$wrmux[1][0][0]$y$4760 [0] $memory\fpga_core.cpu_inst.u_regfile.registers$wrmux[1][0][0]$y$4760 [0] $memory\fpga_core.cpu_inst.u_regfile.registers$wrmux[1][0][0]$y$4760 [0] $memory\fpga_core.cpu_inst.u_regfile.registers$wrmux[1][0][0]$y$4760 [0] $memory\fpga_core.cpu_inst.u_regfile.registers$wrmux[1][0][0]$y$4760 [0] $memory\fpga_core.cpu_inst.u_regfile.registers$wrmux[1][0][0]$y$4760 [0] }
    Consolidated identical input bits for $mux cell $memory\fpga_core.cpu_inst.u_regfile.registers$wrmux[0][0][0]$4735:
      Old ports: A=8'x, B=8'00000000, Y=$memory\fpga_core.cpu_inst.u_regfile.registers$wrmux[0][0][0]$y$4736
      New ports: A=1'x, B=1'0, Y=$memory\fpga_core.cpu_inst.u_regfile.registers$wrmux[0][0][0]$y$4736 [0]
      New connections: $memory\fpga_core.cpu_inst.u_regfile.registers$wrmux[0][0][0]$y$4736 [7:1] = { $memory\fpga_core.cpu_inst.u_regfile.registers$wrmux[0][0][0]$y$4736 [0] $memory\fpga_core.cpu_inst.u_regfile.registers$wrmux[0][0][0]$y$4736 [0] $memory\fpga_core.cpu_inst.u_regfile.registers$wrmux[0][0][0]$y$4736 [0] $memory\fpga_core.cpu_inst.u_regfile.registers$wrmux[0][0][0]$y$4736 [0] $memory\fpga_core.cpu_inst.u_regfile.registers$wrmux[0][0][0]$y$4736 [0] $memory\fpga_core.cpu_inst.u_regfile.registers$wrmux[0][0][0]$y$4736 [0] $memory\fpga_core.cpu_inst.u_regfile.registers$wrmux[0][0][0]$y$4736 [0] }
    Consolidated identical input bits for $mux cell $memory\fpga_core.cpu_inst.u_regfile.registers$wrmux[6][1][0]$4845:
      Old ports: A=8'x, B=8'00000000, Y=$memory\fpga_core.cpu_inst.u_regfile.registers$wrmux[6][1][0]$y$4846
      New ports: A=1'x, B=1'0, Y=$memory\fpga_core.cpu_inst.u_regfile.registers$wrmux[6][1][0]$y$4846 [0]
      New connections: $memory\fpga_core.cpu_inst.u_regfile.registers$wrmux[6][1][0]$y$4846 [7:1] = { $memory\fpga_core.cpu_inst.u_regfile.registers$wrmux[6][1][0]$y$4846 [0] $memory\fpga_core.cpu_inst.u_regfile.registers$wrmux[6][1][0]$y$4846 [0] $memory\fpga_core.cpu_inst.u_regfile.registers$wrmux[6][1][0]$y$4846 [0] $memory\fpga_core.cpu_inst.u_regfile.registers$wrmux[6][1][0]$y$4846 [0] $memory\fpga_core.cpu_inst.u_regfile.registers$wrmux[6][1][0]$y$4846 [0] $memory\fpga_core.cpu_inst.u_regfile.registers$wrmux[6][1][0]$y$4846 [0] $memory\fpga_core.cpu_inst.u_regfile.registers$wrmux[6][1][0]$y$4846 [0] }
  Optimizing cells in module \minirisc_ice40_top.
Performed a total of 8 changes.

19.30.19. Executing OPT_MERGE pass (detect identical cells).
Finding identical cells in module `\minirisc_ice40_top'.
Computing hashes of 1266 cells of `\minirisc_ice40_top'.
Finding duplicate cells in `\minirisc_ice40_top'.
Computing hashes of 1259 cells of `\minirisc_ice40_top'.
Finding duplicate cells in `\minirisc_ice40_top'.
<suppressed ~21 debug messages>
Removed a total of 7 cells.

19.30.20. Executing OPT_DFF pass (perform DFF optimizations).

19.30.21. Executing OPT_CLEAN pass (remove unused cells and wires).
Finding unused cells or wires in module \minirisc_ice40_top..
Removed 0 unused cells and 7 unused wires.
<suppressed ~1 debug messages>

19.30.22. Executing OPT_EXPR pass (perform const folding).
Optimizing module minirisc_ice40_top.

19.30.23. Rerunning OPT passes. (Maybe there is more to do..)

19.30.24. Executing OPT_MUXTREE pass (detect dead branches in mux trees).
Running muxtree optimizer on module \minirisc_ice40_top..
  Creating internal representation of mux trees.
  Evaluating internal representation of mux trees.
  Analyzing evaluation results.
Removed 0 multiplexer ports.
<suppressed ~2391 debug messages>

19.30.25. Executing OPT_REDUCE pass (consolidate $*mux and $reduce_* inputs).
  Optimizing cells in module \minirisc_ice40_top.
Performed a total of 0 changes.

19.30.26. Executing OPT_MERGE pass (detect identical cells).
Finding identical cells in module `\minirisc_ice40_top'.
Computing hashes of 1259 cells of `\minirisc_ice40_top'.
Finding duplicate cells in `\minirisc_ice40_top'.
Removed a total of 0 cells.

19.30.27. Executing OPT_DFF pass (perform DFF optimizations).

19.30.28. Executing OPT_CLEAN pass (remove unused cells and wires).
Finding unused cells or wires in module \minirisc_ice40_top..

19.30.29. Executing OPT_EXPR pass (perform const folding).
Optimizing module minirisc_ice40_top.

19.30.30. Finished fast OPT passes. (There is nothing left to do.)

19.31. Executing ICE40_WRAPCARRY pass (wrap carries).

19.32. Executing TECHMAP pass (map to technology primitives).

19.32.1. Executing Verilog-2005 frontend: /opt/homebrew/bin/../share/yosys/techmap.v
Parsing Verilog input from `/opt/homebrew/bin/../share/yosys/techmap.v' to AST representation.
Generating RTLIL representation for module `\_90_simplemap_bool_ops'.
Generating RTLIL representation for module `\_90_simplemap_reduce_ops'.
Generating RTLIL representation for module `\_90_simplemap_logic_ops'.
Generating RTLIL representation for module `\_90_simplemap_compare_ops'.
Generating RTLIL representation for module `\_90_simplemap_various'.
Generating RTLIL representation for module `\_90_simplemap_registers'.
Generating RTLIL representation for module `\_90_shift_ops_shr_shl_sshl_sshr'.
Generating RTLIL representation for module `\_90_shift_shiftx'.
Generating RTLIL representation for module `\_90_fa'.
Generating RTLIL representation for module `\_90_lcu_brent_kung'.
Generating RTLIL representation for module `\_90_alu'.
Generating RTLIL representation for module `\_90_macc'.
Generating RTLIL representation for module `\_90_alumacc'.
Generating RTLIL representation for module `$__div_mod_u'.
Generating RTLIL representation for module `$__div_mod_trunc'.
Generating RTLIL representation for module `\_90_div'.
Generating RTLIL representation for module `\_90_mod'.
Generating RTLIL representation for module `$__div_mod_floor'.
Generating RTLIL representation for module `\_90_divfloor'.
Generating RTLIL representation for module `\_90_modfloor'.
Generating RTLIL representation for module `\_90_pow'.
Generating RTLIL representation for module `\_90_demux'.
Generating RTLIL representation for module `\_90_lut'.
Generating RTLIL representation for module `$connect'.
Generating RTLIL representation for module `$input_port'.
Successfully finished Verilog frontend.

19.32.2. Executing Verilog-2005 frontend: /opt/homebrew/bin/../share/yosys/ice40/arith_map.v
Parsing Verilog input from `/opt/homebrew/bin/../share/yosys/ice40/arith_map.v' to AST representation.
Generating RTLIL representation for module `\_80_ice40_alu'.
Successfully finished Verilog frontend.

19.32.3. Continuing TECHMAP pass.
Using extmapper simplemap for cells of type $reduce_bool.
Using extmapper simplemap for cells of type $dffe.
Using extmapper simplemap for cells of type $and.
Using extmapper simplemap for cells of type $not.
Using extmapper simplemap for cells of type $mux.
Using extmapper simplemap for cells of type $sdffe.
Using template $paramod$6a42b6fefed750f8a1c58eab59479d960557103c\_80_ice40_alu for cells of type $alu.
Using template $paramod$4ccbe221165818e15f326ddee3d1183c7924e12f\_80_ice40_alu for cells of type $alu.
Using template $paramod$c3cd1564c35d873179656addd6052d7ea8b6d991\_80_ice40_alu for cells of type $alu.
Using template $paramod$a1bc51c02ce12ac21eb18988e83292af48ed7d72\_80_ice40_alu for cells of type $alu.
Using extmapper simplemap for cells of type $sdff.
Using extmapper simplemap for cells of type $reduce_and.
Using extmapper simplemap for cells of type $reduce_or.
Using extmapper simplemap for cells of type $ne.
Using extmapper simplemap for cells of type $eq.
Using extmapper simplemap for cells of type $logic_not.
Using extmapper simplemap for cells of type $dff.
Using extmapper simplemap for cells of type $pmux.
Using extmapper simplemap for cells of type $logic_and.
Using extmapper simplemap for cells of type $logic_or.
Using extmapper simplemap for cells of type $xor.
Using extmapper simplemap for cells of type $or.
Using extmapper simplemap for cells of type $adff.
Using extmapper simplemap for cells of type $pos.
No more expansions possible.
<suppressed ~1417 debug messages>

19.33. Executing OPT pass (performing simple optimizations).

19.33.1. Executing OPT_EXPR pass (perform const folding).
Optimizing module minirisc_ice40_top.
<suppressed ~191 debug messages>

19.33.2. Executing OPT_MERGE pass (detect identical cells).
Finding identical cells in module `\minirisc_ice40_top'.
Computing hashes of 5542 cells of `\minirisc_ice40_top'.
Finding duplicate cells in `\minirisc_ice40_top'.
Computing hashes of 5509 cells of `\minirisc_ice40_top'.
Finding duplicate cells in `\minirisc_ice40_top'.
Computing hashes of 5504 cells of `\minirisc_ice40_top'.
Finding duplicate cells in `\minirisc_ice40_top'.
Computing hashes of 5503 cells of `\minirisc_ice40_top'.
Finding duplicate cells in `\minirisc_ice40_top'.
<suppressed ~117 debug messages>
Removed a total of 39 cells.

19.33.3. Executing OPT_DFF pass (perform DFF optimizations).
Adding SRST signal on $auto$ff.cc:337:slice$7757 ($_SDFF_PP0_) from module minirisc_ice40_top (D = $auto$simplemap.cc:189:logic_reduce$10706, Q = \fpga_core.cpu_inst.u_fsm.state [2], rval = 1'0).
Adding SRST signal on $auto$ff.cc:337:slice$7755 ($_SDFF_PP0_) from module minirisc_ice40_top (D = $auto$simplemap.cc:189:logic_reduce$10678, Q = \fpga_core.cpu_inst.u_fsm.state [0], rval = 1'0).
Adding SRST signal on $auto$ff.cc:337:slice$7756 ($_SDFF_PP0_) from module minirisc_ice40_top (D = $auto$simplemap.cc:189:logic_reduce$10692, Q = \fpga_core.cpu_inst.u_fsm.state [1], rval = 1'0).

19.33.4. Executing OPT_CLEAN pass (remove unused cells and wires).
Finding unused cells or wires in module \minirisc_ice40_top..
Removed 54 unused cells and 153 unused wires.
<suppressed ~56 debug messages>

19.33.5. Rerunning OPT passes. (Removed registers in this run.)

19.33.6. Executing OPT_EXPR pass (perform const folding).
Optimizing module minirisc_ice40_top.

19.33.7. Executing OPT_MERGE pass (detect identical cells).
Finding identical cells in module `\minirisc_ice40_top'.
Computing hashes of 5455 cells of `\minirisc_ice40_top'.
Finding duplicate cells in `\minirisc_ice40_top'.
Computing hashes of 5453 cells of `\minirisc_ice40_top'.
Finding duplicate cells in `\minirisc_ice40_top'.
Computing hashes of 5451 cells of `\minirisc_ice40_top'.
Finding duplicate cells in `\minirisc_ice40_top'.
<suppressed ~12 debug messages>
Removed a total of 4 cells.

19.33.8. Executing OPT_DFF pass (perform DFF optimizations).

19.33.9. Executing OPT_CLEAN pass (remove unused cells and wires).
Finding unused cells or wires in module \minirisc_ice40_top..
Removed 0 unused cells and 4 unused wires.
<suppressed ~1 debug messages>

19.33.10. Finished fast OPT passes.

19.34. Executing ICE40_OPT pass (performing simple optimizations).

19.34.1. Running ICE40 specific optimizations.
Optimized $__ICE40_CARRY_WRAPPER cell back to logic (without SB_CARRY) minirisc_ice40_top.$auto$alumacc.cc:548:replace_alu$1655.slice[0].carry: CO=\fpga_core.cpu_inst.u_pc.pc [0]
Optimized $__ICE40_CARRY_WRAPPER cell back to logic (without SB_CARRY) minirisc_ice40_top.$auto$alumacc.cc:548:replace_alu$1658.slice[8].carry: CO=1'0
Optimized $__ICE40_CARRY_WRAPPER cell back to logic (without SB_CARRY) minirisc_ice40_top.$auto$alumacc.cc:548:replace_alu$1661.slice[0].carry: CO=\fpga_core.uart_tx_inst.clk_count [0]

19.34.2. Executing OPT_EXPR pass (perform const folding).
Optimizing module minirisc_ice40_top.
<suppressed ~1 debug messages>

19.34.3. Executing OPT_MERGE pass (detect identical cells).
Finding identical cells in module `\minirisc_ice40_top'.
Computing hashes of 5450 cells of `\minirisc_ice40_top'.
Finding duplicate cells in `\minirisc_ice40_top'.
Removed a total of 0 cells.

19.34.4. Executing OPT_DFF pass (perform DFF optimizations).
Adding SRST signal on $auto$ff.cc:337:slice$5327 ($_DFFE_PP_) from module minirisc_ice40_top (D = \fpga_core.cpu_inst.u_regfile.write_data [7], Q = \fpga_core.cpu_inst.u_regfile.registers[2] [7], rval = 1'0).
Adding SRST signal on $auto$ff.cc:337:slice$5317 ($_DFFE_PP_) from module minirisc_ice40_top (D = \fpga_core.cpu_inst.u_regfile.write_data [7], Q = \fpga_core.cpu_inst.u_regfile.registers[3] [7], rval = 1'0).
Adding SRST signal on $auto$ff.cc:337:slice$5307 ($_DFFE_PP_) from module minirisc_ice40_top (D = \fpga_core.cpu_inst.u_regfile.write_data [7], Q = \fpga_core.cpu_inst.u_regfile.registers[4] [7], rval = 1'0).
Adding SRST signal on $auto$ff.cc:337:slice$5297 ($_DFFE_PP_) from module minirisc_ice40_top (D = \fpga_core.cpu_inst.u_regfile.write_data [7], Q = \fpga_core.cpu_inst.u_regfile.registers[5] [7], rval = 1'0).
Adding SRST signal on $auto$ff.cc:337:slice$5287 ($_DFFE_PP_) from module minirisc_ice40_top (D = \fpga_core.cpu_inst.u_regfile.write_data [7], Q = \fpga_core.cpu_inst.u_regfile.registers[6] [7], rval = 1'0).
Adding SRST signal on $auto$ff.cc:337:slice$5277 ($_DFFE_PP_) from module minirisc_ice40_top (D = \fpga_core.cpu_inst.u_regfile.write_data [7], Q = \fpga_core.cpu_inst.u_regfile.registers[7] [7], rval = 1'0).
Adding SRST signal on $auto$ff.cc:337:slice$5347 ($_DFFE_PP_) from module minirisc_ice40_top (D = \fpga_core.cpu_inst.u_regfile.write_data [7], Q = \fpga_core.cpu_inst.u_regfile.registers[0] [7], rval = 1'0).
Adding SRST signal on $auto$ff.cc:337:slice$5337 ($_DFFE_PP_) from module minirisc_ice40_top (D = \fpga_core.cpu_inst.u_regfile.write_data [7], Q = \fpga_core.cpu_inst.u_regfile.registers[1] [7], rval = 1'0).
Adding SRST signal on $auto$ff.cc:337:slice$5270 ($_DFFE_PP_) from module minirisc_ice40_top (D = \fpga_core.cpu_inst.u_regfile.write_data [0], Q = \fpga_core.cpu_inst.u_regfile.registers[7] [0], rval = 1'0).
Adding SRST signal on $auto$ff.cc:337:slice$5271 ($_DFFE_PP_) from module minirisc_ice40_top (D = \fpga_core.cpu_inst.u_regfile.write_data [1], Q = \fpga_core.cpu_inst.u_regfile.registers[7] [1], rval = 1'0).
Adding SRST signal on $auto$ff.cc:337:slice$5272 ($_DFFE_PP_) from module minirisc_ice40_top (D = \fpga_core.cpu_inst.u_regfile.write_data [2], Q = \fpga_core.cpu_inst.u_regfile.registers[7] [2], rval = 1'0).
Adding SRST signal on $auto$ff.cc:337:slice$5273 ($_DFFE_PP_) from module minirisc_ice40_top (D = \fpga_core.cpu_inst.u_regfile.write_data [3], Q = \fpga_core.cpu_inst.u_regfile.registers[7] [3], rval = 1'0).
Adding SRST signal on $auto$ff.cc:337:slice$5274 ($_DFFE_PP_) from module minirisc_ice40_top (D = \fpga_core.cpu_inst.u_regfile.write_data [4], Q = \fpga_core.cpu_inst.u_regfile.registers[7] [4], rval = 1'0).
Adding SRST signal on $auto$ff.cc:337:slice$5275 ($_DFFE_PP_) from module minirisc_ice40_top (D = \fpga_core.cpu_inst.u_regfile.write_data [5], Q = \fpga_core.cpu_inst.u_regfile.registers[7] [5], rval = 1'0).
Adding SRST signal on $auto$ff.cc:337:slice$5276 ($_DFFE_PP_) from module minirisc_ice40_top (D = \fpga_core.cpu_inst.u_regfile.write_data [6], Q = \fpga_core.cpu_inst.u_regfile.registers[7] [6], rval = 1'0).
Adding SRST signal on $auto$ff.cc:337:slice$5280 ($_DFFE_PP_) from module minirisc_ice40_top (D = \fpga_core.cpu_inst.u_regfile.write_data [0], Q = \fpga_core.cpu_inst.u_regfile.registers[6] [0], rval = 1'0).
Adding SRST signal on $auto$ff.cc:337:slice$5281 ($_DFFE_PP_) from module minirisc_ice40_top (D = \fpga_core.cpu_inst.u_regfile.write_data [1], Q = \fpga_core.cpu_inst.u_regfile.registers[6] [1], rval = 1'0).
Adding SRST signal on $auto$ff.cc:337:slice$5282 ($_DFFE_PP_) from module minirisc_ice40_top (D = \fpga_core.cpu_inst.u_regfile.write_data [2], Q = \fpga_core.cpu_inst.u_regfile.registers[6] [2], rval = 1'0).
Adding SRST signal on $auto$ff.cc:337:slice$5283 ($_DFFE_PP_) from module minirisc_ice40_top (D = \fpga_core.cpu_inst.u_regfile.write_data [3], Q = \fpga_core.cpu_inst.u_regfile.registers[6] [3], rval = 1'0).
Adding SRST signal on $auto$ff.cc:337:slice$5284 ($_DFFE_PP_) from module minirisc_ice40_top (D = \fpga_core.cpu_inst.u_regfile.write_data [4], Q = \fpga_core.cpu_inst.u_regfile.registers[6] [4], rval = 1'0).
Adding SRST signal on $auto$ff.cc:337:slice$5285 ($_DFFE_PP_) from module minirisc_ice40_top (D = \fpga_core.cpu_inst.u_regfile.write_data [5], Q = \fpga_core.cpu_inst.u_regfile.registers[6] [5], rval = 1'0).
Adding SRST signal on $auto$ff.cc:337:slice$5286 ($_DFFE_PP_) from module minirisc_ice40_top (D = \fpga_core.cpu_inst.u_regfile.write_data [6], Q = \fpga_core.cpu_inst.u_regfile.registers[6] [6], rval = 1'0).
Adding SRST signal on $auto$ff.cc:337:slice$5290 ($_DFFE_PP_) from module minirisc_ice40_top (D = \fpga_core.cpu_inst.u_regfile.write_data [0], Q = \fpga_core.cpu_inst.u_regfile.registers[5] [0], rval = 1'0).
Adding SRST signal on $auto$ff.cc:337:slice$5291 ($_DFFE_PP_) from module minirisc_ice40_top (D = \fpga_core.cpu_inst.u_regfile.write_data [1], Q = \fpga_core.cpu_inst.u_regfile.registers[5] [1], rval = 1'0).
Adding SRST signal on $auto$ff.cc:337:slice$5292 ($_DFFE_PP_) from module minirisc_ice40_top (D = \fpga_core.cpu_inst.u_regfile.write_data [2], Q = \fpga_core.cpu_inst.u_regfile.registers[5] [2], rval = 1'0).
Adding SRST signal on $auto$ff.cc:337:slice$5293 ($_DFFE_PP_) from module minirisc_ice40_top (D = \fpga_core.cpu_inst.u_regfile.write_data [3], Q = \fpga_core.cpu_inst.u_regfile.registers[5] [3], rval = 1'0).
Adding SRST signal on $auto$ff.cc:337:slice$5294 ($_DFFE_PP_) from module minirisc_ice40_top (D = \fpga_core.cpu_inst.u_regfile.write_data [4], Q = \fpga_core.cpu_inst.u_regfile.registers[5] [4], rval = 1'0).
Adding SRST signal on $auto$ff.cc:337:slice$5295 ($_DFFE_PP_) from module minirisc_ice40_top (D = \fpga_core.cpu_inst.u_regfile.write_data [5], Q = \fpga_core.cpu_inst.u_regfile.registers[5] [5], rval = 1'0).
Adding SRST signal on $auto$ff.cc:337:slice$5296 ($_DFFE_PP_) from module minirisc_ice40_top (D = \fpga_core.cpu_inst.u_regfile.write_data [6], Q = \fpga_core.cpu_inst.u_regfile.registers[5] [6], rval = 1'0).
Adding SRST signal on $auto$ff.cc:337:slice$5300 ($_DFFE_PP_) from module minirisc_ice40_top (D = \fpga_core.cpu_inst.u_regfile.write_data [0], Q = \fpga_core.cpu_inst.u_regfile.registers[4] [0], rval = 1'0).
Adding SRST signal on $auto$ff.cc:337:slice$5301 ($_DFFE_PP_) from module minirisc_ice40_top (D = \fpga_core.cpu_inst.u_regfile.write_data [1], Q = \fpga_core.cpu_inst.u_regfile.registers[4] [1], rval = 1'0).
Adding SRST signal on $auto$ff.cc:337:slice$5302 ($_DFFE_PP_) from module minirisc_ice40_top (D = \fpga_core.cpu_inst.u_regfile.write_data [2], Q = \fpga_core.cpu_inst.u_regfile.registers[4] [2], rval = 1'0).
Adding SRST signal on $auto$ff.cc:337:slice$5303 ($_DFFE_PP_) from module minirisc_ice40_top (D = \fpga_core.cpu_inst.u_regfile.write_data [3], Q = \fpga_core.cpu_inst.u_regfile.registers[4] [3], rval = 1'0).
Adding SRST signal on $auto$ff.cc:337:slice$5304 ($_DFFE_PP_) from module minirisc_ice40_top (D = \fpga_core.cpu_inst.u_regfile.write_data [4], Q = \fpga_core.cpu_inst.u_regfile.registers[4] [4], rval = 1'0).
Adding SRST signal on $auto$ff.cc:337:slice$5305 ($_DFFE_PP_) from module minirisc_ice40_top (D = \fpga_core.cpu_inst.u_regfile.write_data [5], Q = \fpga_core.cpu_inst.u_regfile.registers[4] [5], rval = 1'0).
Adding SRST signal on $auto$ff.cc:337:slice$5306 ($_DFFE_PP_) from module minirisc_ice40_top (D = \fpga_core.cpu_inst.u_regfile.write_data [6], Q = \fpga_core.cpu_inst.u_regfile.registers[4] [6], rval = 1'0).
Adding SRST signal on $auto$ff.cc:337:slice$5310 ($_DFFE_PP_) from module minirisc_ice40_top (D = \fpga_core.cpu_inst.u_regfile.write_data [0], Q = \fpga_core.cpu_inst.u_regfile.registers[3] [0], rval = 1'0).
Adding SRST signal on $auto$ff.cc:337:slice$5311 ($_DFFE_PP_) from module minirisc_ice40_top (D = \fpga_core.cpu_inst.u_regfile.write_data [1], Q = \fpga_core.cpu_inst.u_regfile.registers[3] [1], rval = 1'0).
Adding SRST signal on $auto$ff.cc:337:slice$5312 ($_DFFE_PP_) from module minirisc_ice40_top (D = \fpga_core.cpu_inst.u_regfile.write_data [2], Q = \fpga_core.cpu_inst.u_regfile.registers[3] [2], rval = 1'0).
Adding SRST signal on $auto$ff.cc:337:slice$5313 ($_DFFE_PP_) from module minirisc_ice40_top (D = \fpga_core.cpu_inst.u_regfile.write_data [3], Q = \fpga_core.cpu_inst.u_regfile.registers[3] [3], rval = 1'0).
Adding SRST signal on $auto$ff.cc:337:slice$5314 ($_DFFE_PP_) from module minirisc_ice40_top (D = \fpga_core.cpu_inst.u_regfile.write_data [4], Q = \fpga_core.cpu_inst.u_regfile.registers[3] [4], rval = 1'0).
Adding SRST signal on $auto$ff.cc:337:slice$5315 ($_DFFE_PP_) from module minirisc_ice40_top (D = \fpga_core.cpu_inst.u_regfile.write_data [5], Q = \fpga_core.cpu_inst.u_regfile.registers[3] [5], rval = 1'0).
Adding SRST signal on $auto$ff.cc:337:slice$5316 ($_DFFE_PP_) from module minirisc_ice40_top (D = \fpga_core.cpu_inst.u_regfile.write_data [6], Q = \fpga_core.cpu_inst.u_regfile.registers[3] [6], rval = 1'0).
Adding SRST signal on $auto$ff.cc:337:slice$5320 ($_DFFE_PP_) from module minirisc_ice40_top (D = \fpga_core.cpu_inst.u_regfile.write_data [0], Q = \fpga_core.cpu_inst.u_regfile.registers[2] [0], rval = 1'0).
Adding SRST signal on $auto$ff.cc:337:slice$5321 ($_DFFE_PP_) from module minirisc_ice40_top (D = \fpga_core.cpu_inst.u_regfile.write_data [1], Q = \fpga_core.cpu_inst.u_regfile.registers[2] [1], rval = 1'0).
Adding SRST signal on $auto$ff.cc:337:slice$5322 ($_DFFE_PP_) from module minirisc_ice40_top (D = \fpga_core.cpu_inst.u_regfile.write_data [2], Q = \fpga_core.cpu_inst.u_regfile.registers[2] [2], rval = 1'0).
Adding SRST signal on $auto$ff.cc:337:slice$5323 ($_DFFE_PP_) from module minirisc_ice40_top (D = \fpga_core.cpu_inst.u_regfile.write_data [3], Q = \fpga_core.cpu_inst.u_regfile.registers[2] [3], rval = 1'0).
Adding SRST signal on $auto$ff.cc:337:slice$5324 ($_DFFE_PP_) from module minirisc_ice40_top (D = \fpga_core.cpu_inst.u_regfile.write_data [4], Q = \fpga_core.cpu_inst.u_regfile.registers[2] [4], rval = 1'0).
Adding SRST signal on $auto$ff.cc:337:slice$5325 ($_DFFE_PP_) from module minirisc_ice40_top (D = \fpga_core.cpu_inst.u_regfile.write_data [5], Q = \fpga_core.cpu_inst.u_regfile.registers[2] [5], rval = 1'0).
Adding SRST signal on $auto$ff.cc:337:slice$5326 ($_DFFE_PP_) from module minirisc_ice40_top (D = \fpga_core.cpu_inst.u_regfile.write_data [6], Q = \fpga_core.cpu_inst.u_regfile.registers[2] [6], rval = 1'0).
Adding SRST signal on $auto$ff.cc:337:slice$5330 ($_DFFE_PP_) from module minirisc_ice40_top (D = \fpga_core.cpu_inst.u_regfile.write_data [0], Q = \fpga_core.cpu_inst.u_regfile.registers[1] [0], rval = 1'0).
Adding SRST signal on $auto$ff.cc:337:slice$5331 ($_DFFE_PP_) from module minirisc_ice40_top (D = \fpga_core.cpu_inst.u_regfile.write_data [1], Q = \fpga_core.cpu_inst.u_regfile.registers[1] [1], rval = 1'0).
Adding SRST signal on $auto$ff.cc:337:slice$5332 ($_DFFE_PP_) from module minirisc_ice40_top (D = \fpga_core.cpu_inst.u_regfile.write_data [2], Q = \fpga_core.cpu_inst.u_regfile.registers[1] [2], rval = 1'0).
Adding SRST signal on $auto$ff.cc:337:slice$5333 ($_DFFE_PP_) from module minirisc_ice40_top (D = \fpga_core.cpu_inst.u_regfile.write_data [3], Q = \fpga_core.cpu_inst.u_regfile.registers[1] [3], rval = 1'0).
Adding SRST signal on $auto$ff.cc:337:slice$5334 ($_DFFE_PP_) from module minirisc_ice40_top (D = \fpga_core.cpu_inst.u_regfile.write_data [4], Q = \fpga_core.cpu_inst.u_regfile.registers[1] [4], rval = 1'0).
Adding SRST signal on $auto$ff.cc:337:slice$5335 ($_DFFE_PP_) from module minirisc_ice40_top (D = \fpga_core.cpu_inst.u_regfile.write_data [5], Q = \fpga_core.cpu_inst.u_regfile.registers[1] [5], rval = 1'0).
Adding SRST signal on $auto$ff.cc:337:slice$5336 ($_DFFE_PP_) from module minirisc_ice40_top (D = \fpga_core.cpu_inst.u_regfile.write_data [6], Q = \fpga_core.cpu_inst.u_regfile.registers[1] [6], rval = 1'0).
Adding SRST signal on $auto$ff.cc:337:slice$5340 ($_DFFE_PP_) from module minirisc_ice40_top (D = \fpga_core.cpu_inst.u_regfile.write_data [0], Q = \fpga_core.cpu_inst.u_regfile.registers[0] [0], rval = 1'0).
Adding SRST signal on $auto$ff.cc:337:slice$5341 ($_DFFE_PP_) from module minirisc_ice40_top (D = \fpga_core.cpu_inst.u_regfile.write_data [1], Q = \fpga_core.cpu_inst.u_regfile.registers[0] [1], rval = 1'0).
Adding SRST signal on $auto$ff.cc:337:slice$5342 ($_DFFE_PP_) from module minirisc_ice40_top (D = \fpga_core.cpu_inst.u_regfile.write_data [2], Q = \fpga_core.cpu_inst.u_regfile.registers[0] [2], rval = 1'0).
Adding SRST signal on $auto$ff.cc:337:slice$5343 ($_DFFE_PP_) from module minirisc_ice40_top (D = \fpga_core.cpu_inst.u_regfile.write_data [3], Q = \fpga_core.cpu_inst.u_regfile.registers[0] [3], rval = 1'0).
Adding SRST signal on $auto$ff.cc:337:slice$5344 ($_DFFE_PP_) from module minirisc_ice40_top (D = \fpga_core.cpu_inst.u_regfile.write_data [4], Q = \fpga_core.cpu_inst.u_regfile.registers[0] [4], rval = 1'0).
Adding SRST signal on $auto$ff.cc:337:slice$5345 ($_DFFE_PP_) from module minirisc_ice40_top (D = \fpga_core.cpu_inst.u_regfile.write_data [5], Q = \fpga_core.cpu_inst.u_regfile.registers[0] [5], rval = 1'0).
Adding SRST signal on $auto$ff.cc:337:slice$5346 ($_DFFE_PP_) from module minirisc_ice40_top (D = \fpga_core.cpu_inst.u_regfile.write_data [6], Q = \fpga_core.cpu_inst.u_regfile.registers[0] [6], rval = 1'0).

19.34.5. Executing OPT_CLEAN pass (remove unused cells and wires).
Finding unused cells or wires in module \minirisc_ice40_top..
Removed 64 unused cells and 10 unused wires.
<suppressed ~65 debug messages>

19.34.6. Rerunning OPT passes. (Removed registers in this run.)

19.34.7. Running ICE40 specific optimizations.

19.34.8. Executing OPT_EXPR pass (perform const folding).
Optimizing module minirisc_ice40_top.

19.34.9. Executing OPT_MERGE pass (detect identical cells).
Finding identical cells in module `\minirisc_ice40_top'.
Computing hashes of 5386 cells of `\minirisc_ice40_top'.
Finding duplicate cells in `\minirisc_ice40_top'.
Removed a total of 0 cells.

19.34.10. Executing OPT_DFF pass (perform DFF optimizations).

19.34.11. Executing OPT_CLEAN pass (remove unused cells and wires).
Finding unused cells or wires in module \minirisc_ice40_top..

19.34.12. Finished OPT passes. (There is nothing left to do.)

19.35. Executing DFFLEGALIZE pass (convert FFs to types supported by the target).

19.36. Executing TECHMAP pass (map to technology primitives).

19.36.1. Executing Verilog-2005 frontend: /opt/homebrew/bin/../share/yosys/ice40/ff_map.v
Parsing Verilog input from `/opt/homebrew/bin/../share/yosys/ice40/ff_map.v' to AST representation.
Generating RTLIL representation for module `$_DFF_N_'.
Generating RTLIL representation for module `$_DFF_P_'.
Generating RTLIL representation for module `$_DFFE_NP_'.
Generating RTLIL representation for module `$_DFFE_PP_'.
Generating RTLIL representation for module `$_DFF_NP0_'.
Generating RTLIL representation for module `$_DFF_NP1_'.
Generating RTLIL representation for module `$_DFF_PP0_'.
Generating RTLIL representation for module `$_DFF_PP1_'.
Generating RTLIL representation for module `$_DFFE_NP0P_'.
Generating RTLIL representation for module `$_DFFE_NP1P_'.
Generating RTLIL representation for module `$_DFFE_PP0P_'.
Generating RTLIL representation for module `$_DFFE_PP1P_'.
Generating RTLIL representation for module `$_SDFF_NP0_'.
Generating RTLIL representation for module `$_SDFF_NP1_'.
Generating RTLIL representation for module `$_SDFF_PP0_'.
Generating RTLIL representation for module `$_SDFF_PP1_'.
Generating RTLIL representation for module `$_SDFFCE_NP0P_'.
Generating RTLIL representation for module `$_SDFFCE_NP1P_'.
Generating RTLIL representation for module `$_SDFFCE_PP0P_'.
Generating RTLIL representation for module `$_SDFFCE_PP1P_'.
Successfully finished Verilog frontend.

19.36.2. Continuing TECHMAP pass.
Using template $_SDFFCE_PP0P_ for cells of type $_SDFFCE_PP0P_.
Using template $_SDFF_PP0_ for cells of type $_SDFF_PP0_.
Using template $_DFF_PP1_ for cells of type $_DFF_PP1_.
Using template $_DFF_P_ for cells of type $_DFF_P_.
Using template $_SDFFCE_PP1P_ for cells of type $_SDFFCE_PP1P_.
Using template $_DFFE_PP_ for cells of type $_DFFE_PP_.
No more expansions possible.
<suppressed ~2204 debug messages>

19.37. Executing OPT_EXPR pass (perform const folding).
Optimizing module minirisc_ice40_top.

19.38. Executing SIMPLEMAP pass (map simple cells to gate primitives).
Mapping minirisc_ice40_top.$auto$alumacc.cc:548:replace_alu$1655.slice[0].carry ($lut).
Mapping minirisc_ice40_top.$auto$alumacc.cc:548:replace_alu$1658.slice[8].carry ($lut).
Mapping minirisc_ice40_top.$auto$alumacc.cc:548:replace_alu$1661.slice[0].carry ($lut).

19.39. Executing ICE40_OPT pass (performing simple optimizations).

19.39.1. Running ICE40 specific optimizations.

19.39.2. Executing OPT_EXPR pass (perform const folding).
Optimizing module minirisc_ice40_top.
<suppressed ~89 debug messages>

19.39.3. Executing OPT_MERGE pass (detect identical cells).
Finding identical cells in module `\minirisc_ice40_top'.
Computing hashes of 5469 cells of `\minirisc_ice40_top'.
Finding duplicate cells in `\minirisc_ice40_top'.
Computing hashes of 5396 cells of `\minirisc_ice40_top'.
Finding duplicate cells in `\minirisc_ice40_top'.
<suppressed ~219 debug messages>
Removed a total of 73 cells.

19.39.4. Executing OPT_DFF pass (perform DFF optimizations).

19.39.5. Executing OPT_CLEAN pass (remove unused cells and wires).
Finding unused cells or wires in module \minirisc_ice40_top..
Removed 0 unused cells and 11068 unused wires.
<suppressed ~1 debug messages>

19.39.6. Rerunning OPT passes. (Removed registers in this run.)

19.39.7. Running ICE40 specific optimizations.

19.39.8. Executing OPT_EXPR pass (perform const folding).
Optimizing module minirisc_ice40_top.

19.39.9. Executing OPT_MERGE pass (detect identical cells).
Finding identical cells in module `\minirisc_ice40_top'.
Computing hashes of 5396 cells of `\minirisc_ice40_top'.
Finding duplicate cells in `\minirisc_ice40_top'.
Removed a total of 0 cells.

19.39.10. Executing OPT_DFF pass (perform DFF optimizations).

19.39.11. Executing OPT_CLEAN pass (remove unused cells and wires).
Finding unused cells or wires in module \minirisc_ice40_top..

19.39.12. Finished OPT passes. (There is nothing left to do.)

19.40. Executing CHECK pass (checking for obvious problems).
Checking module minirisc_ice40_top...
Found and reported 0 problems.

19.41. Executing TECHMAP pass (map to technology primitives).

19.41.1. Executing Verilog-2005 frontend: /opt/homebrew/bin/../share/yosys/ice40/latches_map.v
Parsing Verilog input from `/opt/homebrew/bin/../share/yosys/ice40/latches_map.v' to AST representation.
Generating RTLIL representation for module `$_DLATCH_N_'.
Generating RTLIL representation for module `$_DLATCH_P_'.
Successfully finished Verilog frontend.

19.41.2. Continuing TECHMAP pass.
No more expansions possible.
<suppressed ~4 debug messages>

19.42. Executing Verilog-2005 frontend: /opt/homebrew/bin/../share/yosys/ice40/abc9_model.v
Parsing Verilog input from `/opt/homebrew/bin/../share/yosys/ice40/abc9_model.v' to AST representation.
Generating RTLIL representation for module `$__ICE40_CARRY_WRAPPER'.
Successfully finished Verilog frontend.

19.43. Executing ABC9 pass.

19.43.1. Executing ABC9_OPS pass (helper functions for ABC9).

19.43.2. Executing ABC9_OPS pass (helper functions for ABC9).

19.43.3. Executing PROC pass (convert processes to netlists).

19.43.3.1. Executing PROC_CLEAN pass (remove empty switches from decision trees).
Cleaned up 0 empty switches.

19.43.3.2. Executing PROC_RMDEAD pass (remove dead branches from decision trees).
Marked 1 switch rules as full_case in process $proc$/opt/homebrew/bin/../share/yosys/ice40/cells_sim.v:527$1039 in module SB_DFFS.
Removed a total of 0 dead cases.

19.43.3.3. Executing PROC_PRUNE pass (remove redundant assignments in processes).
Removed 1 redundant assignment.
Promoted 1 assignment to connection.

19.43.3.4. Executing PROC_INIT pass (extract init attributes).
Found init rule in `\SB_DFFS.$proc$/opt/homebrew/bin/../share/yosys/ice40/cells_sim.v:525$1041'.
  Set init value: \Q = 1'0

19.43.3.5. Executing PROC_ARST pass (detect async resets in processes).
Found async reset \S in `\SB_DFFS.$proc$/opt/homebrew/bin/../share/yosys/ice40/cells_sim.v:527$1039'.

19.43.3.6. Executing PROC_ROM pass (convert switches to ROMs).
Converted 0 switches.

19.43.3.7. Executing PROC_MUX pass (convert decision trees to multiplexers).
Creating decoders for process `\SB_DFFS.$proc$/opt/homebrew/bin/../share/yosys/ice40/cells_sim.v:525$1041'.
Creating decoders for process `\SB_DFFS.$proc$/opt/homebrew/bin/../share/yosys/ice40/cells_sim.v:527$1039'.
     1/1: $0\Q[0:0]

19.43.3.8. Executing PROC_DLATCH pass (convert process syncs to latches).

19.43.3.9. Executing PROC_DFF pass (convert process syncs to FFs).
Creating register for signal `\SB_DFFS.\Q' using process `\SB_DFFS.$proc$/opt/homebrew/bin/../share/yosys/ice40/cells_sim.v:527$1039'.
  created $adff cell `$procdff$13748' with positive edge clock and positive level reset.

19.43.3.10. Executing PROC_MEMWR pass (convert process memory writes to cells).

19.43.3.11. Executing PROC_CLEAN pass (remove empty switches from decision trees).
Removing empty process `SB_DFFS.$proc$/opt/homebrew/bin/../share/yosys/ice40/cells_sim.v:525$1041'.
Removing empty process `SB_DFFS.$proc$/opt/homebrew/bin/../share/yosys/ice40/cells_sim.v:527$1039'.
Cleaned up 0 empty switches.

19.43.4. Executing SCC pass (detecting logic loops).
Found 0 SCCs in module minirisc_ice40_top.
Found 0 SCCs.

19.43.5. Executing ABC9_OPS pass (helper functions for ABC9).

19.43.6. Executing TECHMAP pass (map to technology primitives).

19.43.6.1. Executing Verilog-2005 frontend: /opt/homebrew/bin/../share/yosys/techmap.v
Parsing Verilog input from `/opt/homebrew/bin/../share/yosys/techmap.v' to AST representation.
Generating RTLIL representation for module `\_90_simplemap_bool_ops'.
Generating RTLIL representation for module `\_90_simplemap_reduce_ops'.
Generating RTLIL representation for module `\_90_simplemap_logic_ops'.
Generating RTLIL representation for module `\_90_simplemap_compare_ops'.
Generating RTLIL representation for module `\_90_simplemap_various'.
Generating RTLIL representation for module `\_90_simplemap_registers'.
Generating RTLIL representation for module `\_90_shift_ops_shr_shl_sshl_sshr'.
Generating RTLIL representation for module `\_90_shift_shiftx'.
Generating RTLIL representation for module `\_90_fa'.
Generating RTLIL representation for module `\_90_lcu_brent_kung'.
Generating RTLIL representation for module `\_90_alu'.
Generating RTLIL representation for module `\_90_macc'.
Generating RTLIL representation for module `\_90_alumacc'.
Generating RTLIL representation for module `$__div_mod_u'.
Generating RTLIL representation for module `$__div_mod_trunc'.
Generating RTLIL representation for module `\_90_div'.
Generating RTLIL representation for module `\_90_mod'.
Generating RTLIL representation for module `$__div_mod_floor'.
Generating RTLIL representation for module `\_90_divfloor'.
Generating RTLIL representation for module `\_90_modfloor'.
Generating RTLIL representation for module `\_90_pow'.
Generating RTLIL representation for module `\_90_demux'.
Generating RTLIL representation for module `\_90_lut'.
Generating RTLIL representation for module `$connect'.
Generating RTLIL representation for module `$input_port'.
Successfully finished Verilog frontend.

19.43.6.2. Continuing TECHMAP pass.
No more expansions possible.
<suppressed ~132 debug messages>

19.43.7. Executing OPT pass (performing simple optimizations).

19.43.7.1. Executing OPT_EXPR pass (perform const folding).
Optimizing module SB_DFFS.

19.43.7.2. Executing OPT_MERGE pass (detect identical cells).
Finding identical cells in module `\SB_DFFS'.
Computing hashes of 2 cells of `\SB_DFFS'.
Finding duplicate cells in `\SB_DFFS'.
Removed a total of 0 cells.

19.43.7.3. Executing OPT_MUXTREE pass (detect dead branches in mux trees).
Running muxtree optimizer on module \SB_DFFS..
  Creating internal representation of mux trees.
  No muxes found in this module.
Removed 0 multiplexer ports.

19.43.7.4. Executing OPT_REDUCE pass (consolidate $*mux and $reduce_* inputs).
  Optimizing cells in module \SB_DFFS.
Performed a total of 0 changes.

19.43.7.5. Executing OPT_MERGE pass (detect identical cells).
Finding identical cells in module `\SB_DFFS'.
Computing hashes of 2 cells of `\SB_DFFS'.
Finding duplicate cells in `\SB_DFFS'.
Removed a total of 0 cells.

19.43.7.6. Executing OPT_DFF pass (perform DFF optimizations).

19.43.7.7. Executing OPT_CLEAN pass (remove unused cells and wires).
Finding unused cells or wires in module \SB_DFFS..

19.43.7.8. Executing OPT_EXPR pass (perform const folding).
Optimizing module SB_DFFS.

19.43.7.9. Finished fast OPT passes. (There is nothing left to do.)

19.43.8. Executing TECHMAP pass (map to technology primitives).

19.43.8.1. Executing Verilog-2005 frontend: /opt/homebrew/bin/../share/yosys/abc9_map.v
Parsing Verilog input from `/opt/homebrew/bin/../share/yosys/abc9_map.v' to AST representation.
Successfully finished Verilog frontend.

19.43.8.2. Continuing TECHMAP pass.
Using template SB_DFFS for cells of type SB_DFFS.
No more expansions possible.
<suppressed ~5 debug messages>

19.43.9. Executing Verilog-2005 frontend: /opt/homebrew/bin/../share/yosys/abc9_model.v
Parsing Verilog input from `/opt/homebrew/bin/../share/yosys/abc9_model.v' to AST representation.
Generating RTLIL representation for module `$__ABC9_DELAY'.
Generating RTLIL representation for module `$__ABC9_SCC_BREAKER'.
Generating RTLIL representation for module `$__DFF_N__$abc9_flop'.
Generating RTLIL representation for module `$__DFF_P__$abc9_flop'.
Successfully finished Verilog frontend.

19.43.10. Executing ABC9_OPS pass (helper functions for ABC9).
<suppressed ~2362 debug messages>

19.43.11. Executing ABC9_OPS pass (helper functions for ABC9).

19.43.12. Executing ABC9_OPS pass (helper functions for ABC9).
<suppressed ~2 debug messages>

19.43.13. Executing TECHMAP pass (map to technology primitives).

19.43.13.1. Executing Verilog-2005 frontend: /opt/homebrew/bin/../share/yosys/techmap.v
Parsing Verilog input from `/opt/homebrew/bin/../share/yosys/techmap.v' to AST representation.
Generating RTLIL representation for module `\_90_simplemap_bool_ops'.
Generating RTLIL representation for module `\_90_simplemap_reduce_ops'.
Generating RTLIL representation for module `\_90_simplemap_logic_ops'.
Generating RTLIL representation for module `\_90_simplemap_compare_ops'.
Generating RTLIL representation for module `\_90_simplemap_various'.
Generating RTLIL representation for module `\_90_simplemap_registers'.
Generating RTLIL representation for module `\_90_shift_ops_shr_shl_sshl_sshr'.
Generating RTLIL representation for module `\_90_shift_shiftx'.
Generating RTLIL representation for module `\_90_fa'.
Generating RTLIL representation for module `\_90_lcu_brent_kung'.
Generating RTLIL representation for module `\_90_alu'.
Generating RTLIL representation for module `\_90_macc'.
Generating RTLIL representation for module `\_90_alumacc'.
Generating RTLIL representation for module `$__div_mod_u'.
Generating RTLIL representation for module `$__div_mod_trunc'.
Generating RTLIL representation for module `\_90_div'.
Generating RTLIL representation for module `\_90_mod'.
Generating RTLIL representation for module `$__div_mod_floor'.
Generating RTLIL representation for module `\_90_divfloor'.
Generating RTLIL representation for module `\_90_modfloor'.
Generating RTLIL representation for module `\_90_pow'.
Generating RTLIL representation for module `\_90_demux'.
Generating RTLIL representation for module `\_90_lut'.
Generating RTLIL representation for module `$connect'.
Generating RTLIL representation for module `$input_port'.
Successfully finished Verilog frontend.

19.43.13.2. Continuing TECHMAP pass.
Using template $paramod$__ICE40_CARRY_WRAPPER\LUT=16'0110100110010110\I3_IS_CI=1'1 for cells of type $paramod$__ICE40_CARRY_WRAPPER\LUT=16'0110100110010110\I3_IS_CI=1'1.
Using template SB_CARRY for cells of type SB_CARRY.
Using template $paramod\SB_LUT4\LUT_INIT=16'0110100110010110 for cells of type SB_LUT4.
Using extmapper simplemap for cells of type $mux.
Using extmapper simplemap for cells of type $logic_or.
Using extmapper simplemap for cells of type $logic_and.
No more expansions possible.
<suppressed ~159 debug messages>

19.43.14. Executing OPT pass (performing simple optimizations).

19.43.14.1. Executing OPT_EXPR pass (perform const folding).
Optimizing module minirisc_ice40_top.
<suppressed ~4 debug messages>

19.43.14.2. Executing OPT_MERGE pass (detect identical cells).
Finding identical cells in module `\minirisc_ice40_top'.
Computing hashes of 30 cells of `\minirisc_ice40_top'.
Finding duplicate cells in `\minirisc_ice40_top'.
Computing hashes of 20 cells of `\minirisc_ice40_top'.
Finding duplicate cells in `\minirisc_ice40_top'.
Computing hashes of 18 cells of `\minirisc_ice40_top'.
Finding duplicate cells in `\minirisc_ice40_top'.
<suppressed ~29 debug messages>
Removed a total of 12 cells.

19.43.14.3. Executing OPT_MUXTREE pass (detect dead branches in mux trees).
Running muxtree optimizer on module \minirisc_ice40_top..
  Creating internal representation of mux trees.
  No muxes found in this module.
Removed 0 multiplexer ports.

19.43.14.4. Executing OPT_REDUCE pass (consolidate $*mux and $reduce_* inputs).
  Optimizing cells in module \minirisc_ice40_top.
Performed a total of 0 changes.

19.43.14.5. Executing OPT_MERGE pass (detect identical cells).
Finding identical cells in module `\minirisc_ice40_top'.
Computing hashes of 18 cells of `\minirisc_ice40_top'.
Finding duplicate cells in `\minirisc_ice40_top'.
Removed a total of 0 cells.

19.43.14.6. Executing OPT_DFF pass (perform DFF optimizations).

19.43.14.7. Executing OPT_CLEAN pass (remove unused cells and wires).
Finding unused cells or wires in module \minirisc_ice40_top..
Removed 0 unused cells and 24 unused wires.
<suppressed ~1 debug messages>

19.43.14.8. Executing OPT_EXPR pass (perform const folding).
Optimizing module minirisc_ice40_top.

19.43.14.9. Rerunning OPT passes. (Maybe there is more to do..)

19.43.14.10. Executing OPT_MUXTREE pass (detect dead branches in mux trees).
Running muxtree optimizer on module \minirisc_ice40_top..
  Creating internal representation of mux trees.
  No muxes found in this module.
Removed 0 multiplexer ports.

19.43.14.11. Executing OPT_REDUCE pass (consolidate $*mux and $reduce_* inputs).
  Optimizing cells in module \minirisc_ice40_top.
Performed a total of 0 changes.

19.43.14.12. Executing OPT_MERGE pass (detect identical cells).
Finding identical cells in module `\minirisc_ice40_top'.
Computing hashes of 18 cells of `\minirisc_ice40_top'.
Finding duplicate cells in `\minirisc_ice40_top'.
Removed a total of 0 cells.

19.43.14.13. Executing OPT_DFF pass (perform DFF optimizations).

19.43.14.14. Executing OPT_CLEAN pass (remove unused cells and wires).
Finding unused cells or wires in module \minirisc_ice40_top..

19.43.14.15. Executing OPT_EXPR pass (perform const folding).
Optimizing module minirisc_ice40_top.

19.43.14.16. Finished fast OPT passes. (There is nothing left to do.)

19.43.15. Executing AIGMAP pass (map logic to AIG).
Module minirisc_ice40_top: replaced 7 cells with 43 new cells, skipped 11 cells.
  replaced 2 cell types:
       5 $_MUX_
       2 $_OR_
  not replaced 3 cell types:
       2 $_AND_
       1 $_NOT_
       8 $specify2

19.43.16. Executing AIGMAP pass (map logic to AIG).
Module minirisc_ice40_top: replaced 2348 cells with 15884 new cells, skipped 5410 cells.
  replaced 3 cell types:
    2156 $_MUX_
     184 $_OR_
       8 $_XOR_
  not replaced 20 cell types:
     732 $_AND_
      65 $_NOT_
      14 $scopeinfo
      10 SB_DFF
    2048 SB_DFFE
      38 SB_DFFSR
       2 SB_DFFS
      83 SB_DFFESR
       1 SB_DFFESS
       1 $paramod$__ABC9_DELAY\DELAY=32'00000000000000000000000010000101
      16 $paramod$__ABC9_DELAY\DELAY=32'00000000000000000000000010100001
      11 $paramod$__ABC9_DELAY\DELAY=32'00000000000000000000000011100000
       1 $paramod$__ABC9_DELAY\DELAY=32'00000000000000000000000001100010
       2 $paramod$__ABC9_DELAY\DELAY=32'00000000000000000000000100001011
      16 $paramod$__ABC9_DELAY\DELAY=32'00000000000000000000000100010010
    2180 $paramod$__ABC9_DELAY\DELAY=32'00000000000000000000000000010101
     133 $paramod$__ABC9_DELAY\DELAY=32'00000000000000000000000011001011
       2 SB_DFFS_$abc9_byp
       1 $paramod$ddf41a05926fe6228f1cf3e2e2808210d6f45f75\SB_RAM40_4K
      54 $paramod$__ICE40_CARRY_WRAPPER\LUT=16'0110100110010110\I3_IS_CI=1'1

19.43.16.1. Executing ABC9_OPS pass (helper functions for ABC9).

19.43.16.2. Executing ABC9_OPS pass (helper functions for ABC9).

19.43.16.3. Executing XAIGER backend.
<suppressed ~2209 debug messages>
Extracted 7408 AND gates and 21435 wires from module `minirisc_ice40_top' to a netlist network with 2199 inputs and 2639 outputs.

19.43.16.4. Executing ABC9_EXE pass (technology mapping using ABC9).

19.43.16.5. Executing ABC9.
Running ABC command: "<yosys-exe-dir>/yosys-abc" -s -f <abc-temp-dir>/abc.script 2>&1
ABC: ======== ABC command line "source <abc-temp-dir>/abc.script"
ABC: + read_lut <abc-temp-dir>/input.lut 
ABC: + read_box <abc-temp-dir>/input.box 
ABC: + &read <abc-temp-dir>/input.xaig 
ABC: + &ps 
ABC: <abc-temp-dir>/input : i/o =   2199/   2639  and =    7359  lev =   23 (3.53)  mem = 0.24 MB  box = 2416  bb = 2362
ABC: Warning: AIG with boxes has internal fanout in 0 complex flops and 23 carries.
ABC: + &scorr 
ABC: Warning: The network is combinational.
ABC: + &sweep 
ABC: + &dc2 
ABC: + &dch -f -r 
ABC: + &ps 
ABC: <abc-temp-dir>/input : i/o =   2199/   2639  and =    7363  lev =   19 (3.47)  mem = 0.24 MB  ch =  586  box = 2416  bb = 2362
ABC: cst =       0  cls =    539  lit =     586  unused =   10907  proof =     0
ABC: Warning: AIG with boxes has internal fanout in 0 complex flops and 23 carries.
ABC: + &if -W 250 -v 
ABC: K = 4. Memory (bytes): Truth =    0. Cut =   64. Obj =  144. Set =  672. CutMin = no
ABC: Node =    7363.  Ch =   539.  Total mem =    2.64 MB. Peak cut mem =    0.06 MB.
ABC: P:  Del = 7076.00.  Ar =    3158.0.  Edge =    12369.  Cut =    46537.  T =     0.00 sec
ABC: P:  Del = 7076.00.  Ar =    3105.0.  Edge =    12316.  Cut =    44084.  T =     0.00 sec
ABC: P:  Del = 7076.00.  Ar =    2656.0.  Edge =     9144.  Cut =    44853.  T =     0.00 sec
ABC: F:  Del = 7076.00.  Ar =    2461.0.  Edge =     8811.  Cut =    28531.  T =     0.00 sec
ABC: A:  Del = 7076.00.  Ar =    2446.0.  Edge =     8648.  Cut =    28476.  T =     0.00 sec
ABC: A:  Del = 7076.00.  Ar =    2446.0.  Edge =     8648.  Cut =    28740.  T =     0.00 sec
ABC: Total time =     0.02 sec
ABC: + &write -n <abc-temp-dir>/output.aig 
ABC: + &mfs 
ABC: + &ps -l 
ABC: <abc-temp-dir>/input : i/o =   2199/   2639  and =    6118  lev =   19 (3.52)  mem = 0.22 MB  box = 2416  bb = 2362
ABC: Mapping (K=4)  :  lut =   2442  edge =    8480  lev =    8 (1.77)  levB =   32  mem = 0.11 MB
ABC: LUT = 2442 : 2=274 11.2 %  3=740 30.3 %  4=1428 58.5 %  Ave = 3.47
ABC: Warning: AIG with boxes has internal fanout in 0 complex flops and 23 carries.
ABC: + &write -n <abc-temp-dir>/output.aig 
ABC: + &verify 
ABC: Networks are equivalent.  Time =     0.07 sec
ABC: + time 
ABC: elapse: 1.06 seconds, total: 1.06 seconds

19.43.16.6. Executing AIGER frontend.
<suppressed ~11 debug messages>
Removed 7525 unused cells and 17460 unused wires.

19.43.16.7. Executing ABC_OPS_REINTEGRATE pass (reintegrate ABC mapped design into module).
ABC RESULTS:              $lut cells:     2443
ABC RESULTS:   \SB_DFFS_$abc9_byp cells:        2
ABC RESULTS:   $paramod$__ICE40_CARRY_WRAPPER\LUT=16'0110100110010110\I3_IS_CI=1'1 cells:       54
ABC RESULTS:           input signals:      279
ABC RESULTS:          output signals:     2632
<suppressed ~9676 debug messages>
Removing temp directory.

19.43.17. Executing TECHMAP pass (map to technology primitives).

19.43.17.1. Executing Verilog-2005 frontend: /opt/homebrew/bin/../share/yosys/abc9_unmap.v
Parsing Verilog input from `/opt/homebrew/bin/../share/yosys/abc9_unmap.v' to AST representation.
Generating RTLIL representation for module `$__DFF_x__$abc9_flop'.
Generating RTLIL representation for module `$__ABC9_SCC_BREAKER'.
Successfully finished Verilog frontend.

19.43.17.2. Continuing TECHMAP pass.
Using template $paramod$__ICE40_CARRY_WRAPPER\LUT=16'0110100110010110\I3_IS_CI=1'1 for cells of type $paramod$__ICE40_CARRY_WRAPPER\LUT=16'0110100110010110\I3_IS_CI=1'1.
Using template $paramod$ddf41a05926fe6228f1cf3e2e2808210d6f45f75\SB_RAM40_4K for cells of type $paramod$ddf41a05926fe6228f1cf3e2e2808210d6f45f75\SB_RAM40_4K.
Using template SB_DFFS_$abc9_byp for cells of type SB_DFFS_$abc9_byp.
No more expansions possible.
<suppressed ~65 debug messages>

19.44. Executing ICE40_WRAPCARRY pass (wrap carries).

19.45. Executing TECHMAP pass (map to technology primitives).

19.45.1. Executing Verilog-2005 frontend: /opt/homebrew/bin/../share/yosys/ice40/ff_map.v
Parsing Verilog input from `/opt/homebrew/bin/../share/yosys/ice40/ff_map.v' to AST representation.
Generating RTLIL representation for module `$_DFF_N_'.
Generating RTLIL representation for module `$_DFF_P_'.
Generating RTLIL representation for module `$_DFFE_NP_'.
Generating RTLIL representation for module `$_DFFE_PP_'.
Generating RTLIL representation for module `$_DFF_NP0_'.
Generating RTLIL representation for module `$_DFF_NP1_'.
Generating RTLIL representation for module `$_DFF_PP0_'.
Generating RTLIL representation for module `$_DFF_PP1_'.
Generating RTLIL representation for module `$_DFFE_NP0P_'.
Generating RTLIL representation for module `$_DFFE_NP1P_'.
Generating RTLIL representation for module `$_DFFE_PP0P_'.
Generating RTLIL representation for module `$_DFFE_PP1P_'.
Generating RTLIL representation for module `$_SDFF_NP0_'.
Generating RTLIL representation for module `$_SDFF_NP1_'.
Generating RTLIL representation for module `$_SDFF_PP0_'.
Generating RTLIL representation for module `$_SDFF_PP1_'.
Generating RTLIL representation for module `$_SDFFCE_NP0P_'.
Generating RTLIL representation for module `$_SDFFCE_NP1P_'.
Generating RTLIL representation for module `$_SDFFCE_PP0P_'.
Generating RTLIL representation for module `$_SDFFCE_PP1P_'.
Successfully finished Verilog frontend.

19.45.2. Continuing TECHMAP pass.
No more expansions possible.
<suppressed ~22 debug messages>
Removed 51 unused cells and 24739 unused wires.

19.46. Executing OPT_LUT pass (optimize LUTs).
Discovering LUTs.
Number of LUTs:     2504
  1-LUT                1
  2-LUT              279
  3-LUT              790
  4-LUT             1434
  with \SB_CARRY    (#0)   49
  with \SB_CARRY    (#1)   49

Eliminating LUTs.
Number of LUTs:     2504
  1-LUT                1
  2-LUT              279
  3-LUT              790
  4-LUT             1434
  with \SB_CARRY    (#0)   49
  with \SB_CARRY    (#1)   49

Combining LUTs.
Number of LUTs:     2500
  1-LUT                1
  2-LUT              275
  3-LUT              786
  4-LUT             1438
  with \SB_CARRY    (#0)   49
  with \SB_CARRY    (#1)   49

Eliminated 0 LUTs.
Combined 4 LUTs.
<suppressed ~19324 debug messages>

19.47. Executing TECHMAP pass (map to technology primitives).

19.47.1. Executing Verilog-2005 frontend: /opt/homebrew/bin/../share/yosys/ice40/cells_map.v
Parsing Verilog input from `/opt/homebrew/bin/../share/yosys/ice40/cells_map.v' to AST representation.
Generating RTLIL representation for module `$lut'.
Successfully finished Verilog frontend.

19.47.2. Continuing TECHMAP pass.
Using template $paramod$fd904e9e35cfd343a9df248824bd3f1408724879$lut for cells of type $lut.
Using template $paramod$153c6cdaaddbc43e6ef3facd06aa851de33910ae$lut for cells of type $lut.
Using template $paramod$e51a8a571bee774247b38f52d6e85fd62ae52cea$lut for cells of type $lut.
Using template $paramod$4cab3b31c601551ff65536bf4f533afa0b2094ee$lut for cells of type $lut.
Using template $paramod$47a8214374025465e226fa66bee690ff33268a25$lut for cells of type $lut.
Using template $paramod$30305e55a780880b9c824fe3509a4d981acb0f2b$lut for cells of type $lut.
Using template $paramod$f8f63b209b7230e81958663ff24fef1613156af7$lut for cells of type $lut.
Using template $paramod$lut\WIDTH=32'00000000000000000000000000000011\LUT=8'10000000 for cells of type $lut.
Using template $paramod$e49f6e3576ef1a6d2f58c54414dbb786af8cc869$lut for cells of type $lut.
Using template $paramod$lut\WIDTH=32'00000000000000000000000000000011\LUT=8'00100000 for cells of type $lut.
Using template $paramod$fe9a0158d0352193457c4f5b6282ac86d35fb3ee$lut for cells of type $lut.
Using template $paramod$lut\WIDTH=32'00000000000000000000000000000010\LUT=4'1000 for cells of type $lut.
Using template $paramod$lut\WIDTH=32'00000000000000000000000000000010\LUT=4'0001 for cells of type $lut.
Using template $paramod$219b71aec9a19e7a27754ed85a7d6cdad9e5ec96$lut for cells of type $lut.
Using template $paramod$d6ca727e39f31d51d29072e0f33aa09c65e37336$lut for cells of type $lut.
Using template $paramod$873c285bdccf0ac2b60d2304ea5cd14bf211d2a6$lut for cells of type $lut.
Using template $paramod$364c9ffbffac467d60dfec81bba4e18476c15602$lut for cells of type $lut.
Using template $paramod$f9813472aa48e533b3838c6f2316dc2e78c66111$lut for cells of type $lut.
Using template $paramod$571404c0889eaf57f492cb5e37f8acb5df5852f9$lut for cells of type $lut.
Using template $paramod$b2e8d279775d333b39e310bd45fd5952acdde290$lut for cells of type $lut.
Using template $paramod$a15fd389a2f54cb7b94707b25934d226e68d9e2e$lut for cells of type $lut.
Using template $paramod$lut\WIDTH=32'00000000000000000000000000000011\LUT=8'00001000 for cells of type $lut.
Using template $paramod$c1a19a87ccbbb03d43a72335db63f692ddf82cc1$lut for cells of type $lut.
Using template $paramod$0de052767abdccc3aefc818722bdc3c7850d25d6$lut for cells of type $lut.
Using template $paramod$daac9b1e7bb2ac018f7132a3fbe0026ddd7b1a71$lut for cells of type $lut.
Using template $paramod$lut\WIDTH=32'00000000000000000000000000000010\LUT=4'0010 for cells of type $lut.
Using template $paramod$179512a187da069f3b79ef6612a41e494e7d54b6$lut for cells of type $lut.
Using template $paramod$6b7c9c56fc2a32a479d463d5f3b0d3f4673b67f1$lut for cells of type $lut.
Using template $paramod$f65af1b660a013aeaba9a5dc41e6bdede642e3c3$lut for cells of type $lut.
Using template $paramod$lut\WIDTH=32'00000000000000000000000000000010\LUT=4'0100 for cells of type $lut.
Using template $paramod$lut\WIDTH=32'00000000000000000000000000000011\LUT=8'00000001 for cells of type $lut.
Using template $paramod$2955ab75367a3dc9d6f50d3655eebcd4f615031f$lut for cells of type $lut.
Using template $paramod$lut\WIDTH=32'00000000000000000000000000000011\LUT=8'01000000 for cells of type $lut.
Using template $paramod$d6a246575d0ba3dcbbccd768ad41b602f82ff057$lut for cells of type $lut.
Using template $paramod$ab2e45f7a350a5d7d54d88d8019d5256ae32568f$lut for cells of type $lut.
Using template $paramod$9ea238b3c4036add2bd96e5aaac8768e1ad77c5a$lut for cells of type $lut.
Using template $paramod$lut\WIDTH=32'00000000000000000000000000000011\LUT=8'00101000 for cells of type $lut.
Using template $paramod$lut\WIDTH=32'00000000000000000000000000000010\LUT=4'1011 for cells of type $lut.
Using template $paramod$lut\WIDTH=32'00000000000000000000000000000011\LUT=8'01111111 for cells of type $lut.
Using template $paramod$lut\WIDTH=32'00000000000000000000000000000011\LUT=8'10101000 for cells of type $lut.
Using template $paramod$d21d214a5aa271f2d9da3f90f22432c0ecee130f$lut for cells of type $lut.
Using template $paramod$lut\WIDTH=32'00000000000000000000000000000011\LUT=8'00101010 for cells of type $lut.
Using template $paramod$373d637619c29cb9150902df9528107e5f3b8288$lut for cells of type $lut.
Using template $paramod$52acd744af558b1acd7f06b0e1d721506b042b9b$lut for cells of type $lut.
Using template $paramod$lut\WIDTH=32'00000000000000000000000000000011\LUT=8'00010101 for cells of type $lut.
Using template $paramod$f85f1073c412d406200a6a72283f918c8b751314$lut for cells of type $lut.
Using template $paramod$c07d61aaf1d93e15249de987e8fd0ca391dbd52a$lut for cells of type $lut.
Using template $paramod$5348912da867a611a8088b6b8b27a62d65f1de6e$lut for cells of type $lut.
Using template $paramod$5e9374f44a27c3f8a1c38af244ec43ceb4fb8d4f$lut for cells of type $lut.
Using template $paramod$0f7e0fd96f1b2bf89010382d483d3f70eb805e0e$lut for cells of type $lut.
Using template $paramod$lut\WIDTH=32'00000000000000000000000000000011\LUT=8'10110000 for cells of type $lut.
Using template $paramod$lut\WIDTH=32'00000000000000000000000000000011\LUT=8'00010000 for cells of type $lut.
Using template $paramod$lut\WIDTH=32'00000000000000000000000000000011\LUT=8'00001101 for cells of type $lut.
Using template $paramod$lut\WIDTH=32'00000000000000000000000000000011\LUT=8'11000100 for cells of type $lut.
Using template $paramod$b93d1ea7a612a32c185108f67a153d44ffb9aac2$lut for cells of type $lut.
Using template $paramod$baa9d2fb2d21010939721b85aa9f11effe0b53c4$lut for cells of type $lut.
Using template $paramod$6c22e4c9acd607e1249c5e3017b6703f378da140$lut for cells of type $lut.
Using template $paramod$651e836885d95717c36e69441422c3fe04ee5f4d$lut for cells of type $lut.
Using template $paramod$161491d8314cab9d5d32db4aa31f31f4ef4f6dc6$lut for cells of type $lut.
Using template $paramod$lut\WIDTH=32'00000000000000000000000000000010\LUT=4'0111 for cells of type $lut.
Using template $paramod$lut\WIDTH=32'00000000000000000000000000000011\LUT=8'00000010 for cells of type $lut.
Using template $paramod$658b9ed803f0d3d335616d3858b53e0a2522f1e8$lut for cells of type $lut.
Using template $paramod$f840a6057f1d372c3e6a8a9fa5382749feb221f5$lut for cells of type $lut.
Using template $paramod$cad45b6c9da81941161a13849773fe2ed4bc1c6f$lut for cells of type $lut.
Using template $paramod$fca001e3e0b52158a872e76e56c01ec10dfbb1de$lut for cells of type $lut.
Using template $paramod$303607065f6eb15d8928442960164bdd7e8c8c39$lut for cells of type $lut.
Using template $paramod$bf80ab5b82bc1c590371914612ed4ab80a2743a3$lut for cells of type $lut.
Using template $paramod$f610396a8c1614f373f4d73e3d1e988bc93e396c$lut for cells of type $lut.
Using template $paramod$d7c634c964a868577f926c0690c937ab5b147f6e$lut for cells of type $lut.
Using template $paramod$f6205ea4d16154fcc0de4d21dff0bd55a57f1ba0$lut for cells of type $lut.
Using template $paramod$9dd298ae76fb41ac94779a83c068607fbc09ce4f$lut for cells of type $lut.
Using template $paramod$101238f3d8d49ab12a9b49a2f01cd503b26e9c61$lut for cells of type $lut.
Using template $paramod$6e238df02989b317f10820a22773676e71120644$lut for cells of type $lut.
Using template $paramod$35d201d5d13b0689930fb454a340191997b0e867$lut for cells of type $lut.
Using template $paramod$620586420e818d3afa7e5b51fcf19f5c6ea83ad4$lut for cells of type $lut.
Using template $paramod$769bdbbde83614df0f4ab5f54e777ded51bb10ce$lut for cells of type $lut.
Using template $paramod$lut\WIDTH=32'00000000000000000000000000000010\LUT=4'1110 for cells of type $lut.
Using template $paramod$c3d2b1ca136b61a4c0de563fc4d3f82c9bc2587b$lut for cells of type $lut.
Using template $paramod$lut\WIDTH=32'00000000000000000000000000000011\LUT=8'00000100 for cells of type $lut.
Using template $paramod$272652f6c6fbe9a75eff76e45cc7e2788835518b$lut for cells of type $lut.
Using template $paramod$6d6beead1425af15cf78b27fd9b11b41b5d4bce8$lut for cells of type $lut.
Using template $paramod$lut\WIDTH=32'00000000000000000000000000000011\LUT=8'11111101 for cells of type $lut.
Using template $paramod$176a6ceafa512d807921d7dfc76320dfbbfb5fe4$lut for cells of type $lut.
Using template $paramod$5b4b4ed558983d9f3ab4c896a7a011d129b0db9a$lut for cells of type $lut.
Using template $paramod$lut\WIDTH=32'00000000000000000000000000000011\LUT=8'11110010 for cells of type $lut.
Using template $paramod$06e62c2045624c211a1abe4f2f36c8f22c688165$lut for cells of type $lut.
Using template $paramod$eff2fb650689ee612e284598807b6d9d9dbfb192$lut for cells of type $lut.
Using template $paramod$61e71a6b219041f218388451735d309581e08c5a$lut for cells of type $lut.
Using template $paramod$9d86735a665af3c1da46d993ca9fb8a1a8b4a873$lut for cells of type $lut.
Using template $paramod$19f568890ed784cb1efc3ce1b67eed20a6c54d9a$lut for cells of type $lut.
Using template $paramod$lut\WIDTH=32'00000000000000000000000000000011\LUT=8'00010011 for cells of type $lut.
Using template $paramod$bba54c1ef87367812b4c15f4aed5ac70773df775$lut for cells of type $lut.
Using template $paramod$lut\WIDTH=32'00000000000000000000000000000011\LUT=8'01001100 for cells of type $lut.
Using template $paramod$3ae9f1cda205b669870c653a21d45eee50078e98$lut for cells of type $lut.
Using template $paramod$b4f85a6321a00b090afc4e21d68e7b99eb94d149$lut for cells of type $lut.
Using template $paramod$4853050665c020c8d21fb1a749196950a09d9df8$lut for cells of type $lut.
Using template $paramod$8f7210088a40da1859d27e900c288fd298d68bed$lut for cells of type $lut.
Using template $paramod$ab8bb87959c5d7cfa27886cee1355b38e054a61a$lut for cells of type $lut.
Using template $paramod$6c51c1ba6c39f0c09b896d52432b366f116bd3c1$lut for cells of type $lut.
Using template $paramod$f24ba3ced4b870f8e829f5ac5a8af88573350e6f$lut for cells of type $lut.
Using template $paramod$54a853cac0e65b945d96d7dd0e9cca8bb9f3a21e$lut for cells of type $lut.
Using template $paramod$3a0a392069bc969f34c65c546a8c56fbbb67e282$lut for cells of type $lut.
Using template $paramod$9891217114ca63a6e9d48073351d843bb1d46faf$lut for cells of type $lut.
Using template $paramod$d1dc785fc5b97e7bec2be30ee7302c8cf250ad22$lut for cells of type $lut.
Using template $paramod$fe0977701b8bdf4fefe979a9c12e84d2dcaa2920$lut for cells of type $lut.
Using template $paramod$46d981b5eabc08c1691f743d7a017e4435316de4$lut for cells of type $lut.
Using template $paramod$81d8a60fd95b1a9f9ef71c12a774ae6988cb9fd5$lut for cells of type $lut.
Using template $paramod$e0286d7bdebdb6346cb367bb1962e01892ba2e32$lut for cells of type $lut.
Using template $paramod$9c785b3a75e4eddec594b0ca2984e9fe6270c4ca$lut for cells of type $lut.
Using template $paramod$lut\WIDTH=32'00000000000000000000000000000011\LUT=8'10001010 for cells of type $lut.
Using template $paramod$350d8d88d87e211b8de9a80b9d98b8b82cf8b81e$lut for cells of type $lut.
Using template $paramod$712505941a295086314c22735153725461a87f4a$lut for cells of type $lut.
Using template $paramod$lut\WIDTH=32'00000000000000000000000000000011\LUT=8'10100010 for cells of type $lut.
Using template $paramod$432f26b811c14bf54c5e87c8670ec65cbcaf38ac$lut for cells of type $lut.
Using template $paramod$bea08a495d16293f8cc454a45845d26cde0762b6$lut for cells of type $lut.
Using template $paramod$1816ab9d89d34338423e92baed3cee854d70815a$lut for cells of type $lut.
Using template $paramod$ea9d5c848e3d708b8273d8120dd279695201546c$lut for cells of type $lut.
Using template $paramod$734cd1512f671d92bc4f41153da0d9781801dd98$lut for cells of type $lut.
Using template $paramod$lut\WIDTH=32'00000000000000000000000000000001\LUT=2'01 for cells of type $lut.
Using template $paramod$5dd010b8b6611f480d8479d5a73c697bd413c5b6$lut for cells of type $lut.
Using template $paramod$097592bb16245531f0716c5ddb18d7090f9c7d9d$lut for cells of type $lut.
Using template $paramod$608f40069c27841a5b3bdf03643a34bdc8974072$lut for cells of type $lut.
Using template $paramod$f9e6b8c8bbaa4b164a91075c553341d15958d0ba$lut for cells of type $lut.
Using template $paramod$lut\WIDTH=32'00000000000000000000000000000011\LUT=8'00101110 for cells of type $lut.
Using template $paramod$lut\WIDTH=32'00000000000000000000000000000011\LUT=8'11001010 for cells of type $lut.
Using template $paramod$lut\WIDTH=32'00000000000000000000000000000011\LUT=8'11000101 for cells of type $lut.
Using template $paramod$37c9af120c85145419565a9ccf4ceb7397fbbe92$lut for cells of type $lut.
Using template $paramod$c28a8b7ce0535d090c4cfb52e9c74affd52b110c$lut for cells of type $lut.
Using template $paramod$0d02639ff7a7fe21efef440b14cf876c2a00222a$lut for cells of type $lut.
Using template $paramod$7774d867e241b9d13ea2e7c487d7a8070c92fdf3$lut for cells of type $lut.
No more expansions possible.
<suppressed ~4193 debug messages>
Removed 0 unused cells and 6267 unused wires.

19.48. Executing AUTONAME pass.
Renamed 6024 objects in module minirisc_ice40_top.
<suppressed ~6024 debug messages>

19.49. Executing HIERARCHY pass (managing design hierarchy).
Attribute `top' found on module `minirisc_ice40_top'. Setting top module to minirisc_ice40_top.

19.49.1. Analyzing design hierarchy..
Top module:  \minirisc_ice40_top

19.49.2. Analyzing design hierarchy..
Top module:  \minirisc_ice40_top
Removed 0 unused modules.

19.50. Printing statistics.

=== minirisc_ice40_top ===

        +----------Local Count, excluding submodules.
        | 
     1635 wires
     6132 wire bits
     1635 public wires
     6132 public wire bits
        4 ports
       11 port bits
       15 cells
       14   $scopeinfo
        1   SB_RAM40_4K
     4733 submodules
       51   SB_CARRY
       10   SB_DFF
     2048   SB_DFFE
       83   SB_DFFESR
        1   SB_DFFESS
        2   SB_DFFS
       38   SB_DFFSR
     2500   SB_LUT4

=== design hierarchy ===

        +----------Count including submodules.
        | 
       15 minirisc_ice40_top

        +----------Count including submodules.
        | 
     1635 wires
     6132 wire bits
     1635 public wires
     6132 public wire bits
        4 ports
       11 port bits
        - memories
        - memory bits
        - processes
       15 cells
       14   $scopeinfo
        1   SB_RAM40_4K
     4733 submodules
       51   SB_CARRY
       10   SB_DFF
     2048   SB_DFFE
       83   SB_DFFESR
        1   SB_DFFESS
        2   SB_DFFS
       38   SB_DFFSR
     2500   SB_LUT4

19.51. Executing CHECK pass (checking for obvious problems).
Checking module minirisc_ice40_top...
Found and reported 0 problems.

19.52. Executing JSON backend.

20. Printing statistics.

=== minirisc_ice40_top ===

        +----------Local Count, excluding submodules.
        | 
     1635 wires
     6132 wire bits
     1635 public wires
     6132 public wire bits
        4 ports
       11 port bits
     4748 cells
       14   $scopeinfo
       51   SB_CARRY
       10   SB_DFF
     2048   SB_DFFE
       83   SB_DFFESR
        1   SB_DFFESS
        2   SB_DFFS
       38   SB_DFFSR
     2500   SB_LUT4
        1   SB_RAM40_4K

End of script. Logfile hash: a91720dc91, time: 2.30s, user: 1.18s, system: 0.04s, MEM: 87.17 MB peak
Yosys 0.68+post (git sha1 c12172fbae8af5e20f6fb52e3d4e92d56ed587b6, Release, AppleClang clang++ 21.0.0.21000101)
Time spent: 46% 1x abc9_exe (1 sec), 15% 11x techmap (0 sec), ...
